# This file uses centimeters as units for non-parametric coordinates.

mtllib couette_obj.mtl
g default
v -0.419829 10.973235 1.630406
v -0.335863 10.973235 1.630406
v -0.251897 10.973235 1.630406
v -0.167932 10.973235 1.630406
v -0.083966 10.973235 1.630406
v 0.000000 10.973235 1.630406
v 0.083966 10.973235 1.630406
v 0.167932 10.973235 1.630406
v 0.251897 10.973235 1.630406
v 0.335863 10.973235 1.630406
v 0.419829 10.973235 1.630406
v -0.419829 10.973235 1.539147
v -0.335863 10.973235 1.539147
v -0.251897 10.973235 1.539147
v -0.167932 10.973235 1.539147
v -0.083966 10.973235 1.539147
v 0.000000 10.973235 1.539147
v 0.083966 10.973235 1.539147
v 0.167932 10.973235 1.539147
v 0.251897 10.973235 1.539147
v 0.335863 10.973235 1.539147
v 0.419829 10.973235 1.539147
v -0.419829 10.973235 1.447887
v -0.335863 10.973235 1.447887
v -0.251897 10.973235 1.447887
v -0.167932 10.973235 1.447887
v -0.083966 10.973235 1.447887
v 0.000000 10.973235 1.447887
v 0.083966 10.973235 1.447887
v 0.167932 10.973235 1.447887
v 0.251897 10.973235 1.447887
v 0.335863 10.973235 1.447887
v 0.419829 10.973235 1.447887
v -0.419829 10.973235 1.356628
v -0.335863 10.973235 1.356628
v -0.251897 10.973235 1.356628
v -0.167932 10.973235 1.356628
v -0.083966 10.973235 1.356628
v 0.000000 10.973235 1.356628
v 0.083966 10.973235 1.356628
v 0.167932 10.973235 1.356628
v 0.251897 10.973235 1.356628
v 0.335863 10.973235 1.356628
v 0.419829 10.973235 1.356628
v -0.419829 10.973235 1.265369
v -0.335863 10.973235 1.265369
v -0.251897 10.973235 1.265369
v -0.167932 10.973235 1.265369
v -0.083966 10.973235 1.265369
v 0.000000 10.973235 1.265369
v 0.083966 10.973235 1.265369
v 0.167932 10.973235 1.265369
v 0.251897 10.973235 1.265369
v 0.335863 10.973235 1.265369
v 0.419829 10.973235 1.265369
v -0.419829 10.973235 1.174109
v -0.335863 10.973235 1.174109
v -0.251897 10.973235 1.174109
v -0.167932 10.973235 1.174109
v -0.083966 10.973235 1.174109
v 0.000000 10.973235 1.174109
v 0.083966 10.973235 1.174109
v 0.167932 10.973235 1.174109
v 0.251897 10.973235 1.174109
v 0.335863 10.973235 1.174109
v 0.419829 10.973235 1.174109
v -0.419829 10.973235 1.082850
v -0.335863 10.973235 1.082850
v -0.251897 10.973235 1.082850
v -0.167932 10.973235 1.082850
v -0.083966 10.973235 1.082850
v 0.000000 10.973235 1.082850
v 0.083966 10.973235 1.082850
v 0.167932 10.973235 1.082850
v 0.251897 10.973235 1.082850
v 0.335863 10.973235 1.082850
v 0.419829 10.973235 1.082850
v -0.419829 10.973235 0.991591
v -0.335863 10.973235 0.991591
v -0.251897 10.973235 0.991591
v -0.167932 10.973235 0.991591
v -0.083966 10.973235 0.991591
v 0.000000 10.973235 0.991591
v 0.083966 10.973235 0.991591
v 0.167932 10.973235 0.991591
v 0.251897 10.973235 0.991591
v 0.335863 10.973235 0.991591
v 0.419829 10.973235 0.991591
v -0.419829 10.973235 0.900332
v -0.335863 10.973235 0.900332
v -0.251897 10.973235 0.900332
v -0.167932 10.973235 0.900332
v -0.083966 10.973235 0.900332
v 0.000000 10.973235 0.900332
v 0.083966 10.973235 0.900332
v 0.167932 10.973235 0.900332
v 0.251897 10.973235 0.900332
v 0.335863 10.973235 0.900332
v 0.419829 10.973235 0.900332
v -0.419829 10.973235 0.809072
v -0.335863 10.973235 0.809072
v -0.251897 10.973235 0.809072
v -0.167932 10.973235 0.809072
v -0.083966 10.973235 0.809072
v 0.000000 10.973235 0.809072
v 0.083966 10.973235 0.809072
v 0.167932 10.973235 0.809072
v 0.251897 10.973235 0.809072
v 0.335863 10.973235 0.809072
v 0.419829 10.973235 0.809072
v -0.419829 10.973235 0.717813
v -0.335863 10.973235 0.717813
v -0.251897 10.973235 0.717813
v -0.167932 10.973235 0.717813
v -0.083966 10.973235 0.717813
v 0.000000 10.973235 0.717813
v 0.083966 10.973235 0.717813
v 0.167932 10.973235 0.717813
v 0.251897 10.973235 0.717813
v 0.335863 10.973235 0.717813
v 0.419829 10.973235 0.717813
v -0.377846 10.973235 1.584777
v -0.377846 10.973235 1.630406
v -0.335863 10.973235 1.584776
v -0.377846 10.973235 1.539147
v -0.419829 10.973235 1.584776
v -0.293880 10.973235 1.584777
v -0.293880 10.973235 1.630406
v -0.251897 10.973235 1.584776
v -0.293880 10.973235 1.539147
v -0.209914 10.973235 1.584776
v -0.209914 10.973235 1.630406
v -0.167932 10.973235 1.584776
v -0.209914 10.973235 1.539147
v -0.125949 10.973235 1.584777
v -0.125949 10.973235 1.630406
v -0.083966 10.973235 1.584776
v -0.125949 10.973235 1.539147
v -0.041983 10.973235 1.584777
v -0.041983 10.973235 1.630406
v 0.000000 10.973235 1.584776
v -0.041983 10.973235 1.539147
v 0.041983 10.973235 1.584776
v 0.041983 10.973235 1.630406
v 0.083966 10.973235 1.584776
v 0.041983 10.973235 1.539147
v 0.125949 10.973235 1.584776
v 0.125949 10.973235 1.630406
v 0.167932 10.973235 1.584776
v 0.125949 10.973235 1.539147
v 0.209914 10.973235 1.584776
v 0.209914 10.973235 1.630406
v 0.251897 10.973235 1.584776
v 0.209914 10.973235 1.539147
v 0.293880 10.973235 1.584776
v 0.293880 10.973235 1.630406
v 0.335863 10.973235 1.584776
v 0.293880 10.973235 1.539147
v 0.377846 10.973235 1.584776
v 0.377846 10.973235 1.630406
v 0.419829 10.973235 1.584776
v 0.377846 10.973235 1.539147
v -0.377846 10.973235 1.493517
v -0.335863 10.973235 1.493517
v -0.377846 10.973235 1.447887
v -0.419829 10.973235 1.493517
v -0.293880 10.973235 1.493517
v -0.251897 10.973235 1.493517
v -0.293880 10.973235 1.447887
v -0.209914 10.973235 1.493517
v -0.167932 10.973235 1.493517
v -0.209914 10.973235 1.447887
v -0.125949 10.973235 1.493517
v -0.083966 10.973235 1.493517
v -0.125949 10.973235 1.447887
v -0.041983 10.973235 1.493517
v 0.000000 10.973235 1.493517
v -0.041983 10.973235 1.447887
v 0.041983 10.973235 1.493517
v 0.083966 10.973235 1.493517
v 0.041983 10.973235 1.447887
v 0.125949 10.973235 1.493517
v 0.167932 10.973235 1.493517
v 0.125949 10.973235 1.447887
v 0.209914 10.973235 1.493517
v 0.251897 10.973235 1.493517
v 0.209914 10.973235 1.447887
v 0.293880 10.973235 1.493517
v 0.335863 10.973235 1.493517
v 0.293880 10.973235 1.447887
v 0.377846 10.973235 1.493517
v 0.419829 10.973235 1.493517
v 0.377846 10.973235 1.447887
v -0.377846 10.973235 1.402258
v -0.335863 10.973235 1.402258
v -0.377846 10.973235 1.356628
v -0.419829 10.973235 1.402258
v -0.293880 10.973235 1.402258
v -0.251897 10.973235 1.402258
v -0.293880 10.973235 1.356628
v -0.209914 10.973235 1.402258
v -0.167932 10.973235 1.402258
v -0.209914 10.973235 1.356628
v -0.125949 10.973235 1.402258
v -0.083966 10.973235 1.402258
v -0.125949 10.973235 1.356628
v -0.041983 10.973235 1.402258
v 0.000000 10.973235 1.402258
v -0.041983 10.973235 1.356628
v 0.041983 10.973235 1.402258
v 0.083966 10.973235 1.402258
v 0.041983 10.973235 1.356628
v 0.125949 10.973235 1.402258
v 0.167932 10.973235 1.402258
v 0.125949 10.973235 1.356628
v 0.209914 10.973235 1.402258
v 0.251897 10.973235 1.402258
v 0.209914 10.973235 1.356628
v 0.293880 10.973235 1.402258
v 0.335863 10.973235 1.402258
v 0.293880 10.973235 1.356628
v 0.377846 10.973235 1.402258
v 0.419829 10.973235 1.402258
v 0.377846 10.973235 1.356628
v -0.377846 10.973235 1.310998
v -0.335863 10.973235 1.310998
v -0.377846 10.973235 1.265369
v -0.419829 10.973235 1.310998
v -0.293880 10.973235 1.310998
v -0.251897 10.973235 1.310998
v -0.293880 10.973235 1.265369
v -0.209914 10.973235 1.310998
v -0.167932 10.973235 1.310998
v -0.209914 10.973235 1.265369
v -0.125949 10.973235 1.310998
v -0.083966 10.973235 1.310998
v -0.125949 10.973235 1.265369
v -0.041983 10.973235 1.310998
v 0.000000 10.973235 1.310998
v -0.041983 10.973235 1.265369
v 0.041983 10.973235 1.310998
v 0.083966 10.973235 1.310998
v 0.041983 10.973235 1.265369
v 0.125949 10.973235 1.310998
v 0.167932 10.973235 1.310998
v 0.125949 10.973235 1.265369
v 0.209914 10.973235 1.310998
v 0.251897 10.973235 1.310998
v 0.209914 10.973235 1.265369
v 0.293880 10.973235 1.310998
v 0.335863 10.973235 1.310998
v 0.293880 10.973235 1.265369
v 0.377846 10.973235 1.310998
v 0.419829 10.973235 1.310998
v 0.377846 10.973235 1.265369
v -0.377846 10.973235 1.219739
v -0.335863 10.973235 1.219739
v -0.377846 10.973235 1.174109
v -0.419829 10.973235 1.219739
v -0.293880 10.973235 1.219739
v -0.251897 10.973235 1.219739
v -0.293880 10.973235 1.174109
v -0.209914 10.973235 1.219739
v -0.167932 10.973235 1.219739
v -0.209914 10.973235 1.174109
v -0.125949 10.973235 1.219739
v -0.083966 10.973235 1.219739
v -0.125949 10.973235 1.174109
v -0.041983 10.973235 1.219739
v 0.000000 10.973235 1.219739
v -0.041983 10.973235 1.174109
v 0.041983 10.973235 1.219739
v 0.083966 10.973235 1.219739
v 0.041983 10.973235 1.174109
v 0.125949 10.973235 1.219739
v 0.167932 10.973235 1.219739
v 0.125949 10.973235 1.174109
v 0.209914 10.973235 1.219739
v 0.251897 10.973235 1.219739
v 0.209914 10.973235 1.174109
v 0.293880 10.973235 1.219739
v 0.335863 10.973235 1.219739
v 0.293880 10.973235 1.174109
v 0.377846 10.973235 1.219739
v 0.419829 10.973235 1.219739
v 0.377846 10.973235 1.174109
v -0.377846 10.973235 1.128480
v -0.335863 10.973235 1.128480
v -0.377846 10.973235 1.082850
v -0.419829 10.973235 1.128480
v -0.293880 10.973235 1.128480
v -0.251897 10.973235 1.128480
v -0.293880 10.973235 1.082850
v -0.209914 10.973235 1.128480
v -0.167932 10.973235 1.128480
v -0.209914 10.973235 1.082850
v -0.125949 10.973235 1.128480
v -0.083966 10.973235 1.128480
v -0.125949 10.973235 1.082850
v -0.041983 10.973235 1.128480
v 0.000000 10.973235 1.128480
v -0.041983 10.973235 1.082850
v 0.041983 10.973235 1.128480
v 0.083966 10.973235 1.128480
v 0.041983 10.973235 1.082850
v 0.125949 10.973235 1.128480
v 0.167932 10.973235 1.128480
v 0.125949 10.973235 1.082850
v 0.209914 10.973235 1.128480
v 0.251897 10.973235 1.128480
v 0.209914 10.973235 1.082850
v 0.293880 10.973235 1.128480
v 0.335863 10.973235 1.128480
v 0.293880 10.973235 1.082850
v 0.377846 10.973235 1.128480
v 0.419829 10.973235 1.128480
v 0.377846 10.973235 1.082850
v -0.377846 10.973235 1.037221
v -0.335863 10.973235 1.037221
v -0.377846 10.973235 0.991591
v -0.419829 10.973235 1.037221
v -0.293880 10.973235 1.037221
v -0.251897 10.973235 1.037221
v -0.293880 10.973235 0.991591
v -0.209914 10.973235 1.037221
v -0.167932 10.973235 1.037221
v -0.209914 10.973235 0.991591
v -0.125949 10.973235 1.037221
v -0.083966 10.973235 1.037221
v -0.125949 10.973235 0.991591
v -0.041983 10.973235 1.037221
v 0.000000 10.973235 1.037221
v -0.041983 10.973235 0.991591
v 0.041983 10.973235 1.037221
v 0.083966 10.973235 1.037221
v 0.041983 10.973235 0.991591
v 0.125949 10.973235 1.037221
v 0.167932 10.973235 1.037221
v 0.125949 10.973235 0.991591
v 0.209914 10.973235 1.037221
v 0.251897 10.973235 1.037221
v 0.209914 10.973235 0.991591
v 0.293880 10.973235 1.037221
v 0.335863 10.973235 1.037221
v 0.293880 10.973235 0.991591
v 0.377846 10.973235 1.037221
v 0.419829 10.973235 1.037221
v 0.377846 10.973235 0.991591
v -0.377846 10.973235 0.945961
v -0.335863 10.973235 0.945961
v -0.377846 10.973235 0.900332
v -0.419829 10.973235 0.945961
v -0.293880 10.973235 0.945961
v -0.251897 10.973235 0.945961
v -0.293880 10.973235 0.900332
v -0.209914 10.973235 0.945961
v -0.167932 10.973235 0.945961
v -0.209914 10.973235 0.900332
v -0.125949 10.973235 0.945961
v -0.083966 10.973235 0.945961
v -0.125949 10.973235 0.900332
v -0.041983 10.973235 0.945961
v 0.000000 10.973235 0.945961
v -0.041983 10.973235 0.900332
v 0.041983 10.973235 0.945961
v 0.083966 10.973235 0.945961
v 0.041983 10.973235 0.900332
v 0.125949 10.973235 0.945961
v 0.167932 10.973235 0.945961
v 0.125949 10.973235 0.900332
v 0.209914 10.973235 0.945961
v 0.251897 10.973235 0.945961
v 0.209914 10.973235 0.900332
v 0.293880 10.973235 0.945961
v 0.335863 10.973235 0.945961
v 0.293880 10.973235 0.900332
v 0.377846 10.973235 0.945961
v 0.419829 10.973235 0.945961
v 0.377846 10.973235 0.900332
v -0.377846 10.973235 0.854702
v -0.335863 10.973235 0.854702
v -0.377846 10.973235 0.809072
v -0.419829 10.973235 0.854702
v -0.293880 10.973235 0.854702
v -0.251897 10.973235 0.854702
v -0.293880 10.973235 0.809072
v -0.209914 10.973235 0.854702
v -0.167932 10.973235 0.854702
v -0.209914 10.973235 0.809072
v -0.125949 10.973235 0.854702
v -0.083966 10.973235 0.854702
v -0.125949 10.973235 0.809072
v -0.041983 10.973235 0.854702
v 0.000000 10.973235 0.854702
v -0.041983 10.973235 0.809072
v 0.041983 10.973235 0.854702
v 0.083966 10.973235 0.854702
v 0.041983 10.973235 0.809072
v 0.125949 10.973235 0.854702
v 0.167932 10.973235 0.854702
v 0.125949 10.973235 0.809072
v 0.209914 10.973235 0.854702
v 0.251897 10.973235 0.854702
v 0.209914 10.973235 0.809072
v 0.293880 10.973235 0.854702
v 0.335863 10.973235 0.854702
v 0.293880 10.973235 0.809072
v 0.377846 10.973235 0.854702
v 0.419829 10.973235 0.854702
v 0.377846 10.973235 0.809072
v -0.377846 10.973235 0.763443
v -0.335863 10.973235 0.763443
v -0.377846 10.973235 0.717813
v -0.419829 10.973235 0.763443
v -0.293880 10.973235 0.763443
v -0.251897 10.973235 0.763443
v -0.293880 10.973235 0.717813
v -0.209914 10.973235 0.763443
v -0.167932 10.973235 0.763443
v -0.209914 10.973235 0.717813
v -0.125949 10.973235 0.763443
v -0.083966 10.973235 0.763443
v -0.125949 10.973235 0.717813
v -0.041983 10.973235 0.763443
v 0.000000 10.973235 0.763443
v -0.041983 10.973235 0.717813
v 0.041983 10.973235 0.763443
v 0.083966 10.973235 0.763443
v 0.041983 10.973235 0.717813
v 0.125949 10.973235 0.763443
v 0.167932 10.973235 0.763443
v 0.125949 10.973235 0.717813
v 0.209914 10.973235 0.763443
v 0.251897 10.973235 0.763443
v 0.209914 10.973235 0.717813
v 0.293880 10.973235 0.763443
v 0.335863 10.973235 0.763443
v 0.293880 10.973235 0.717813
v 0.377846 10.973235 0.763443
v 0.419829 10.973235 0.763443
v 0.377846 10.973235 0.717813
v -0.419829 18.363951 1.630406
v -0.419829 18.363951 1.584776
v -0.377846 18.363951 1.630406
v -0.377846 18.363951 1.584777
v -0.335863 18.363951 1.630406
v -0.335863 18.363951 1.584776
v -0.293880 18.363951 1.630406
v -0.293880 18.363951 1.584777
v -0.251897 18.363951 1.630406
v -0.251897 18.363951 1.584776
v -0.209914 18.363951 1.630406
v -0.209914 18.363951 1.584776
v -0.167932 18.363951 1.630406
v -0.167932 18.363951 1.584776
v -0.125949 18.363951 1.630406
v -0.125949 18.363951 1.584777
v -0.083966 18.363951 1.630406
v -0.083966 18.363951 1.584776
v -0.041983 18.363951 1.630406
v -0.041983 18.363951 1.584776
v 0.000000 18.363951 1.630406
v 0.000000 18.363951 1.584776
v 0.041983 18.363951 1.630406
v 0.041983 18.363951 1.584776
v 0.083966 18.363951 1.630406
v 0.083966 18.363951 1.584777
v 0.125949 18.363951 1.630407
v 0.125949 18.363951 1.584777
v 0.167932 18.363951 1.630407
v 0.167932 18.363951 1.584777
v 0.209914 18.363951 1.630406
v 0.209914 18.363951 1.584776
v 0.251897 18.363951 1.630406
v 0.251897 18.363951 1.584776
v 0.293880 18.363951 1.630405
v 0.293880 18.363951 1.584776
v 0.335863 18.363951 1.630405
v 0.335863 18.363951 1.584776
v 0.377846 18.363951 1.630406
v 0.377846 18.363951 1.584776
v -0.419829 18.363951 1.539147
v -0.419829 18.363951 1.493517
v -0.377846 18.363951 1.539147
v -0.377846 18.363951 1.493517
v -0.335863 18.363951 1.539147
v -0.335863 18.363951 1.493517
v -0.293880 18.363951 1.539147
v -0.293880 18.363951 1.493517
v -0.251897 18.363951 1.539147
v -0.251897 18.363951 1.493517
v -0.209914 18.363951 1.539147
v -0.209914 18.363951 1.493517
v -0.167932 18.363951 1.539147
v -0.167932 18.363951 1.493517
v -0.125949 18.363951 1.539147
v -0.125949 18.363951 1.493517
v -0.083966 18.363951 1.539147
v -0.083966 18.363951 1.493517
v -0.041983 18.363951 1.539146
v -0.041983 18.363951 1.493517
v 0.000000 18.363951 1.539147
v 0.000000 18.363951 1.493517
v 0.041983 18.363951 1.539147
v 0.041983 18.363951 1.493517
v 0.083966 18.363951 1.539147
v 0.083966 18.363951 1.493517
v 0.125949 18.363951 1.539147
v 0.125949 18.363951 1.493518
v 0.167932 18.363951 1.539147
v 0.167932 18.363951 1.493517
v 0.209914 18.363951 1.539147
v 0.209914 18.363951 1.493517
v 0.251897 18.363951 1.539146
v 0.251897 18.363951 1.493517
v 0.293880 18.363951 1.539146
v 0.293880 18.363951 1.493516
v 0.335863 18.363951 1.539146
v 0.335863 18.363951 1.493517
v 0.377846 18.363951 1.539147
v 0.377846 18.363951 1.493517
v -0.419829 18.363951 1.447887
v -0.419829 18.363951 1.402258
v -0.377846 18.363951 1.447887
v -0.377846 18.363951 1.402258
v -0.335863 18.363951 1.447887
v -0.335863 18.363951 1.402257
v -0.293880 18.363951 1.447887
v -0.293880 18.363951 1.402257
v -0.251897 18.363951 1.447887
v -0.251897 18.363951 1.402257
v -0.209914 18.363951 1.447887
v -0.209914 18.363951 1.402258
v -0.167932 18.363951 1.447887
v -0.167932 18.363951 1.402258
v -0.125949 18.363951 1.447887
v -0.125949 18.363951 1.402257
v -0.083966 18.363951 1.447887
v -0.083966 18.363951 1.402258
v -0.041983 18.363951 1.447887
v -0.041983 18.363951 1.402259
v 0.000000 18.363951 1.447888
v 0.000000 18.363951 1.402258
v 0.041983 18.363951 1.447887
v 0.041983 18.363951 1.402258
v 0.083966 18.363951 1.447888
v 0.083966 18.363951 1.402258
v 0.125949 18.363951 1.447888
v 0.125949 18.363951 1.402258
v 0.167932 18.363951 1.447887
v 0.167932 18.363951 1.402258
v 0.209914 18.363951 1.447887
v 0.209914 18.363951 1.402258
v 0.251897 18.363951 1.447887
v 0.251897 18.363951 1.402257
v 0.293880 18.363951 1.447887
v 0.293880 18.363951 1.402257
v 0.335863 18.363951 1.447887
v 0.335863 18.363951 1.402257
v 0.377846 18.363951 1.447887
v 0.377846 18.363951 1.402257
v -0.419829 18.363951 1.356628
v -0.419829 18.363951 1.310998
v -0.377846 18.363951 1.356628
v -0.377846 18.363951 1.310998
v -0.335863 18.363951 1.356628
v -0.335863 18.363951 1.310998
v -0.293880 18.363951 1.356628
v -0.293880 18.363951 1.310998
v -0.251897 18.363951 1.356628
v -0.251897 18.363951 1.310998
v -0.209914 18.363951 1.356628
v -0.209914 18.363951 1.310998
v -0.167932 18.363951 1.356628
v -0.167932 18.363951 1.310998
v -0.125949 18.363951 1.356628
v -0.125949 18.363951 1.310998
v -0.083966 18.363951 1.356628
v -0.083966 18.363951 1.310998
v -0.041983 18.363951 1.356628
v -0.041983 18.363951 1.310998
v 0.000000 18.363951 1.356628
v 0.000000 18.363951 1.310998
v 0.041983 18.363951 1.356628
v 0.041983 18.363951 1.310998
v 0.083966 18.363951 1.356628
v 0.083966 18.363951 1.310999
v 0.125949 18.363951 1.356628
v 0.125949 18.363951 1.310999
v 0.167932 18.363951 1.356628
v 0.167932 18.363951 1.310999
v 0.209914 18.363951 1.356628
v 0.209914 18.363951 1.310998
v 0.251897 18.363951 1.356628
v 0.251897 18.363951 1.310998
v 0.293880 18.363951 1.356627
v 0.293880 18.363951 1.310998
v 0.335863 18.363951 1.356627
v 0.335863 18.363951 1.310998
v 0.377846 18.363951 1.356628
v 0.377846 18.363951 1.310998
v -0.419829 18.363951 1.265369
v -0.419829 18.363951 1.219739
v -0.377846 18.363951 1.265369
v -0.377846 18.363951 1.219739
v -0.335863 18.363951 1.265369
v -0.335863 18.363951 1.219739
v -0.293880 18.363951 1.265369
v -0.293880 18.363951 1.219739
v -0.251897 18.363951 1.265369
v -0.251897 18.363951 1.219739
v -0.209914 18.363951 1.265369
v -0.209914 18.363951 1.219739
v -0.167932 18.363951 1.265369
v -0.167932 18.363951 1.219739
v -0.125949 18.363951 1.265369
v -0.125949 18.363951 1.219739
v -0.083966 18.363951 1.265369
v -0.083966 18.363951 1.219739
v -0.041983 18.363951 1.265368
v -0.041983 18.363951 1.219738
v 0.000000 18.363951 1.265369
v 0.000000 18.363951 1.219739
v 0.041983 18.363951 1.265369
v 0.041983 18.363951 1.219739
v 0.083966 18.363951 1.265369
v 0.083966 18.363951 1.219739
v 0.125949 18.363951 1.265369
v 0.125949 18.363951 1.219740
v 0.167932 18.363951 1.265369
v 0.167932 18.363951 1.219739
v 0.209914 18.363951 1.265369
v 0.209914 18.363951 1.219739
v 0.251897 18.363951 1.265368
v 0.251897 18.363951 1.219739
v 0.293880 18.363951 1.265368
v 0.293880 18.363951 1.219738
v 0.335863 18.363951 1.265368
v 0.335863 18.363951 1.219739
v 0.377846 18.363951 1.265369
v 0.377846 18.363951 1.219739
v -0.419829 18.363951 1.174109
v -0.419829 18.363951 1.128480
v -0.377846 18.363951 1.174109
v -0.377846 18.363951 1.128480
v -0.335863 18.363951 1.174109
v -0.335863 18.363951 1.128479
v -0.293880 18.363951 1.174109
v -0.293880 18.363951 1.128479
v -0.251897 18.363951 1.174109
v -0.251897 18.363951 1.128479
v -0.209914 18.363951 1.174109
v -0.209914 18.363951 1.128480
v -0.167932 18.363951 1.174109
v -0.167932 18.363951 1.128480
v -0.125949 18.363951 1.174109
v -0.125949 18.363951 1.128479
v -0.083966 18.363951 1.174109
v -0.083966 18.363951 1.128480
v -0.041983 18.363951 1.174109
v -0.041983 18.363951 1.128481
v 0.000000 18.363951 1.174110
v 0.000000 18.363951 1.128480
v 0.041983 18.363951 1.174109
v 0.041983 18.363951 1.128480
v 0.083966 18.363951 1.174110
v 0.083966 18.363951 1.128480
v 0.125949 18.363951 1.174110
v 0.125949 18.363951 1.128480
v 0.167932 18.363951 1.174109
v 0.167932 18.363951 1.128480
v 0.209914 18.363951 1.174109
v 0.209914 18.363951 1.128480
v 0.251897 18.363951 1.174109
v 0.251897 18.363951 1.128479
v 0.293880 18.363951 1.174109
v 0.293880 18.363951 1.128479
v 0.335863 18.363951 1.174109
v 0.335863 18.363951 1.128479
v 0.377846 18.363951 1.174109
v 0.377846 18.363951 1.128479
v -0.419829 18.363951 1.082850
v -0.419829 18.363951 1.037220
v -0.377846 18.363951 1.082850
v -0.377846 18.363951 1.037220
v -0.335863 18.363951 1.082849
v -0.335863 18.363951 1.037220
v -0.293880 18.363951 1.082849
v -0.293880 18.363951 1.037220
v -0.251897 18.363951 1.082850
v -0.251897 18.363951 1.037220
v -0.209914 18.363951 1.082850
v -0.209914 18.363951 1.037221
v -0.167932 18.363951 1.082850
v -0.167932 18.363951 1.037221
v -0.125949 18.363951 1.082850
v -0.125949 18.363951 1.037221
v -0.083966 18.363951 1.082850
v -0.083966 18.363951 1.037221
v -0.041983 18.363951 1.082851
v -0.041983 18.363951 1.037221
v 0.000000 18.363951 1.082850
v 0.000000 18.363951 1.037221
v 0.041983 18.363951 1.082850
v 0.041983 18.363951 1.037221
v 0.083966 18.363951 1.082850
v 0.083966 18.363951 1.037221
v 0.125949 18.363951 1.082850
v 0.125949 18.363951 1.037221
v 0.167932 18.363951 1.082850
v 0.167932 18.363951 1.037221
v 0.209914 18.363951 1.082850
v 0.209914 18.363951 1.037221
v 0.251897 18.363951 1.082850
v 0.251897 18.363951 1.037221
v 0.293880 18.363951 1.082850
v 0.293880 18.363951 1.037221
v 0.335863 18.363951 1.082850
v 0.335863 18.363951 1.037220
v 0.377846 18.363951 1.082849
v 0.377846 18.363951 1.037220
v -0.419829 18.363951 0.991590
v -0.419829 18.363951 0.945961
v -0.377846 18.363951 0.991590
v -0.377846 18.363951 0.945961
v -0.335863 18.363951 0.991590
v -0.335863 18.363951 0.945961
v -0.293880 18.363951 0.991590
v -0.293880 18.363951 0.945960
v -0.251897 18.363951 0.991590
v -0.251897 18.363951 0.945961
v -0.209914 18.363951 0.991591
v -0.209914 18.363951 0.945961
v -0.167932 18.363951 0.991591
v -0.167932 18.363951 0.945961
v -0.125949 18.363951 0.991591
v -0.125949 18.363951 0.945961
v -0.083966 18.363951 0.991591
v -0.083966 18.363951 0.945961
v -0.041983 18.363951 0.991592
v -0.041983 18.363951 0.945962
v 0.000000 18.363951 0.991591
v 0.000000 18.363951 0.945961
v 0.041983 18.363951 0.991591
v 0.041983 18.363951 0.945961
v 0.083966 18.363951 0.991591
v 0.083966 18.363951 0.945961
v 0.125949 18.363951 0.991591
v 0.125949 18.363951 0.945961
v 0.167932 18.363951 0.991591
v 0.167932 18.363951 0.945961
v 0.209914 18.363951 0.991591
v 0.209914 18.363951 0.945961
v 0.251897 18.363951 0.991591
v 0.251897 18.363951 0.945961
v 0.293880 18.363951 0.991590
v 0.293880 18.363951 0.945960
v 0.335863 18.363951 0.991590
v 0.335863 18.363951 0.945960
v 0.377846 18.363951 0.991590
v 0.377846 18.363951 0.945960
v -0.419829 18.363951 0.900332
v -0.419829 18.363951 0.854702
v -0.377846 18.363951 0.900332
v -0.377846 18.363951 0.854702
v -0.335863 18.363951 0.900331
v -0.335863 18.363951 0.854701
v -0.293880 18.363951 0.900331
v -0.293880 18.363951 0.854701
v -0.251897 18.363951 0.900331
v -0.251897 18.363951 0.854701
v -0.209914 18.363951 0.900332
v -0.209914 18.363951 0.854702
v -0.167932 18.363951 0.900331
v -0.167932 18.363951 0.854702
v -0.125949 18.363951 0.900331
v -0.125949 18.363951 0.854701
v -0.083966 18.363951 0.900332
v -0.083966 18.363951 0.854702
v -0.041983 18.363951 0.900332
v -0.041983 18.363951 0.854702
v 0.000000 18.363951 0.900332
v 0.000000 18.363951 0.854702
v 0.041983 18.363951 0.900332
v 0.041983 18.363951 0.854702
v 0.083966 18.363951 0.900332
v 0.083966 18.363951 0.854702
v 0.125949 18.363951 0.900332
v 0.125949 18.363951 0.854702
v 0.167932 18.363951 0.900332
v 0.167932 18.363951 0.854702
v 0.209914 18.363951 0.900332
v 0.209914 18.363951 0.854702
v 0.251897 18.363951 0.900331
v 0.251897 18.363951 0.854701
v 0.293880 18.363951 0.900331
v 0.293880 18.363951 0.854701
v 0.335863 18.363951 0.900331
v 0.335863 18.363951 0.854701
v 0.377846 18.363951 0.900331
v 0.377846 18.363951 0.854701
v -0.419829 18.363951 0.809072
v -0.419829 18.363951 0.763442
v -0.377846 18.363951 0.809072
v -0.377846 18.363951 0.763442
v -0.335863 18.363951 0.809071
v -0.335863 18.363951 0.763442
v -0.293880 18.363951 0.809071
v -0.293880 18.363951 0.763442
v -0.251897 18.363951 0.809072
v -0.251897 18.363951 0.763442
v -0.209914 18.363951 0.809072
v -0.209914 18.363951 0.763443
v -0.167932 18.363951 0.809072
v -0.167932 18.363951 0.763443
v -0.125949 18.363951 0.809072
v -0.125949 18.363951 0.763443
v -0.083966 18.363951 0.809072
v -0.083966 18.363951 0.763443
v -0.041983 18.363951 0.809073
v -0.041983 18.363951 0.763443
v 0.000000 18.363951 0.809072
v 0.000000 18.363951 0.763443
v 0.041983 18.363951 0.809072
v 0.041983 18.363951 0.763443
v 0.083966 18.363951 0.809072
v 0.083966 18.363951 0.763443
v 0.125949 18.363951 0.809072
v 0.125949 18.363951 0.763443
v 0.167932 18.363951 0.809072
v 0.167932 18.363951 0.763443
v 0.209914 18.363951 0.809072
v 0.209914 18.363951 0.763443
v 0.251897 18.363951 0.809072
v 0.251897 18.363951 0.763443
v 0.293880 18.363951 0.809072
v 0.293880 18.363951 0.763443
v 0.335863 18.363951 0.809072
v 0.335863 18.363951 0.763442
v 0.377846 18.363951 0.809071
v 0.377846 18.363951 0.763442
v 0.419829 18.363951 1.630406
v 0.419829 18.363951 1.584776
v 0.419829 18.363951 1.539147
v 0.419829 18.363951 1.493517
v 0.419829 18.363951 1.447887
v 0.419829 18.363951 1.402257
v 0.419829 18.363951 1.356628
v 0.419829 18.363951 1.310998
v 0.419829 18.363951 1.265369
v 0.419829 18.363951 1.219739
v 0.419829 18.363951 1.174109
v 0.419829 18.363951 1.128479
v 0.419829 18.363951 1.082849
v 0.419829 18.363951 1.037220
v 0.419829 18.363951 0.991590
v 0.419829 18.363951 0.945960
v 0.419829 18.363951 0.900331
v 0.419829 18.363951 0.854701
v 0.419829 18.363951 0.809071
v -0.335863 18.363951 0.717812
v -0.377846 18.363951 0.717812
v -0.419829 18.363951 0.717811
v -0.251897 18.363951 0.717813
v -0.293880 18.363951 0.717812
v -0.167932 18.363951 0.717813
v -0.209914 18.363951 0.717813
v -0.083966 18.363951 0.717813
v -0.125949 18.363951 0.717813
v 0.000000 18.363951 0.717813
v -0.041983 18.363951 0.717813
v 0.083966 18.363951 0.717813
v 0.041983 18.363951 0.717813
v 0.167932 18.363951 0.717813
v 0.125949 18.363951 0.717813
v 0.251897 18.363951 0.717813
v 0.209914 18.363951 0.717813
v 0.335863 18.363951 0.717812
v 0.293880 18.363951 0.717813
v 0.419829 18.363951 0.763442
v 0.419829 18.363951 0.717813
v 0.377846 18.363951 0.717812
vt 0.000000 0.000000
vt 0.100000 0.000000
vt 0.200000 0.000000
vt 0.300000 0.000000
vt 0.400000 0.000000
vt 0.500000 0.000000
vt 0.600000 0.000000
vt 0.700000 0.000000
vt 0.800000 0.000000
vt 0.900000 0.000000
vt 1.000000 0.000000
vt 0.000000 0.100000
vt 0.100000 0.100000
vt 0.200000 0.100000
vt 0.300000 0.100000
vt 0.400000 0.100000
vt 0.500000 0.100000
vt 0.600000 0.100000
vt 0.700000 0.100000
vt 0.800000 0.100000
vt 0.900000 0.100000
vt 1.000000 0.100000
vt 0.000000 0.200000
vt 0.100000 0.200000
vt 0.200000 0.200000
vt 0.300000 0.200000
vt 0.400000 0.200000
vt 0.500000 0.200000
vt 0.600000 0.200000
vt 0.700000 0.200000
vt 0.800000 0.200000
vt 0.900000 0.200000
vt 1.000000 0.200000
vt 0.000000 0.300000
vt 0.100000 0.300000
vt 0.200000 0.300000
vt 0.300000 0.300000
vt 0.400000 0.300000
vt 0.500000 0.300000
vt 0.600000 0.300000
vt 0.700000 0.300000
vt 0.800000 0.300000
vt 0.900000 0.300000
vt 1.000000 0.300000
vt 0.000000 0.400000
vt 0.100000 0.400000
vt 0.200000 0.400000
vt 0.300000 0.400000
vt 0.400000 0.400000
vt 0.500000 0.400000
vt 0.600000 0.400000
vt 0.700000 0.400000
vt 0.800000 0.400000
vt 0.900000 0.400000
vt 1.000000 0.400000
vt 0.000000 0.500000
vt 0.100000 0.500000
vt 0.200000 0.500000
vt 0.300000 0.500000
vt 0.400000 0.500000
vt 0.500000 0.500000
vt 0.600000 0.500000
vt 0.700000 0.500000
vt 0.800000 0.500000
vt 0.900000 0.500000
vt 1.000000 0.500000
vt 0.000000 0.600000
vt 0.100000 0.600000
vt 0.200000 0.600000
vt 0.300000 0.600000
vt 0.400000 0.600000
vt 0.500000 0.600000
vt 0.600000 0.600000
vt 0.700000 0.600000
vt 0.800000 0.600000
vt 0.900000 0.600000
vt 1.000000 0.600000
vt 0.000000 0.700000
vt 0.100000 0.700000
vt 0.200000 0.700000
vt 0.300000 0.700000
vt 0.400000 0.700000
vt 0.500000 0.700000
vt 0.600000 0.700000
vt 0.700000 0.700000
vt 0.800000 0.700000
vt 0.900000 0.700000
vt 1.000000 0.700000
vt 0.000000 0.800000
vt 0.100000 0.800000
vt 0.200000 0.800000
vt 0.300000 0.800000
vt 0.400000 0.800000
vt 0.500000 0.800000
vt 0.600000 0.800000
vt 0.700000 0.800000
vt 0.800000 0.800000
vt 0.900000 0.800000
vt 1.000000 0.800000
vt 0.000000 0.900000
vt 0.100000 0.900000
vt 0.200000 0.900000
vt 0.300000 0.900000
vt 0.400000 0.900000
vt 0.500000 0.900000
vt 0.600000 0.900000
vt 0.700000 0.900000
vt 0.800000 0.900000
vt 0.900000 0.900000
vt 1.000000 0.900000
vt 0.000000 1.000000
vt 0.100000 1.000000
vt 0.200000 1.000000
vt 0.300000 1.000000
vt 0.400000 1.000000
vt 0.500000 1.000000
vt 0.600000 1.000000
vt 0.700000 1.000000
vt 0.800000 1.000000
vt 0.900000 1.000000
vt 1.000000 1.000000
vt 0.050000 0.050000
vt 0.050000 0.000000
vt 0.100000 0.050000
vt 0.050000 0.100000
vt 0.000000 0.050000
vt 0.150000 0.050000
vt 0.150000 0.000000
vt 0.200000 0.050000
vt 0.150000 0.100000
vt 0.250000 0.050000
vt 0.250000 0.000000
vt 0.300000 0.050000
vt 0.250000 0.100000
vt 0.350000 0.050000
vt 0.350000 0.000000
vt 0.400000 0.050000
vt 0.350000 0.100000
vt 0.450000 0.050000
vt 0.450000 0.000000
vt 0.500000 0.050000
vt 0.450000 0.100000
vt 0.550000 0.050000
vt 0.550000 0.000000
vt 0.600000 0.050000
vt 0.550000 0.100000
vt 0.650000 0.050000
vt 0.650000 0.000000
vt 0.700000 0.050000
vt 0.650000 0.100000
vt 0.750000 0.050000
vt 0.750000 0.000000
vt 0.800000 0.050000
vt 0.750000 0.100000
vt 0.850000 0.050000
vt 0.850000 0.000000
vt 0.900000 0.050000
vt 0.850000 0.100000
vt 0.950000 0.050000
vt 0.950000 0.000000
vt 1.000000 0.050000
vt 0.950000 0.100000
vt 0.050000 0.150000
vt 0.100000 0.150000
vt 0.050000 0.200000
vt 0.000000 0.150000
vt 0.150000 0.150000
vt 0.200000 0.150000
vt 0.150000 0.200000
vt 0.250000 0.150000
vt 0.300000 0.150000
vt 0.250000 0.200000
vt 0.350000 0.150000
vt 0.400000 0.150000
vt 0.350000 0.200000
vt 0.450000 0.150000
vt 0.500000 0.150000
vt 0.450000 0.200000
vt 0.550000 0.150000
vt 0.600000 0.150000
vt 0.550000 0.200000
vt 0.650000 0.150000
vt 0.700000 0.150000
vt 0.650000 0.200000
vt 0.750000 0.150000
vt 0.800000 0.150000
vt 0.750000 0.200000
vt 0.850000 0.150000
vt 0.900000 0.150000
vt 0.850000 0.200000
vt 0.950000 0.150000
vt 1.000000 0.150000
vt 0.950000 0.200000
vt 0.050000 0.250000
vt 0.100000 0.250000
vt 0.050000 0.300000
vt 0.000000 0.250000
vt 0.150000 0.250000
vt 0.200000 0.250000
vt 0.150000 0.300000
vt 0.250000 0.250000
vt 0.300000 0.250000
vt 0.250000 0.300000
vt 0.350000 0.250000
vt 0.400000 0.250000
vt 0.350000 0.300000
vt 0.450000 0.250000
vt 0.500000 0.250000
vt 0.450000 0.300000
vt 0.550000 0.250000
vt 0.600000 0.250000
vt 0.550000 0.300000
vt 0.650000 0.250000
vt 0.700000 0.250000
vt 0.650000 0.300000
vt 0.750000 0.250000
vt 0.800000 0.250000
vt 0.750000 0.300000
vt 0.850000 0.250000
vt 0.900000 0.250000
vt 0.850000 0.300000
vt 0.950000 0.250000
vt 1.000000 0.250000
vt 0.950000 0.300000
vt 0.050000 0.350000
vt 0.100000 0.350000
vt 0.050000 0.400000
vt 0.000000 0.350000
vt 0.150000 0.350000
vt 0.200000 0.350000
vt 0.150000 0.400000
vt 0.250000 0.350000
vt 0.300000 0.350000
vt 0.250000 0.400000
vt 0.350000 0.350000
vt 0.400000 0.350000
vt 0.350000 0.400000
vt 0.450000 0.350000
vt 0.500000 0.350000
vt 0.450000 0.400000
vt 0.550000 0.350000
vt 0.600000 0.350000
vt 0.550000 0.400000
vt 0.650000 0.350000
vt 0.700000 0.350000
vt 0.650000 0.400000
vt 0.750000 0.350000
vt 0.800000 0.350000
vt 0.750000 0.400000
vt 0.850000 0.350000
vt 0.900000 0.350000
vt 0.850000 0.400000
vt 0.950000 0.350000
vt 1.000000 0.350000
vt 0.950000 0.400000
vt 0.050000 0.450000
vt 0.100000 0.450000
vt 0.050000 0.500000
vt 0.000000 0.450000
vt 0.150000 0.450000
vt 0.200000 0.450000
vt 0.150000 0.500000
vt 0.250000 0.450000
vt 0.300000 0.450000
vt 0.250000 0.500000
vt 0.350000 0.450000
vt 0.400000 0.450000
vt 0.350000 0.500000
vt 0.450000 0.450000
vt 0.500000 0.450000
vt 0.450000 0.500000
vt 0.550000 0.450000
vt 0.600000 0.450000
vt 0.550000 0.500000
vt 0.650000 0.450000
vt 0.700000 0.450000
vt 0.650000 0.500000
vt 0.750000 0.450000
vt 0.800000 0.450000
vt 0.750000 0.500000
vt 0.850000 0.450000
vt 0.900000 0.450000
vt 0.850000 0.500000
vt 0.950000 0.450000
vt 1.000000 0.450000
vt 0.950000 0.500000
vt 0.050000 0.550000
vt 0.100000 0.550000
vt 0.050000 0.600000
vt 0.000000 0.550000
vt 0.150000 0.550000
vt 0.200000 0.550000
vt 0.150000 0.600000
vt 0.250000 0.550000
vt 0.300000 0.550000
vt 0.250000 0.600000
vt 0.350000 0.550000
vt 0.400000 0.550000
vt 0.350000 0.600000
vt 0.450000 0.550000
vt 0.500000 0.550000
vt 0.450000 0.600000
vt 0.550000 0.550000
vt 0.600000 0.550000
vt 0.550000 0.600000
vt 0.650000 0.550000
vt 0.700000 0.550000
vt 0.650000 0.600000
vt 0.750000 0.550000
vt 0.800000 0.550000
vt 0.750000 0.600000
vt 0.850000 0.550000
vt 0.900000 0.550000
vt 0.850000 0.600000
vt 0.950000 0.550000
vt 1.000000 0.550000
vt 0.950000 0.600000
vt 0.050000 0.650000
vt 0.100000 0.650000
vt 0.050000 0.700000
vt 0.000000 0.650000
vt 0.150000 0.650000
vt 0.200000 0.650000
vt 0.150000 0.700000
vt 0.250000 0.650000
vt 0.300000 0.650000
vt 0.250000 0.700000
vt 0.350000 0.650000
vt 0.400000 0.650000
vt 0.350000 0.700000
vt 0.450000 0.650000
vt 0.500000 0.650000
vt 0.450000 0.700000
vt 0.550000 0.650000
vt 0.600000 0.650000
vt 0.550000 0.700000
vt 0.650000 0.650000
vt 0.700000 0.650000
vt 0.650000 0.700000
vt 0.750000 0.650000
vt 0.800000 0.650000
vt 0.750000 0.700000
vt 0.850000 0.650000
vt 0.900000 0.650000
vt 0.850000 0.700000
vt 0.950000 0.650000
vt 1.000000 0.650000
vt 0.950000 0.700000
vt 0.050000 0.750000
vt 0.100000 0.750000
vt 0.050000 0.800000
vt 0.000000 0.750000
vt 0.150000 0.750000
vt 0.200000 0.750000
vt 0.150000 0.800000
vt 0.250000 0.750000
vt 0.300000 0.750000
vt 0.250000 0.800000
vt 0.350000 0.750000
vt 0.400000 0.750000
vt 0.350000 0.800000
vt 0.450000 0.750000
vt 0.500000 0.750000
vt 0.450000 0.800000
vt 0.550000 0.750000
vt 0.600000 0.750000
vt 0.550000 0.800000
vt 0.650000 0.750000
vt 0.700000 0.750000
vt 0.650000 0.800000
vt 0.750000 0.750000
vt 0.800000 0.750000
vt 0.750000 0.800000
vt 0.850000 0.750000
vt 0.900000 0.750000
vt 0.850000 0.800000
vt 0.950000 0.750000
vt 1.000000 0.750000
vt 0.950000 0.800000
vt 0.050000 0.850000
vt 0.100000 0.850000
vt 0.050000 0.900000
vt 0.000000 0.850000
vt 0.150000 0.850000
vt 0.200000 0.850000
vt 0.150000 0.900000
vt 0.250000 0.850000
vt 0.300000 0.850000
vt 0.250000 0.900000
vt 0.350000 0.850000
vt 0.400000 0.850000
vt 0.350000 0.900000
vt 0.450000 0.850000
vt 0.500000 0.850000
vt 0.450000 0.900000
vt 0.550000 0.850000
vt 0.600000 0.850000
vt 0.550000 0.900000
vt 0.650000 0.850000
vt 0.700000 0.850000
vt 0.650000 0.900000
vt 0.750000 0.850000
vt 0.800000 0.850000
vt 0.750000 0.900000
vt 0.850000 0.850000
vt 0.900000 0.850000
vt 0.850000 0.900000
vt 0.950000 0.850000
vt 1.000000 0.850000
vt 0.950000 0.900000
vt 0.050000 0.950000
vt 0.100000 0.950000
vt 0.050000 1.000000
vt 0.000000 0.950000
vt 0.150000 0.950000
vt 0.200000 0.950000
vt 0.150000 1.000000
vt 0.250000 0.950000
vt 0.300000 0.950000
vt 0.250000 1.000000
vt 0.350000 0.950000
vt 0.400000 0.950000
vt 0.350000 1.000000
vt 0.450000 0.950000
vt 0.500000 0.950000
vt 0.450000 1.000000
vt 0.550000 0.950000
vt 0.600000 0.950000
vt 0.550000 1.000000
vt 0.650000 0.950000
vt 0.700000 0.950000
vt 0.650000 1.000000
vt 0.750000 0.950000
vt 0.800000 0.950000
vt 0.750000 1.000000
vt 0.850000 0.950000
vt 0.900000 0.950000
vt 0.850000 1.000000
vt 0.950000 0.950000
vt 1.000000 0.950000
vt 0.950000 1.000000
vt 0.000000 0.050000
vt 0.000000 0.000000
vt 0.050000 0.000000
vt 0.050000 0.050000
vt 0.100000 0.050000
vt 0.100000 0.000000
vt 0.150000 0.000000
vt 0.150000 0.050000
vt 0.200000 0.050000
vt 0.200000 0.000000
vt 0.250000 0.000000
vt 0.250000 0.050000
vt 0.300000 0.050000
vt 0.300000 0.000000
vt 0.350000 0.000000
vt 0.350000 0.050000
vt 0.400000 0.050000
vt 0.400000 0.000000
vt 0.450000 0.000000
vt 0.450000 0.050000
vt 0.500000 0.050000
vt 0.500000 0.000000
vt 0.550000 0.000000
vt 0.550000 0.050000
vt 0.600000 0.050000
vt 0.600000 0.000000
vt 0.650000 0.000000
vt 0.650000 0.050000
vt 0.700000 0.050000
vt 0.700000 0.000000
vt 0.750000 0.000000
vt 0.750000 0.050000
vt 0.800000 0.050000
vt 0.800000 0.000000
vt 0.850000 0.000000
vt 0.850000 0.050000
vt 0.900000 0.050000
vt 0.900000 0.000000
vt 0.950000 0.000000
vt 0.950000 0.050000
vt 0.000000 0.150000
vt 0.000000 0.100000
vt 0.050000 0.100000
vt 0.050000 0.150000
vt 0.100000 0.150000
vt 0.100000 0.100000
vt 0.150000 0.100000
vt 0.150000 0.150000
vt 0.200000 0.150000
vt 0.200000 0.100000
vt 0.250000 0.100000
vt 0.250000 0.150000
vt 0.300000 0.150000
vt 0.300000 0.100000
vt 0.350000 0.100000
vt 0.350000 0.150000
vt 0.400000 0.150000
vt 0.400000 0.100000
vt 0.450000 0.100000
vt 0.450000 0.150000
vt 0.500000 0.150000
vt 0.500000 0.100000
vt 0.550000 0.100000
vt 0.550000 0.150000
vt 0.600000 0.150000
vt 0.600000 0.100000
vt 0.650000 0.100000
vt 0.650000 0.150000
vt 0.700000 0.150000
vt 0.700000 0.100000
vt 0.750000 0.100000
vt 0.750000 0.150000
vt 0.800000 0.150000
vt 0.800000 0.100000
vt 0.850000 0.100000
vt 0.850000 0.150000
vt 0.900000 0.150000
vt 0.900000 0.100000
vt 0.950000 0.100000
vt 0.950000 0.150000
vt 0.000000 0.250000
vt 0.000000 0.200000
vt 0.050000 0.200000
vt 0.050000 0.250000
vt 0.100000 0.250000
vt 0.100000 0.200000
vt 0.150000 0.200000
vt 0.150000 0.250000
vt 0.200000 0.250000
vt 0.200000 0.200000
vt 0.250000 0.200000
vt 0.250000 0.250000
vt 0.300000 0.250000
vt 0.300000 0.200000
vt 0.350000 0.200000
vt 0.350000 0.250000
vt 0.400000 0.250000
vt 0.400000 0.200000
vt 0.450000 0.200000
vt 0.450000 0.250000
vt 0.500000 0.250000
vt 0.500000 0.200000
vt 0.550000 0.200000
vt 0.550000 0.250000
vt 0.600000 0.250000
vt 0.600000 0.200000
vt 0.650000 0.200000
vt 0.650000 0.250000
vt 0.700000 0.250000
vt 0.700000 0.200000
vt 0.750000 0.200000
vt 0.750000 0.250000
vt 0.800000 0.250000
vt 0.800000 0.200000
vt 0.850000 0.200000
vt 0.850000 0.250000
vt 0.900000 0.250000
vt 0.900000 0.200000
vt 0.950000 0.200000
vt 0.950000 0.250000
vt 0.000000 0.350000
vt 0.000000 0.300000
vt 0.050000 0.300000
vt 0.050000 0.350000
vt 0.100000 0.350000
vt 0.100000 0.300000
vt 0.150000 0.300000
vt 0.150000 0.350000
vt 0.200000 0.350000
vt 0.200000 0.300000
vt 0.250000 0.300000
vt 0.250000 0.350000
vt 0.300000 0.350000
vt 0.300000 0.300000
vt 0.350000 0.300000
vt 0.350000 0.350000
vt 0.400000 0.350000
vt 0.400000 0.300000
vt 0.450000 0.300000
vt 0.450000 0.350000
vt 0.500000 0.350000
vt 0.500000 0.300000
vt 0.550000 0.300000
vt 0.550000 0.350000
vt 0.600000 0.350000
vt 0.600000 0.300000
vt 0.650000 0.300000
vt 0.650000 0.350000
vt 0.700000 0.350000
vt 0.700000 0.300000
vt 0.750000 0.300000
vt 0.750000 0.350000
vt 0.800000 0.350000
vt 0.800000 0.300000
vt 0.850000 0.300000
vt 0.850000 0.350000
vt 0.900000 0.350000
vt 0.900000 0.300000
vt 0.950000 0.300000
vt 0.950000 0.350000
vt 0.000000 0.450000
vt 0.000000 0.400000
vt 0.050000 0.400000
vt 0.050000 0.450000
vt 0.100000 0.450000
vt 0.100000 0.400000
vt 0.150000 0.400000
vt 0.150000 0.450000
vt 0.200000 0.450000
vt 0.200000 0.400000
vt 0.250000 0.400000
vt 0.250000 0.450000
vt 0.300000 0.450000
vt 0.300000 0.400000
vt 0.350000 0.400000
vt 0.350000 0.450000
vt 0.400000 0.450000
vt 0.400000 0.400000
vt 0.450000 0.400000
vt 0.450000 0.450000
vt 0.500000 0.450000
vt 0.500000 0.400000
vt 0.550000 0.400000
vt 0.550000 0.450000
vt 0.600000 0.450000
vt 0.600000 0.400000
vt 0.650000 0.400000
vt 0.650000 0.450000
vt 0.700000 0.450000
vt 0.700000 0.400000
vt 0.750000 0.400000
vt 0.750000 0.450000
vt 0.800000 0.450000
vt 0.800000 0.400000
vt 0.850000 0.400000
vt 0.850000 0.450000
vt 0.900000 0.450000
vt 0.900000 0.400000
vt 0.950000 0.400000
vt 0.950000 0.450000
vt 0.000000 0.550000
vt 0.000000 0.500000
vt 0.050000 0.500000
vt 0.050000 0.550000
vt 0.100000 0.550000
vt 0.100000 0.500000
vt 0.150000 0.500000
vt 0.150000 0.550000
vt 0.200000 0.550000
vt 0.200000 0.500000
vt 0.250000 0.500000
vt 0.250000 0.550000
vt 0.300000 0.550000
vt 0.300000 0.500000
vt 0.350000 0.500000
vt 0.350000 0.550000
vt 0.400000 0.550000
vt 0.400000 0.500000
vt 0.450000 0.500000
vt 0.450000 0.550000
vt 0.500000 0.550000
vt 0.500000 0.500000
vt 0.550000 0.500000
vt 0.550000 0.550000
vt 0.600000 0.550000
vt 0.600000 0.500000
vt 0.650000 0.500000
vt 0.650000 0.550000
vt 0.700000 0.550000
vt 0.700000 0.500000
vt 0.750000 0.500000
vt 0.750000 0.550000
vt 0.800000 0.550000
vt 0.800000 0.500000
vt 0.850000 0.500000
vt 0.850000 0.550000
vt 0.900000 0.550000
vt 0.900000 0.500000
vt 0.950000 0.500000
vt 0.950000 0.550000
vt 0.000000 0.650000
vt 0.000000 0.600000
vt 0.050000 0.600000
vt 0.050000 0.650000
vt 0.100000 0.650000
vt 0.100000 0.600000
vt 0.150000 0.600000
vt 0.150000 0.650000
vt 0.200000 0.650000
vt 0.200000 0.600000
vt 0.250000 0.600000
vt 0.250000 0.650000
vt 0.300000 0.650000
vt 0.300000 0.600000
vt 0.350000 0.600000
vt 0.350000 0.650000
vt 0.400000 0.650000
vt 0.400000 0.600000
vt 0.450000 0.600000
vt 0.450000 0.650000
vt 0.500000 0.650000
vt 0.500000 0.600000
vt 0.550000 0.600000
vt 0.550000 0.650000
vt 0.600000 0.650000
vt 0.600000 0.600000
vt 0.650000 0.600000
vt 0.650000 0.650000
vt 0.700000 0.650000
vt 0.700000 0.600000
vt 0.750000 0.600000
vt 0.750000 0.650000
vt 0.800000 0.650000
vt 0.800000 0.600000
vt 0.850000 0.600000
vt 0.850000 0.650000
vt 0.900000 0.650000
vt 0.900000 0.600000
vt 0.950000 0.600000
vt 0.950000 0.650000
vt 0.000000 0.750000
vt 0.000000 0.700000
vt 0.050000 0.700000
vt 0.050000 0.750000
vt 0.100000 0.750000
vt 0.100000 0.700000
vt 0.150000 0.700000
vt 0.150000 0.750000
vt 0.200000 0.750000
vt 0.200000 0.700000
vt 0.250000 0.700000
vt 0.250000 0.750000
vt 0.300000 0.750000
vt 0.300000 0.700000
vt 0.350000 0.700000
vt 0.350000 0.750000
vt 0.400000 0.750000
vt 0.400000 0.700000
vt 0.450000 0.700000
vt 0.450000 0.750000
vt 0.500000 0.750000
vt 0.500000 0.700000
vt 0.550000 0.700000
vt 0.550000 0.750000
vt 0.600000 0.750000
vt 0.600000 0.700000
vt 0.650000 0.700000
vt 0.650000 0.750000
vt 0.700000 0.750000
vt 0.700000 0.700000
vt 0.750000 0.700000
vt 0.750000 0.750000
vt 0.800000 0.750000
vt 0.800000 0.700000
vt 0.850000 0.700000
vt 0.850000 0.750000
vt 0.900000 0.750000
vt 0.900000 0.700000
vt 0.950000 0.700000
vt 0.950000 0.750000
vt 0.000000 0.850000
vt 0.000000 0.800000
vt 0.050000 0.800000
vt 0.050000 0.850000
vt 0.100000 0.850000
vt 0.100000 0.800000
vt 0.150000 0.800000
vt 0.150000 0.850000
vt 0.200000 0.850000
vt 0.200000 0.800000
vt 0.250000 0.800000
vt 0.250000 0.850000
vt 0.300000 0.850000
vt 0.300000 0.800000
vt 0.350000 0.800000
vt 0.350000 0.850000
vt 0.400000 0.850000
vt 0.400000 0.800000
vt 0.450000 0.800000
vt 0.450000 0.850000
vt 0.500000 0.850000
vt 0.500000 0.800000
vt 0.550000 0.800000
vt 0.550000 0.850000
vt 0.600000 0.850000
vt 0.600000 0.800000
vt 0.650000 0.800000
vt 0.650000 0.850000
vt 0.700000 0.850000
vt 0.700000 0.800000
vt 0.750000 0.800000
vt 0.750000 0.850000
vt 0.800000 0.850000
vt 0.800000 0.800000
vt 0.850000 0.800000
vt 0.850000 0.850000
vt 0.900000 0.850000
vt 0.900000 0.800000
vt 0.950000 0.800000
vt 0.950000 0.850000
vt 0.000000 0.950000
vt 0.000000 0.900000
vt 0.050000 0.900000
vt 0.050000 0.950000
vt 0.100000 0.950000
vt 0.100000 0.900000
vt 0.150000 0.900000
vt 0.150000 0.950000
vt 0.200000 0.950000
vt 0.200000 0.900000
vt 0.250000 0.900000
vt 0.250000 0.950000
vt 0.300000 0.950000
vt 0.300000 0.900000
vt 0.350000 0.900000
vt 0.350000 0.950000
vt 0.400000 0.950000
vt 0.400000 0.900000
vt 0.450000 0.900000
vt 0.450000 0.950000
vt 0.500000 0.950000
vt 0.500000 0.900000
vt 0.550000 0.900000
vt 0.550000 0.950000
vt 0.600000 0.950000
vt 0.600000 0.900000
vt 0.650000 0.900000
vt 0.650000 0.950000
vt 0.700000 0.950000
vt 0.700000 0.900000
vt 0.750000 0.900000
vt 0.750000 0.950000
vt 0.800000 0.950000
vt 0.800000 0.900000
vt 0.850000 0.900000
vt 0.850000 0.950000
vt 0.900000 0.950000
vt 0.900000 0.900000
vt 0.950000 0.900000
vt 0.950000 0.950000
vt 1.000000 0.000000
vt 1.000000 0.050000
vt 1.000000 0.100000
vt 1.000000 0.150000
vt 1.000000 0.200000
vt 1.000000 0.250000
vt 1.000000 0.300000
vt 1.000000 0.350000
vt 1.000000 0.400000
vt 1.000000 0.450000
vt 1.000000 0.500000
vt 1.000000 0.550000
vt 1.000000 0.600000
vt 1.000000 0.650000
vt 1.000000 0.700000
vt 1.000000 0.750000
vt 1.000000 0.800000
vt 1.000000 0.850000
vt 1.000000 0.900000
vt 0.100000 1.000000
vt 0.050000 1.000000
vt 0.000000 1.000000
vt 0.200000 1.000000
vt 0.150000 1.000000
vt 0.300000 1.000000
vt 0.250000 1.000000
vt 0.400000 1.000000
vt 0.350000 1.000000
vt 0.500000 1.000000
vt 0.450000 1.000000
vt 0.600000 1.000000
vt 0.550000 1.000000
vt 0.700000 1.000000
vt 0.650000 1.000000
vt 0.800000 1.000000
vt 0.750000 1.000000
vt 0.900000 1.000000
vt 0.850000 1.000000
vt 1.000000 0.950000
vt 1.000000 1.000000
vt 0.950000 1.000000
vt 0.000000 0.050000
vt 0.000000 0.000000
vt 0.050000 0.000000
vt 0.100000 0.000000
vt 0.150000 0.000000
vt 0.200000 0.000000
vt 0.250000 0.000000
vt 0.300000 0.000000
vt 0.350000 0.000000
vt 0.400000 0.000000
vt 0.450000 0.000000
vt 0.500000 0.000000
vt 0.550000 0.000000
vt 0.600000 0.000000
vt 0.650000 0.000000
vt 0.700000 0.000000
vt 0.750000 0.000000
vt 0.800000 0.000000
vt 0.850000 0.000000
vt 0.900000 0.000000
vt 0.950000 0.000000
vt 0.000000 0.150000
vt 0.000000 0.100000
vt 0.000000 0.250000
vt 0.000000 0.200000
vt 0.000000 0.350000
vt 0.000000 0.300000
vt 0.000000 0.450000
vt 0.000000 0.400000
vt 0.000000 0.550000
vt 0.000000 0.500000
vt 0.000000 0.650000
vt 0.000000 0.600000
vt 0.000000 0.750000
vt 0.000000 0.700000
vt 0.000000 0.850000
vt 0.000000 0.800000
vt 0.000000 0.950000
vt 0.000000 0.900000
vt 1.000000 0.000000
vt 1.000000 0.050000
vt 1.000000 0.100000
vt 1.000000 0.150000
vt 1.000000 0.200000
vt 1.000000 0.250000
vt 1.000000 0.300000
vt 1.000000 0.350000
vt 1.000000 0.400000
vt 1.000000 0.450000
vt 1.000000 0.500000
vt 1.000000 0.550000
vt 1.000000 0.600000
vt 1.000000 0.650000
vt 1.000000 0.700000
vt 1.000000 0.750000
vt 1.000000 0.800000
vt 1.000000 0.850000
vt 1.000000 0.900000
vt 0.100000 1.000000
vt 0.050000 1.000000
vt 0.000000 1.000000
vt 0.200000 1.000000
vt 0.150000 1.000000
vt 0.300000 1.000000
vt 0.250000 1.000000
vt 0.400000 1.000000
vt 0.350000 1.000000
vt 0.500000 1.000000
vt 0.450000 1.000000
vt 0.600000 1.000000
vt 0.550000 1.000000
vt 0.700000 1.000000
vt 0.650000 1.000000
vt 0.800000 1.000000
vt 0.750000 1.000000
vt 0.900000 1.000000
vt 0.850000 1.000000
vt 1.000000 0.950000
vt 1.000000 1.000000
vt 0.950000 1.000000
vn -0.999984 0.005680 0.000000
vn -0.735896 0.004180 0.677082
vn 0.000000 0.006174 0.999981
vn 0.000000 1.000000 0.000000
vn 0.000000 1.000000 0.000000
vn 0.000000 0.006174 0.999981
vn 0.000000 0.006174 0.999981
vn 0.000000 1.000000 0.000000
vn 0.000000 1.000000 0.000000
vn 0.000000 0.006174 0.999981
vn 0.000000 0.006174 0.999981
vn 0.000000 1.000000 0.000000
vn 0.000000 1.000000 0.000000
vn 0.000000 0.006174 0.999981
vn 0.000000 0.006174 0.999981
vn 0.000000 1.000000 0.000000
vn 0.000000 1.000000 -0.000001
vn 0.000002 0.006174 0.999981
vn 0.000002 0.006174 0.999981
vn 0.000000 1.000000 -0.000002
vn 0.000000 1.000000 -0.000001
vn -0.000002 0.006174 0.999981
vn -0.000002 0.006174 0.999981
vn 0.000000 1.000000 0.000000
vn 0.000000 1.000000 0.000003
vn -0.000003 0.006174 0.999981
vn -0.000003 0.006174 0.999981
vn 0.000000 1.000000 0.000006
vn 0.000000 1.000000 0.000003
vn 0.000003 0.006174 0.999981
vn 0.000003 0.006174 0.999981
vn 0.000000 1.000000 0.000000
vn 0.000000 1.000000 0.000000
vn 0.000005 0.006174 0.999981
vn 0.000005 0.006174 0.999981
vn 0.000000 1.000000 0.000000
vn 0.000000 1.000000 0.000000
vn -0.000005 0.006174 0.999981
vn -0.000005 0.006174 0.999981
vn 0.000000 1.000000 0.000000
vn -0.999984 0.005680 0.000000
vn -0.999984 0.005680 0.000000
vn 0.000000 1.000000 0.000000
vn 0.000000 1.000000 0.000000
vn 0.000000 1.000000 0.000000
vn 0.000000 1.000000 0.000000
vn 0.000000 1.000000 0.000000
vn 0.000000 1.000000 0.000000
vn 0.000000 1.000000 0.000000
vn 0.000000 1.000000 0.000000
vn 0.000000 1.000000 0.000000
vn 0.000000 1.000000 0.000000
vn 0.000000 1.000000 0.000000
vn 0.000000 1.000000 0.000000
vn 0.000000 1.000000 0.000000
vn 0.000000 1.000000 0.000000
vn 0.000000 1.000000 -0.000001
vn 0.000000 1.000000 -0.000001
vn 0.000000 1.000000 -0.000002
vn 0.000000 1.000000 -0.000002
vn 0.000000 1.000000 -0.000001
vn 0.000000 1.000000 -0.000001
vn 0.000000 1.000000 0.000000
vn 0.000000 1.000000 0.000000
vn 0.000000 1.000000 0.000003
vn 0.000000 1.000000 0.000003
vn 0.000000 1.000000 0.000006
vn 0.000000 1.000000 0.000006
vn 0.000000 1.000000 0.000003
vn 0.000000 1.000000 0.000003
vn 0.000000 1.000000 0.000000
vn 0.000000 1.000000 0.000000
vn 0.000000 1.000000 0.000000
vn 0.000000 1.000000 0.000000
vn 0.000000 1.000000 0.000000
vn 0.000000 1.000000 0.000000
vn 0.000000 1.000000 0.000000
vn 0.000000 1.000000 0.000000
vn 0.000000 1.000000 0.000000
vn 0.000000 1.000000 0.000000
vn -0.999984 0.005680 0.000000
vn -0.999984 0.005680 0.000000
vn 0.000000 1.000000 0.000000
vn 0.000000 1.000000 0.000000
vn 0.000000 1.000000 0.000001
vn 0.000000 1.000000 0.000000
vn 0.000000 1.000000 0.000001
vn 0.000000 1.000000 0.000003
vn 0.000000 1.000000 0.000001
vn 0.000000 1.000000 0.000001
vn 0.000000 1.000000 0.000000
vn 0.000000 1.000000 0.000000
vn 0.000000 1.000000 -0.000003
vn 0.000000 1.000000 -0.000008
vn 0.000000 1.000000 -0.000011
vn 0.000000 1.000000 -0.000006
vn 0.000000 1.000000 -0.000003
vn 0.000000 1.000000 -0.000004
vn 0.000000 1.000000 -0.000001
vn 0.000000 1.000000 0.000000
vn 0.000000 1.000000 0.000000
vn 0.000000 1.000000 0.000000
vn 0.000000 1.000000 0.000000
vn 0.000000 1.000000 0.000000
vn 0.000000 1.000000 0.000000
vn 0.000000 1.000000 -0.000005
vn 0.000000 1.000000 -0.000005
vn 0.000000 1.000000 0.000000
vn 0.000000 1.000000 0.000000
vn 0.000000 1.000000 0.000000
vn 0.000000 1.000000 0.000000
vn 0.000000 1.000000 0.000000
vn 0.000000 1.000000 0.000000
vn 0.000000 1.000000 0.000000
vn 0.000000 1.000000 0.000000
vn 0.000000 1.000000 0.000000
vn 0.000000 1.000000 0.000000
vn 0.000000 1.000000 0.000000
vn 0.000000 1.000000 0.000000
vn 0.000000 1.000000 0.000000
vn -0.999984 0.005680 0.000000
vn -0.999984 0.005680 0.000000
vn 0.000000 1.000000 0.000000
vn 0.000000 1.000000 0.000000
vn 0.000000 1.000000 0.000000
vn 0.000000 1.000000 0.000001
vn 0.000000 1.000000 0.000001
vn 0.000000 1.000000 0.000000
vn 0.000000 1.000000 0.000000
vn 0.000000 1.000000 0.000000
vn 0.000000 1.000000 0.000000
vn 0.000000 1.000000 0.000000
vn 0.000000 1.000000 0.000000
vn 0.000000 1.000000 0.000005
vn 0.000000 1.000000 0.000005
vn 0.000000 1.000000 0.000000
vn 0.000000 1.000000 -0.000001
vn 0.000000 1.000000 0.000000
vn 0.000000 1.000000 -0.000001
vn 0.000000 1.000000 -0.000002
vn 0.000000 1.000000 -0.000001
vn 0.000000 1.000000 -0.000001
vn 0.000000 1.000000 0.000000
vn 0.000000 1.000000 0.000000
vn 0.000000 1.000000 0.000003
vn 0.000000 1.000000 0.000008
vn 0.000000 1.000000 0.000011
vn 0.000000 1.000000 0.000006
vn 0.000000 1.000000 0.000003
vn 0.000000 1.000000 0.000003
vn 0.000000 1.000000 0.000000
vn 0.000000 1.000000 0.000000
vn 0.000000 1.000000 0.000000
vn 0.000000 1.000000 0.000000
vn 0.000000 1.000000 0.000000
vn 0.000000 1.000000 0.000000
vn 0.000000 1.000000 0.000000
vn 0.000000 1.000000 0.000000
vn 0.000000 1.000000 0.000000
vn 0.000000 1.000000 0.000000
vn -0.999984 0.005680 0.000000
vn -0.999984 0.005680 0.000000
vn 0.000000 1.000000 0.000000
vn 0.000000 1.000000 0.000000
vn 0.000000 1.000000 0.000000
vn 0.000000 1.000000 0.000000
vn 0.000000 1.000000 0.000000
vn 0.000000 1.000000 0.000000
vn 0.000000 1.000000 0.000000
vn 0.000000 1.000000 0.000000
vn 0.000000 1.000000 0.000000
vn 0.000000 1.000000 0.000000
vn 0.000000 1.000000 0.000000
vn 0.000000 1.000000 0.000000
vn 0.000000 1.000000 0.000000
vn 0.000000 1.000000 0.000000
vn 0.000000 1.000000 -0.000001
vn 0.000000 1.000000 -0.000001
vn 0.000000 1.000000 -0.000002
vn 0.000000 1.000000 -0.000002
vn 0.000000 1.000000 -0.000001
vn 0.000000 1.000000 -0.000001
vn 0.000000 1.000000 0.000000
vn 0.000000 1.000000 0.000000
vn 0.000000 1.000000 0.000003
vn 0.000000 1.000000 0.000003
vn 0.000000 1.000000 0.000006
vn 0.000000 1.000000 0.000006
vn 0.000000 1.000000 0.000003
vn 0.000000 1.000000 0.000003
vn 0.000000 1.000000 0.000000
vn 0.000000 1.000000 0.000000
vn 0.000000 1.000000 0.000000
vn 0.000000 1.000000 0.000000
vn 0.000000 1.000000 0.000000
vn 0.000000 1.000000 0.000000
vn 0.000000 1.000000 0.000000
vn 0.000000 1.000000 0.000000
vn 0.000000 1.000000 0.000000
vn 0.000000 1.000000 0.000000
vn -0.999984 0.005680 0.000000
vn -0.999984 0.005680 0.000000
vn 0.000000 1.000000 0.000000
vn 0.000000 1.000000 0.000000
vn 0.000000 1.000000 0.000001
vn 0.000000 1.000000 0.000000
vn 0.000000 1.000000 0.000001
vn 0.000000 1.000000 0.000003
vn 0.000000 1.000000 0.000001
vn 0.000000 1.000000 0.000001
vn 0.000000 1.000000 0.000000
vn 0.000000 1.000000 0.000000
vn 0.000000 1.000000 -0.000003
vn 0.000000 1.000000 -0.000008
vn 0.000000 1.000000 -0.000011
vn 0.000000 1.000000 -0.000006
vn 0.000000 1.000000 -0.000003
vn 0.000000 1.000000 -0.000004
vn 0.000000 1.000000 -0.000001
vn 0.000000 1.000000 0.000000
vn 0.000000 1.000000 0.000000
vn 0.000000 1.000000 0.000000
vn 0.000000 1.000000 0.000000
vn 0.000000 1.000000 0.000000
vn 0.000000 1.000000 0.000000
vn 0.000000 1.000000 -0.000005
vn 0.000000 1.000000 -0.000005
vn 0.000000 1.000000 0.000000
vn 0.000000 1.000000 0.000000
vn 0.000000 1.000000 0.000000
vn 0.000000 1.000000 0.000000
vn 0.000000 1.000000 0.000000
vn 0.000000 1.000000 0.000000
vn 0.000000 1.000000 0.000000
vn 0.000000 1.000000 0.000000
vn 0.000000 1.000000 0.000000
vn 0.000000 1.000000 0.000000
vn 0.000000 1.000000 0.000000
vn 0.000000 1.000000 0.000000
vn 0.000000 1.000000 0.000000
vn -0.999984 0.005680 0.000000
vn -0.999984 0.005680 0.000000
vn 0.000000 1.000000 0.000001
vn 0.000000 1.000000 0.000003
vn 0.000000 1.000000 0.000003
vn 0.000000 1.000000 0.000003
vn 0.000000 1.000000 0.000003
vn 0.000000 1.000000 0.000003
vn 0.000000 1.000000 0.000001
vn 0.000000 1.000000 0.000001
vn 0.000000 1.000000 0.000000
vn 0.000000 1.000000 0.000000
vn 0.000000 1.000000 0.000000
vn 0.000000 1.000000 0.000005
vn 0.000000 1.000000 0.000005
vn 0.000000 1.000000 0.000000
vn 0.000000 1.000000 0.000000
vn 0.000000 1.000000 0.000000
vn 0.000000 1.000000 0.000000
vn 0.000000 1.000000 0.000000
vn 0.000000 1.000000 0.000000
vn 0.000000 1.000000 0.000000
vn 0.000000 1.000000 0.000000
vn 0.000000 1.000000 0.000000
vn 0.000000 1.000000 0.000000
vn 0.000000 1.000000 0.000000
vn 0.000000 1.000000 0.000000
vn 0.000000 1.000000 0.000000
vn 0.000000 1.000000 0.000000
vn 0.000000 1.000000 0.000000
vn 0.000000 1.000000 0.000000
vn 0.000000 1.000000 0.000000
vn 0.000000 1.000000 0.000000
vn 0.000000 1.000000 0.000000
vn 0.000000 1.000000 0.000000
vn 0.000000 1.000000 0.000000
vn 0.000000 1.000000 0.000000
vn 0.000000 1.000000 0.000000
vn 0.000000 1.000000 0.000000
vn 0.000000 1.000000 0.000000
vn -0.999984 0.005680 0.000000
vn -0.999984 0.005680 0.000000
vn 0.000000 1.000000 0.000001
vn 0.000000 1.000000 0.000000
vn 0.000000 1.000000 0.000001
vn 0.000000 1.000000 0.000001
vn 0.000000 1.000000 0.000003
vn 0.000000 1.000000 0.000003
vn 0.000000 1.000000 0.000001
vn 0.000000 1.000000 0.000001
vn 0.000000 1.000000 0.000000
vn 0.000000 1.000000 0.000000
vn 0.000000 1.000000 -0.000003
vn 0.000000 1.000000 -0.000008
vn 0.000000 1.000000 -0.000011
vn 0.000000 1.000000 -0.000006
vn 0.000000 1.000000 -0.000003
vn 0.000000 1.000000 -0.000003
vn 0.000000 1.000000 0.000000
vn 0.000000 1.000000 0.000000
vn 0.000000 1.000000 0.000000
vn 0.000000 1.000000 0.000000
vn 0.000000 1.000000 0.000000
vn 0.000000 1.000000 0.000000
vn 0.000000 1.000000 0.000000
vn 0.000000 1.000000 0.000000
vn 0.000000 1.000000 0.000000
vn 0.000000 1.000000 0.000000
vn 0.000000 1.000000 0.000000
vn 0.000000 1.000000 0.000000
vn 0.000000 1.000000 0.000000
vn 0.000000 1.000000 0.000000
vn 0.000000 1.000000 0.000000
vn 0.000000 1.000000 0.000000
vn 0.000000 1.000000 0.000000
vn 0.000000 1.000000 0.000000
vn 0.000000 1.000000 0.000000
vn 0.000000 1.000000 0.000000
vn 0.000000 1.000000 0.000000
vn 0.000000 1.000000 0.000000
vn -0.999984 0.005680 0.000000
vn -0.999984 0.005680 0.000000
vn 0.000000 1.000000 0.000000
vn 0.000000 1.000000 0.000000
vn 0.000000 1.000000 0.000001
vn 0.000000 1.000000 0.000001
vn 0.000000 1.000000 0.000003
vn 0.000000 1.000000 0.000003
vn 0.000000 1.000000 0.000001
vn 0.000000 1.000000 0.000001
vn 0.000000 1.000000 0.000000
vn 0.000000 1.000000 0.000000
vn 0.000000 1.000000 -0.000003
vn 0.000000 1.000000 -0.000003
vn 0.000000 1.000000 -0.000006
vn 0.000000 1.000000 -0.000006
vn 0.000000 1.000000 -0.000003
vn 0.000000 1.000000 -0.000003
vn 0.000000 1.000000 0.000000
vn 0.000000 1.000000 0.000000
vn 0.000000 1.000000 0.000000
vn 0.000000 1.000000 0.000000
vn 0.000000 1.000000 0.000000
vn 0.000000 1.000000 0.000000
vn 0.000000 1.000000 0.000000
vn 0.000000 1.000000 0.000000
vn 0.000000 1.000000 0.000000
vn 0.000000 1.000000 0.000000
vn 0.000000 1.000000 0.000000
vn 0.000000 1.000000 0.000000
vn 0.000000 1.000000 0.000000
vn 0.000000 1.000000 0.000000
vn 0.000000 1.000000 0.000000
vn 0.000000 1.000000 0.000000
vn 0.000000 1.000000 0.000000
vn 0.000000 1.000000 0.000000
vn 0.000000 1.000000 0.000000
vn 0.000000 1.000000 0.000000
vn 0.000000 1.000000 0.000000
vn 0.000000 1.000000 0.000000
vn -0.999984 0.005680 0.000000
vn -0.999984 0.005680 0.000000
vn 0.000000 1.000000 0.000001
vn 0.000000 1.000000 0.000003
vn 0.000000 1.000000 0.000003
vn 0.000000 1.000000 0.000003
vn 0.000000 1.000000 0.000003
vn 0.000000 1.000000 0.000003
vn 0.000000 1.000000 0.000001
vn 0.000000 1.000000 0.000001
vn 0.000000 1.000000 0.000000
vn 0.000000 1.000000 0.000000
vn 0.000000 1.000000 0.000000
vn 0.000000 1.000000 0.000005
vn 0.000000 1.000000 0.000005
vn 0.000000 1.000000 0.000000
vn 0.000000 1.000000 0.000000
vn 0.000000 1.000000 0.000000
vn 0.000000 1.000000 0.000000
vn 0.000000 1.000000 0.000000
vn 0.000000 1.000000 0.000000
vn 0.000000 1.000000 0.000000
vn 0.000000 1.000000 0.000000
vn 0.000000 1.000000 0.000000
vn 0.000000 1.000000 0.000000
vn 0.000000 1.000000 0.000000
vn 0.000000 1.000000 0.000000
vn 0.000000 1.000000 0.000000
vn 0.000000 1.000000 0.000000
vn 0.000000 1.000000 0.000000
vn 0.000000 1.000000 0.000000
vn 0.000000 1.000000 0.000000
vn 0.000000 1.000000 0.000000
vn 0.000000 1.000000 0.000000
vn 0.000000 1.000000 0.000000
vn 0.000000 1.000000 0.000000
vn 0.000000 1.000000 0.000000
vn 0.000000 1.000000 0.000000
vn 0.000000 1.000000 0.000000
vn 0.000000 1.000000 0.000000
vn 0.735896 0.004180 0.677081
vn 0.999984 0.005680 0.000000
vn 0.999984 0.005680 0.000000
vn 0.999984 0.005680 0.000000
vn 0.999984 0.005680 0.000000
vn 0.999984 0.005680 0.000000
vn 0.999984 0.005680 0.000000
vn 0.999984 0.005680 0.000000
vn 0.999984 0.005680 0.000000
vn 0.999984 0.005680 0.000000
vn 0.999984 0.005680 0.000000
vn 0.999984 0.005680 0.000000
vn 0.999984 0.005680 0.000000
vn 0.999984 0.005680 0.000000
vn 0.999984 0.005680 0.000000
vn 0.999984 0.005680 0.000000
vn 0.999984 0.005680 0.000000
vn 0.999984 0.005680 0.000000
vn 0.999984 0.005680 0.000000
vn 0.000000 0.006174 -0.999981
vn 0.000005 0.006174 -0.999981
vn -0.735895 0.004180 -0.677083
vn 0.000005 0.006174 -0.999981
vn 0.000005 0.006174 -0.999981
vn 0.000000 0.006174 -0.999981
vn 0.000000 0.006174 -0.999981
vn 0.000004 0.006174 -0.999981
vn 0.000004 0.006174 -0.999981
vn -0.000004 0.006174 -0.999981
vn -0.000004 0.006174 -0.999981
vn 0.000000 0.006174 -0.999981
vn 0.000000 0.006174 -0.999981
vn 0.000000 0.006174 -0.999981
vn 0.000000 0.006174 -0.999981
vn 0.000000 0.006174 -0.999981
vn 0.000000 0.006174 -0.999981
vn -0.000005 0.006174 -0.999981
vn -0.000005 0.006174 -0.999981
vn 0.999984 0.005680 0.000000
vn 0.735896 0.004180 -0.677082
vn 0.000005 0.006174 -0.999981
vn -0.999984 -0.005680 0.000000
vn 0.000000 -1.000000 0.000000
vn 0.000000 -0.006174 0.999981
vn -0.735896 -0.004180 0.677082
vn 0.000000 -1.000000 0.000000
vn 0.000000 -1.000000 0.000000
vn 0.000000 -0.006174 0.999981
vn 0.000000 -0.006174 0.999981
vn 0.000000 -1.000000 0.000000
vn 0.000000 -1.000000 0.000000
vn 0.000000 -0.006174 0.999981
vn 0.000000 -0.006174 0.999981
vn 0.000000 -1.000000 0.000000
vn 0.000000 -1.000000 0.000000
vn 0.000000 -0.006174 0.999981
vn 0.000000 -0.006174 0.999981
vn 0.000000 -1.000000 0.000000
vn 0.000000 -1.000000 0.000000
vn 0.000002 -0.006174 0.999981
vn 0.000002 -0.006174 0.999981
vn 0.000000 -1.000000 0.000000
vn 0.000000 -1.000000 0.000000
vn -0.000002 -0.006174 0.999981
vn -0.000002 -0.006174 0.999981
vn 0.000000 -1.000000 -0.000000
vn 0.000000 -1.000000 -0.000000
vn -0.000003 -0.006174 0.999981
vn -0.000003 -0.006174 0.999981
vn 0.000000 -1.000000 0.000000
vn 0.000000 -1.000000 0.000000
vn 0.000003 -0.006174 0.999981
vn 0.000003 -0.006174 0.999981
vn 0.000000 -1.000000 0.000000
vn 0.000000 -1.000000 0.000000
vn 0.000005 -0.006174 0.999981
vn 0.000005 -0.006174 0.999981
vn 0.000000 -1.000000 0.000000
vn 0.000000 -1.000000 0.000000
vn -0.000005 -0.006174 0.999981
vn -0.000005 -0.006174 0.999981
vn -0.999984 -0.005680 0.000000
vn 0.000000 -1.000000 0.000000
vn 0.000000 -1.000000 0.000000
vn -0.999984 -0.005680 0.000000
vn 0.000000 -1.000000 0.000000
vn 0.000000 -1.000000 0.000000
vn 0.000000 -1.000000 0.000000
vn 0.000000 -1.000000 0.000000
vn 0.000000 -1.000000 0.000000
vn 0.000000 -1.000000 0.000000
vn 0.000000 -1.000000 0.000000
vn 0.000000 -1.000000 0.000000
vn 0.000000 -1.000000 0.000000
vn 0.000000 -1.000000 0.000000
vn 0.000000 -1.000000 0.000000
vn 0.000000 -1.000000 0.000000
vn 0.000000 -1.000000 0.000000
vn 0.000000 -1.000000 0.000000
vn 0.000000 -1.000000 0.000000
vn 0.000000 -1.000000 0.000000
vn 0.000000 -1.000000 0.000000
vn 0.000000 -1.000000 0.000000
vn 0.000000 -1.000000 0.000000
vn 0.000000 -1.000000 0.000000
vn 0.000000 -1.000000 0.000000
vn 0.000000 -1.000000 0.000000
vn 0.000000 -1.000000 0.000000
vn 0.000000 -1.000000 0.000000
vn 0.000000 -1.000000 0.000000
vn 0.000000 -1.000000 0.000000
vn 0.000000 -1.000000 0.000000
vn 0.000000 -1.000000 0.000000
vn 0.000000 -1.000000 0.000000
vn 0.000000 -1.000000 0.000000
vn 0.000000 -1.000000 0.000000
vn 0.000000 -1.000000 0.000000
vn 0.000000 -1.000000 0.000000
vn 0.000000 -1.000000 0.000000
vn 0.000000 -1.000000 0.000000
vn 0.000000 -1.000000 0.000000
vn -0.999984 -0.005680 0.000000
vn 0.000000 -1.000000 0.000000
vn 0.000000 -1.000000 0.000000
vn -0.999984 -0.005680 0.000000
vn 0.000000 -1.000000 0.000000
vn 0.000000 -1.000000 0.000000
vn 0.000000 -1.000000 0.000000
vn 0.000000 -1.000000 0.000000
vn 0.000000 -1.000000 0.000000
vn 0.000000 -1.000000 0.000000
vn 0.000000 -1.000000 0.000000
vn 0.000000 -1.000000 0.000000
vn 0.000000 -1.000000 0.000000
vn 0.000000 -1.000000 0.000000
vn 0.000000 -1.000000 0.000000
vn 0.000000 -1.000000 0.000000
vn 0.000000 -1.000000 0.000000
vn 0.000000 -1.000000 0.000000
vn 0.000000 -1.000000 0.000000
vn 0.000000 -1.000000 0.000000
vn 0.000000 -1.000000 0.000000
vn 0.000000 -1.000000 0.000000
vn 0.000000 -1.000000 0.000000
vn 0.000000 -1.000000 0.000000
vn 0.000000 -1.000000 0.000000
vn 0.000000 -1.000000 0.000000
vn 0.000000 -1.000000 -0.000004
vn 0.000000 -1.000000 -0.000004
vn 0.000000 -1.000000 0.000000
vn 0.000000 -1.000000 0.000000
vn 0.000000 -1.000000 0.000000
vn 0.000000 -1.000000 0.000000
vn 0.000000 -1.000000 0.000000
vn 0.000000 -1.000000 0.000000
vn 0.000000 -1.000000 0.000000
vn 0.000000 -1.000000 0.000000
vn 0.000000 -1.000000 0.000000
vn 0.000000 -1.000000 0.000000
vn 0.000000 -1.000000 0.000000
vn 0.000000 -1.000000 0.000000
vn -0.999984 -0.005680 0.000000
vn 0.000000 -1.000000 0.000000
vn 0.000000 -1.000000 0.000000
vn -0.999984 -0.005680 0.000000
vn 0.000000 -1.000000 0.000000
vn 0.000000 -1.000000 0.000000
vn 0.000000 -1.000000 0.000000
vn 0.000000 -1.000000 0.000000
vn 0.000000 -1.000000 0.000000
vn 0.000000 -1.000000 0.000000
vn 0.000000 -1.000000 0.000000
vn 0.000000 -1.000000 0.000000
vn 0.000000 -1.000000 0.000000
vn 0.000000 -1.000000 0.000000
vn 0.000000 -1.000000 0.000000
vn 0.000000 -1.000000 0.000000
vn 0.000000 -1.000000 0.000000
vn 0.000000 -1.000000 0.000000
vn 0.000000 -1.000000 0.000000
vn 0.000000 -1.000000 0.000000
vn 0.000000 -1.000000 0.000000
vn 0.000000 -1.000000 0.000000
vn 0.000000 -1.000000 0.000000
vn 0.000000 -1.000000 0.000000
vn 0.000000 -1.000000 -0.000000
vn 0.000000 -1.000000 -0.000000
vn 0.000000 -1.000000 0.000004
vn 0.000000 -1.000000 0.000004
vn 0.000000 -1.000000 0.000000
vn 0.000000 -1.000000 0.000000
vn 0.000000 -1.000000 0.000000
vn 0.000000 -1.000000 0.000000
vn 0.000000 -1.000000 0.000000
vn 0.000000 -1.000000 0.000000
vn 0.000000 -1.000000 0.000000
vn 0.000000 -1.000000 0.000000
vn 0.000000 -1.000000 0.000000
vn 0.000000 -1.000000 0.000000
vn 0.000000 -1.000000 0.000000
vn 0.000000 -1.000000 0.000000
vn -0.999984 -0.005680 0.000000
vn 0.000000 -1.000000 0.000000
vn 0.000000 -1.000000 0.000000
vn -0.999984 -0.005680 0.000000
vn 0.000000 -1.000000 0.000000
vn 0.000000 -1.000000 0.000000
vn 0.000000 -1.000000 0.000000
vn 0.000000 -1.000000 0.000000
vn 0.000000 -1.000000 0.000000
vn 0.000000 -1.000000 0.000000
vn 0.000000 -1.000000 0.000000
vn 0.000000 -1.000000 0.000000
vn 0.000000 -1.000000 0.000000
vn 0.000000 -1.000000 0.000000
vn 0.000000 -1.000000 0.000000
vn 0.000000 -1.000000 0.000000
vn 0.000000 -1.000000 0.000000
vn 0.000000 -1.000000 0.000000
vn 0.000000 -1.000000 0.000000
vn 0.000000 -1.000000 0.000000
vn 0.000000 -1.000000 0.000000
vn 0.000000 -1.000000 0.000000
vn 0.000000 -1.000000 0.000000
vn 0.000000 -1.000000 0.000000
vn 0.000000 -1.000000 -0.000000
vn 0.000000 -1.000000 -0.000000
vn 0.000000 -1.000000 -0.000000
vn 0.000000 -1.000000 -0.000000
vn 0.000000 -1.000000 0.000000
vn 0.000000 -1.000000 0.000000
vn 0.000000 -1.000000 0.000000
vn 0.000000 -1.000000 0.000000
vn 0.000000 -1.000000 0.000000
vn 0.000000 -1.000000 0.000000
vn 0.000000 -1.000000 0.000000
vn 0.000000 -1.000000 0.000000
vn 0.000000 -1.000000 0.000000
vn 0.000000 -1.000000 0.000000
vn 0.000000 -1.000000 0.000000
vn 0.000000 -1.000000 0.000000
vn -0.999984 -0.005680 0.000000
vn 0.000000 -1.000000 0.000000
vn 0.000000 -1.000000 0.000000
vn -0.999984 -0.005680 0.000000
vn 0.000000 -1.000000 0.000000
vn 0.000000 -1.000000 0.000000
vn 0.000000 -1.000000 0.000000
vn 0.000000 -1.000000 0.000000
vn 0.000000 -1.000000 0.000000
vn 0.000000 -1.000000 0.000000
vn 0.000000 -1.000000 0.000000
vn 0.000000 -1.000000 0.000000
vn 0.000000 -1.000000 0.000000
vn 0.000000 -1.000000 0.000000
vn 0.000000 -1.000000 0.000000
vn 0.000000 -1.000000 0.000000
vn 0.000000 -1.000000 0.000000
vn 0.000000 -1.000000 0.000000
vn 0.000000 -1.000000 0.000000
vn 0.000000 -1.000000 0.000000
vn 0.000000 -1.000000 0.000000
vn 0.000000 -1.000000 0.000000
vn 0.000000 -1.000000 0.000000
vn 0.000000 -1.000000 0.000000
vn 0.000000 -1.000000 0.000000
vn 0.000000 -1.000000 0.000000
vn 0.000000 -1.000000 -0.000004
vn 0.000000 -1.000000 -0.000004
vn 0.000000 -1.000000 0.000000
vn 0.000000 -1.000000 0.000000
vn 0.000000 -1.000000 0.000000
vn 0.000000 -1.000000 0.000000
vn 0.000000 -1.000000 0.000000
vn 0.000000 -1.000000 0.000000
vn 0.000000 -1.000000 0.000000
vn 0.000000 -1.000000 0.000000
vn 0.000000 -1.000000 0.000000
vn 0.000000 -1.000000 0.000000
vn 0.000000 -1.000000 0.000000
vn 0.000000 -1.000000 0.000000
vn -0.999984 -0.005680 0.000000
vn 0.000000 -1.000000 0.000000
vn 0.000000 -1.000000 0.000000
vn -0.999984 -0.005680 0.000000
vn 0.000000 -1.000000 0.000000
vn 0.000000 -1.000000 0.000000
vn 0.000000 -1.000000 0.000000
vn 0.000000 -1.000000 0.000000
vn 0.000000 -1.000000 0.000000
vn 0.000000 -1.000000 0.000000
vn 0.000000 -1.000000 0.000000
vn 0.000000 -1.000000 0.000000
vn 0.000000 -1.000000 0.000000
vn 0.000000 -1.000000 0.000000
vn 0.000000 -1.000000 0.000000
vn 0.000000 -1.000000 0.000000
vn 0.000000 -1.000000 0.000000
vn 0.000000 -1.000000 0.000000
vn 0.000000 -1.000000 0.000000
vn 0.000000 -1.000000 0.000000
vn 0.000000 -1.000000 0.000000
vn 0.000000 -1.000000 0.000000
vn 0.000000 -1.000000 0.000000
vn 0.000000 -1.000000 0.000000
vn 0.000000 -1.000000 0.000000
vn 0.000000 -1.000000 0.000000
vn 0.000000 -1.000000 0.000000
vn 0.000000 -1.000000 0.000000
vn 0.000000 -1.000000 0.000000
vn 0.000000 -1.000000 0.000000
vn 0.000000 -1.000000 0.000000
vn 0.000000 -1.000000 0.000000
vn 0.000000 -1.000000 0.000000
vn 0.000000 -1.000000 0.000000
vn 0.000000 -1.000000 0.000000
vn 0.000000 -1.000000 0.000000
vn 0.000000 -1.000000 0.000000
vn 0.000000 -1.000000 0.000000
vn 0.000000 -1.000000 0.000000
vn 0.000000 -1.000000 0.000000
vn -0.999984 -0.005680 0.000000
vn 0.000000 -1.000000 0.000000
vn 0.000000 -1.000000 0.000000
vn -0.999984 -0.005680 0.000000
vn 0.000000 -1.000000 0.000000
vn 0.000000 -1.000000 0.000000
vn 0.000000 -1.000000 0.000000
vn 0.000000 -1.000000 0.000000
vn 0.000000 -1.000000 0.000000
vn 0.000000 -1.000000 0.000000
vn 0.000000 -1.000000 0.000000
vn 0.000000 -1.000000 0.000000
vn 0.000000 -1.000000 0.000000
vn 0.000000 -1.000000 0.000000
vn 0.000000 -1.000000 0.000000
vn 0.000000 -1.000000 0.000000
vn 0.000000 -1.000000 0.000000
vn 0.000000 -1.000000 0.000000
vn 0.000000 -1.000000 0.000000
vn 0.000000 -1.000000 0.000000
vn 0.000000 -1.000000 0.000000
vn 0.000000 -1.000000 0.000000
vn 0.000000 -1.000000 0.000000
vn 0.000000 -1.000000 0.000000
vn 0.000000 -1.000000 0.000000
vn 0.000000 -1.000000 0.000000
vn 0.000000 -1.000000 0.000000
vn 0.000000 -1.000000 0.000000
vn 0.000000 -1.000000 0.000000
vn 0.000000 -1.000000 0.000000
vn 0.000000 -1.000000 0.000000
vn 0.000000 -1.000000 0.000000
vn 0.000000 -1.000000 0.000000
vn 0.000000 -1.000000 0.000000
vn 0.000000 -1.000000 0.000000
vn 0.000000 -1.000000 0.000000
vn 0.000000 -1.000000 0.000000
vn 0.000000 -1.000000 0.000000
vn 0.000000 -1.000000 0.000000
vn 0.000000 -1.000000 0.000000
vn -0.999984 -0.005680 0.000000
vn 0.000000 -1.000000 0.000000
vn 0.000000 -1.000000 0.000000
vn -0.999984 -0.005680 0.000000
vn 0.000000 -1.000000 0.000000
vn 0.000000 -1.000000 0.000000
vn 0.000000 -1.000000 0.000000
vn 0.000000 -1.000000 0.000000
vn 0.000000 -1.000000 0.000000
vn 0.000000 -1.000000 0.000000
vn 0.000000 -1.000000 0.000000
vn 0.000000 -1.000000 0.000000
vn 0.000000 -1.000000 0.000000
vn 0.000000 -1.000000 0.000000
vn 0.000000 -1.000000 0.000000
vn 0.000000 -1.000000 0.000000
vn 0.000000 -1.000000 0.000000
vn 0.000000 -1.000000 0.000000
vn 0.000000 -1.000000 0.000000
vn 0.000000 -1.000000 0.000000
vn 0.000000 -1.000000 0.000000
vn 0.000000 -1.000000 0.000000
vn 0.000000 -1.000000 0.000000
vn 0.000000 -1.000000 0.000000
vn 0.000000 -1.000000 0.000000
vn 0.000000 -1.000000 0.000000
vn 0.000000 -1.000000 0.000000
vn 0.000000 -1.000000 0.000000
vn 0.000000 -1.000000 0.000000
vn 0.000000 -1.000000 0.000000
vn 0.000000 -1.000000 0.000000
vn 0.000000 -1.000000 0.000000
vn 0.000000 -1.000000 0.000000
vn 0.000000 -1.000000 0.000000
vn 0.000000 -1.000000 0.000000
vn 0.000000 -1.000000 0.000000
vn 0.000000 -1.000000 0.000000
vn 0.000000 -1.000000 0.000000
vn 0.000000 -1.000000 0.000000
vn 0.000000 -1.000000 0.000000
vn -0.999984 -0.005680 0.000000
vn 0.000000 -1.000000 0.000000
vn 0.000000 -1.000000 0.000000
vn -0.999984 -0.005680 0.000000
vn 0.000000 -1.000000 0.000000
vn 0.000000 -1.000000 0.000000
vn 0.000000 -1.000000 0.000000
vn 0.000000 -1.000000 0.000000
vn 0.000000 -1.000000 0.000000
vn 0.000000 -1.000000 0.000000
vn 0.000000 -1.000000 0.000000
vn 0.000000 -1.000000 0.000000
vn 0.000000 -1.000000 0.000000
vn 0.000000 -1.000000 0.000000
vn 0.000000 -1.000000 0.000000
vn 0.000000 -1.000000 0.000000
vn 0.000000 -1.000000 0.000000
vn 0.000000 -1.000000 0.000000
vn 0.000000 -1.000000 0.000000
vn 0.000000 -1.000000 0.000000
vn 0.000000 -1.000000 0.000000
vn 0.000000 -1.000000 0.000000
vn 0.000000 -1.000000 0.000000
vn 0.000000 -1.000000 0.000000
vn 0.000000 -1.000000 0.000000
vn 0.000000 -1.000000 0.000000
vn 0.000000 -1.000000 0.000000
vn 0.000000 -1.000000 0.000000
vn 0.000000 -1.000000 0.000000
vn 0.000000 -1.000000 0.000000
vn 0.000000 -1.000000 0.000000
vn 0.000000 -1.000000 0.000000
vn 0.000000 -1.000000 0.000000
vn 0.000000 -1.000000 0.000000
vn 0.000000 -1.000000 0.000000
vn 0.000000 -1.000000 0.000000
vn 0.000000 -1.000000 0.000000
vn 0.000000 -1.000000 0.000000
vn 0.000000 -1.000000 0.000000
vn 0.000000 -1.000000 0.000000
vn 0.999984 -0.005680 0.000000
vn 0.735896 -0.004180 0.677081
vn 0.999984 -0.005680 0.000000
vn 0.999984 -0.005680 0.000000
vn 0.999984 -0.005680 0.000000
vn 0.999984 -0.005680 0.000000
vn 0.999984 -0.005680 0.000000
vn 0.999984 -0.005680 0.000000
vn 0.999984 -0.005680 0.000000
vn 0.999984 -0.005680 0.000000
vn 0.999984 -0.005680 0.000000
vn 0.999984 -0.005680 0.000000
vn 0.999984 -0.005680 0.000000
vn 0.999984 -0.005680 0.000000
vn 0.999984 -0.005680 0.000000
vn 0.999984 -0.005680 0.000000
vn 0.999984 -0.005680 0.000000
vn 0.999984 -0.005680 0.000000
vn 0.999984 -0.005680 0.000000
vn 0.000005 -0.006174 -0.999981
vn 0.000000 -0.006174 -0.999981
vn -0.735895 -0.004180 -0.677082
vn 0.000005 -0.006174 -0.999981
vn 0.000005 -0.006174 -0.999981
vn 0.000000 -0.006174 -0.999981
vn 0.000000 -0.006174 -0.999981
vn 0.000004 -0.006174 -0.999981
vn 0.000004 -0.006174 -0.999981
vn -0.000004 -0.006174 -0.999981
vn -0.000004 -0.006174 -0.999981
vn 0.000000 -0.006174 -0.999981
vn 0.000000 -0.006174 -0.999981
vn 0.000000 -0.006174 -0.999981
vn 0.000000 -0.006174 -0.999981
vn 0.000000 -0.006174 -0.999981
vn 0.000000 -0.006174 -0.999981
vn -0.000005 -0.006174 -0.999981
vn -0.000005 -0.006174 -0.999981
vn 0.999984 -0.005680 0.000000
vn 0.000005 -0.006174 -0.999981
vn 0.735896 -0.004180 -0.677082
s 1
g couette
usemtl initialShadingGroup
f 443/883/1 442/884/2 444/885/3 445/122/4
f 447/124/5 446/886/6 448/887/7 449/127/8
f 451/129/9 450/888/10 452/889/11 453/131/12
f 455/133/13 454/890/14 456/891/15 457/135/16
f 459/137/17 458/892/18 460/893/19 461/139/20
f 463/141/21 462/894/22 464/895/23 465/143/24
f 467/145/25 466/896/26 468/897/27 469/147/28
f 471/149/29 470/898/30 472/899/31 473/151/32
f 475/153/33 474/900/34 476/901/35 477/155/36
f 479/157/37 478/902/38 480/903/39 481/159/40
f 483/904/41 482/905/42 484/125/43 485/163/44
f 487/164/45 486/13/46 488/130/47 489/167/48
f 491/168/49 490/14/50 492/134/51 493/170/52
f 495/171/53 494/15/54 496/138/55 497/173/56
f 499/174/57 498/16/58 500/142/59 501/176/60
f 503/177/61 502/17/62 504/146/63 505/179/64
f 507/180/65 506/18/66 508/150/67 509/182/68
f 511/183/69 510/19/70 512/154/71 513/185/72
f 515/186/73 514/20/74 516/158/75 517/188/76
f 519/189/77 518/21/78 520/162/79 521/191/80
f 523/906/81 522/907/82 524/165/83 525/194/84
f 527/195/85 526/24/86 528/169/87 529/198/88
f 531/199/89 530/25/90 532/172/91 533/201/92
f 535/202/93 534/26/94 536/175/95 537/204/96
f 539/205/97 538/27/98 540/178/99 541/207/100
f 543/208/101 542/28/102 544/181/103 545/210/104
f 547/211/105 546/29/106 548/184/107 549/213/108
f 551/214/109 550/30/110 552/187/111 553/216/112
f 555/217/113 554/31/114 556/190/115 557/219/116
f 559/220/117 558/32/118 560/193/119 561/222/120
f 563/908/121 562/909/122 564/196/123 565/225/124
f 567/226/125 566/35/126 568/200/127 569/229/128
f 571/230/129 570/36/130 572/203/131 573/232/132
f 575/233/133 574/37/134 576/206/135 577/235/136
f 579/236/137 578/38/138 580/209/139 581/238/140
f 583/239/141 582/39/142 584/212/143 585/241/144
f 587/242/145 586/40/146 588/215/147 589/244/148
f 591/245/149 590/41/150 592/218/151 593/247/152
f 595/248/153 594/42/154 596/221/155 597/250/156
f 599/251/157 598/43/158 600/224/159 601/253/160
f 603/910/161 602/911/162 604/227/163 605/256/164
f 607/257/165 606/46/166 608/231/167 609/260/168
f 611/261/169 610/47/170 612/234/171 613/263/172
f 615/264/173 614/48/174 616/237/175 617/266/176
f 619/267/177 618/49/178 620/240/179 621/269/180
f 623/270/181 622/50/182 624/243/183 625/272/184
f 627/273/185 626/51/186 628/246/187 629/275/188
f 631/276/189 630/52/190 632/249/191 633/278/192
f 635/279/193 634/53/194 636/252/195 637/281/196
f 639/282/197 638/54/198 640/255/199 641/284/200
f 643/912/201 642/913/202 644/258/203 645/287/204
f 647/288/205 646/57/206 648/262/207 649/291/208
f 651/292/209 650/58/210 652/265/211 653/294/212
f 655/295/213 654/59/214 656/268/215 657/297/216
f 659/298/217 658/60/218 660/271/219 661/300/220
f 663/301/221 662/61/222 664/274/223 665/303/224
f 667/304/225 666/62/226 668/277/227 669/306/228
f 671/307/229 670/63/230 672/280/231 673/309/232
f 675/310/233 674/64/234 676/283/235 677/312/236
f 679/313/237 678/65/238 680/286/239 681/315/240
f 683/914/241 682/915/242 684/289/243 685/318/244
f 687/319/245 686/68/246 688/293/247 689/322/248
f 691/323/249 690/69/250 692/296/251 693/325/252
f 695/326/253 694/70/254 696/299/255 697/328/256
f 699/329/257 698/71/258 700/302/259 701/331/260
f 703/332/261 702/72/262 704/305/263 705/334/264
f 707/335/265 706/73/266 708/308/267 709/337/268
f 711/338/269 710/74/270 712/311/271 713/340/272
f 715/341/273 714/75/274 716/314/275 717/343/276
f 719/344/277 718/76/278 720/317/279 721/346/280
f 723/916/281 722/917/282 724/320/283 725/349/284
f 727/350/285 726/79/286 728/324/287 729/353/288
f 731/354/289 730/80/290 732/327/291 733/356/292
f 735/357/293 734/81/294 736/330/295 737/359/296
f 739/360/297 738/82/298 740/333/299 741/362/300
f 743/363/301 742/83/302 744/336/303 745/365/304
f 747/366/305 746/84/306 748/339/307 749/368/308
f 751/369/309 750/85/310 752/342/311 753/371/312
f 755/372/313 754/86/314 756/345/315 757/374/316
f 759/375/317 758/87/318 760/348/319 761/377/320
f 763/918/321 762/919/322 764/351/323 765/380/324
f 767/381/325 766/90/326 768/355/327 769/384/328
f 771/385/329 770/91/330 772/358/331 773/387/332
f 775/388/333 774/92/334 776/361/335 777/390/336
f 779/391/337 778/93/338 780/364/339 781/393/340
f 783/394/341 782/94/342 784/367/343 785/396/344
f 787/397/345 786/95/346 788/370/347 789/399/348
f 791/400/349 790/96/350 792/373/351 793/402/352
f 795/403/353 794/97/354 796/376/355 797/405/356
f 799/406/357 798/98/358 800/379/359 801/408/360
f 803/920/361 802/921/362 804/382/363 805/411/364
f 807/412/365 806/101/366 808/386/367 809/415/368
f 811/416/369 810/102/370 812/389/371 813/418/372
f 815/419/373 814/103/374 816/392/375 817/421/376
f 819/422/377 818/104/378 820/395/379 821/424/380
f 823/425/381 822/105/382 824/398/383 825/427/384
f 827/428/385 826/106/386 828/401/387 829/430/388
f 831/431/389 830/107/390 832/404/391 833/433/392
f 835/434/393 834/108/394 836/407/395 837/436/396
f 839/437/397 838/109/398 840/410/399 841/439/400
f 444/885/3 446/886/6 447/124/5 445/122/4
f 447/124/5 486/13/46 484/125/43 445/122/4
f 484/125/43 482/905/42 443/883/1 445/122/4
f 448/887/7 450/888/10 451/129/9 449/127/8
f 451/129/9 490/14/50 488/130/47 449/127/8
f 488/130/47 486/13/46 447/124/5 449/127/8
f 452/889/11 454/890/14 455/133/13 453/131/12
f 455/133/13 494/15/54 492/134/51 453/131/12
f 492/134/51 490/14/50 451/129/9 453/131/12
f 456/891/15 458/892/18 459/137/17 457/135/16
f 459/137/17 498/16/58 496/138/55 457/135/16
f 496/138/55 494/15/54 455/133/13 457/135/16
f 460/893/19 462/894/22 463/141/21 461/139/20
f 463/141/21 502/17/62 500/142/59 461/139/20
f 500/142/59 498/16/58 459/137/17 461/139/20
f 464/895/23 466/896/26 467/145/25 465/143/24
f 467/145/25 506/18/66 504/146/63 465/143/24
f 504/146/63 502/17/62 463/141/21 465/143/24
f 468/897/27 470/898/30 471/149/29 469/147/28
f 471/149/29 510/19/70 508/150/67 469/147/28
f 508/150/67 506/18/66 467/145/25 469/147/28
f 472/899/31 474/900/34 475/153/33 473/151/32
f 475/153/33 514/20/74 512/154/71 473/151/32
f 512/154/71 510/19/70 471/149/29 473/151/32
f 476/901/35 478/902/38 479/157/37 477/155/36
f 479/157/37 518/21/78 516/158/75 477/155/36
f 516/158/75 514/20/74 475/153/33 477/155/36
f 480/903/39 842/922/401 843/923/402 481/159/40
f 843/923/402 844/924/403 520/162/79 481/159/40
f 520/162/79 518/21/78 479/157/37 481/159/40
f 484/125/43 486/13/46 487/164/45 485/163/44
f 487/164/45 526/24/86 524/165/83 485/163/44
f 524/165/83 522/907/82 483/904/41 485/163/44
f 488/130/47 490/14/50 491/168/49 489/167/48
f 491/168/49 530/25/90 528/169/87 489/167/48
f 528/169/87 526/24/86 487/164/45 489/167/48
f 492/134/51 494/15/54 495/171/53 493/170/52
f 495/171/53 534/26/94 532/172/91 493/170/52
f 532/172/91 530/25/90 491/168/49 493/170/52
f 496/138/55 498/16/58 499/174/57 497/173/56
f 499/174/57 538/27/98 536/175/95 497/173/56
f 536/175/95 534/26/94 495/171/53 497/173/56
f 500/142/59 502/17/62 503/177/61 501/176/60
f 503/177/61 542/28/102 540/178/99 501/176/60
f 540/178/99 538/27/98 499/174/57 501/176/60
f 504/146/63 506/18/66 507/180/65 505/179/64
f 507/180/65 546/29/106 544/181/103 505/179/64
f 544/181/103 542/28/102 503/177/61 505/179/64
f 508/150/67 510/19/70 511/183/69 509/182/68
f 511/183/69 550/30/110 548/184/107 509/182/68
f 548/184/107 546/29/106 507/180/65 509/182/68
f 512/154/71 514/20/74 515/186/73 513/185/72
f 515/186/73 554/31/114 552/187/111 513/185/72
f 552/187/111 550/30/110 511/183/69 513/185/72
f 516/158/75 518/21/78 519/189/77 517/188/76
f 519/189/77 558/32/118 556/190/115 517/188/76
f 556/190/115 554/31/114 515/186/73 517/188/76
f 520/162/79 844/924/403 845/925/404 521/191/80
f 845/925/404 846/926/405 560/193/119 521/191/80
f 560/193/119 558/32/118 519/189/77 521/191/80
f 524/165/83 526/24/86 527/195/85 525/194/84
f 527/195/85 566/35/126 564/196/123 525/194/84
f 564/196/123 562/909/122 523/906/81 525/194/84
f 528/169/87 530/25/90 531/199/89 529/198/88
f 531/199/89 570/36/130 568/200/127 529/198/88
f 568/200/127 566/35/126 527/195/85 529/198/88
f 532/172/91 534/26/94 535/202/93 533/201/92
f 535/202/93 574/37/134 572/203/131 533/201/92
f 572/203/131 570/36/130 531/199/89 533/201/92
f 536/175/95 538/27/98 539/205/97 537/204/96
f 539/205/97 578/38/138 576/206/135 537/204/96
f 576/206/135 574/37/134 535/202/93 537/204/96
f 540/178/99 542/28/102 543/208/101 541/207/100
f 543/208/101 582/39/142 580/209/139 541/207/100
f 580/209/139 578/38/138 539/205/97 541/207/100
f 544/181/103 546/29/106 547/211/105 545/210/104
f 547/211/105 586/40/146 584/212/143 545/210/104
f 584/212/143 582/39/142 543/208/101 545/210/104
f 548/184/107 550/30/110 551/214/109 549/213/108
f 551/214/109 590/41/150 588/215/147 549/213/108
f 588/215/147 586/40/146 547/211/105 549/213/108
f 552/187/111 554/31/114 555/217/113 553/216/112
f 555/217/113 594/42/154 592/218/151 553/216/112
f 592/218/151 590/41/150 551/214/109 553/216/112
f 556/190/115 558/32/118 559/220/117 557/219/116
f 559/220/117 598/43/158 596/221/155 557/219/116
f 596/221/155 594/42/154 555/217/113 557/219/116
f 560/193/119 846/926/405 847/927/406 561/222/120
f 847/927/406 848/928/407 600/224/159 561/222/120
f 600/224/159 598/43/158 559/220/117 561/222/120
f 564/196/123 566/35/126 567/226/125 565/225/124
f 567/226/125 606/46/166 604/227/163 565/225/124
f 604/227/163 602/911/162 563/908/121 565/225/124
f 568/200/127 570/36/130 571/230/129 569/229/128
f 571/230/129 610/47/170 608/231/167 569/229/128
f 608/231/167 606/46/166 567/226/125 569/229/128
f 572/203/131 574/37/134 575/233/133 573/232/132
f 575/233/133 614/48/174 612/234/171 573/232/132
f 612/234/171 610/47/170 571/230/129 573/232/132
f 576/206/135 578/38/138 579/236/137 577/235/136
f 579/236/137 618/49/178 616/237/175 577/235/136
f 616/237/175 614/48/174 575/233/133 577/235/136
f 580/209/139 582/39/142 583/239/141 581/238/140
f 583/239/141 622/50/182 620/240/179 581/238/140
f 620/240/179 618/49/178 579/236/137 581/238/140
f 584/212/143 586/40/146 587/242/145 585/241/144
f 587/242/145 626/51/186 624/243/183 585/241/144
f 624/243/183 622/50/182 583/239/141 585/241/144
f 588/215/147 590/41/150 591/245/149 589/244/148
f 591/245/149 630/52/190 628/246/187 589/244/148
f 628/246/187 626/51/186 587/242/145 589/244/148
f 592/218/151 594/42/154 595/248/153 593/247/152
f 595/248/153 634/53/194 632/249/191 593/247/152
f 632/249/191 630/52/190 591/245/149 593/247/152
f 596/221/155 598/43/158 599/251/157 597/250/156
f 599/251/157 638/54/198 636/252/195 597/250/156
f 636/252/195 634/53/194 595/248/153 597/250/156
f 600/224/159 848/928/407 849/929/408 601/253/160
f 849/929/408 850/930/409 640/255/199 601/253/160
f 640/255/199 638/54/198 599/251/157 601/253/160
f 604/227/163 606/46/166 607/257/165 605/256/164
f 607/257/165 646/57/206 644/258/203 605/256/164
f 644/258/203 642/913/202 603/910/161 605/256/164
f 608/231/167 610/47/170 611/261/169 609/260/168
f 611/261/169 650/58/210 648/262/207 609/260/168
f 648/262/207 646/57/206 607/257/165 609/260/168
f 612/234/171 614/48/174 615/264/173 613/263/172
f 615/264/173 654/59/214 652/265/211 613/263/172
f 652/265/211 650/58/210 611/261/169 613/263/172
f 616/237/175 618/49/178 619/267/177 617/266/176
f 619/267/177 658/60/218 656/268/215 617/266/176
f 656/268/215 654/59/214 615/264/173 617/266/176
f 620/240/179 622/50/182 623/270/181 621/269/180
f 623/270/181 662/61/222 660/271/219 621/269/180
f 660/271/219 658/60/218 619/267/177 621/269/180
f 624/243/183 626/51/186 627/273/185 625/272/184
f 627/273/185 666/62/226 664/274/223 625/272/184
f 664/274/223 662/61/222 623/270/181 625/272/184
f 628/246/187 630/52/190 631/276/189 629/275/188
f 631/276/189 670/63/230 668/277/227 629/275/188
f 668/277/227 666/62/226 627/273/185 629/275/188
f 632/249/191 634/53/194 635/279/193 633/278/192
f 635/279/193 674/64/234 672/280/231 633/278/192
f 672/280/231 670/63/230 631/276/189 633/278/192
f 636/252/195 638/54/198 639/282/197 637/281/196
f 639/282/197 678/65/238 676/283/235 637/281/196
f 676/283/235 674/64/234 635/279/193 637/281/196
f 640/255/199 850/930/409 851/931/410 641/284/200
f 851/931/410 852/932/411 680/286/239 641/284/200
f 680/286/239 678/65/238 639/282/197 641/284/200
f 644/258/203 646/57/206 647/288/205 645/287/204
f 647/288/205 686/68/246 684/289/243 645/287/204
f 684/289/243 682/915/242 643/912/201 645/287/204
f 648/262/207 650/58/210 651/292/209 649/291/208
f 651/292/209 690/69/250 688/293/247 649/291/208
f 688/293/247 686/68/246 647/288/205 649/291/208
f 652/265/211 654/59/214 655/295/213 653/294/212
f 655/295/213 694/70/254 692/296/251 653/294/212
f 692/296/251 690/69/250 651/292/209 653/294/212
f 656/268/215 658/60/218 659/298/217 657/297/216
f 659/298/217 698/71/258 696/299/255 657/297/216
f 696/299/255 694/70/254 655/295/213 657/297/216
f 660/271/219 662/61/222 663/301/221 661/300/220
f 663/301/221 702/72/262 700/302/259 661/300/220
f 700/302/259 698/71/258 659/298/217 661/300/220
f 664/274/223 666/62/226 667/304/225 665/303/224
f 667/304/225 706/73/266 704/305/263 665/303/224
f 704/305/263 702/72/262 663/301/221 665/303/224
f 668/277/227 670/63/230 671/307/229 669/306/228
f 671/307/229 710/74/270 708/308/267 669/306/228
f 708/308/267 706/73/266 667/304/225 669/306/228
f 672/280/231 674/64/234 675/310/233 673/309/232
f 675/310/233 714/75/274 712/311/271 673/309/232
f 712/311/271 710/74/270 671/307/229 673/309/232
f 676/283/235 678/65/238 679/313/237 677/312/236
f 679/313/237 718/76/278 716/314/275 677/312/236
f 716/314/275 714/75/274 675/310/233 677/312/236
f 680/286/239 852/932/411 853/933/412 681/315/240
f 853/933/412 854/934/413 720/317/279 681/315/240
f 720/317/279 718/76/278 679/313/237 681/315/240
f 684/289/243 686/68/246 687/319/245 685/318/244
f 687/319/245 726/79/286 724/320/283 685/318/244
f 724/320/283 722/917/282 683/914/241 685/318/244
f 688/293/247 690/69/250 691/323/249 689/322/248
f 691/323/249 730/80/290 728/324/287 689/322/248
f 728/324/287 726/79/286 687/319/245 689/322/248
f 692/296/251 694/70/254 695/326/253 693/325/252
f 695/326/253 734/81/294 732/327/291 693/325/252
f 732/327/291 730/80/290 691/323/249 693/325/252
f 696/299/255 698/71/258 699/329/257 697/328/256
f 699/329/257 738/82/298 736/330/295 697/328/256
f 736/330/295 734/81/294 695/326/253 697/328/256
f 700/302/259 702/72/262 703/332/261 701/331/260
f 703/332/261 742/83/302 740/333/299 701/331/260
f 740/333/299 738/82/298 699/329/257 701/331/260
f 704/305/263 706/73/266 707/335/265 705/334/264
f 707/335/265 746/84/306 744/336/303 705/334/264
f 744/336/303 742/83/302 703/332/261 705/334/264
f 708/308/267 710/74/270 711/338/269 709/337/268
f 711/338/269 750/85/310 748/339/307 709/337/268
f 748/339/307 746/84/306 707/335/265 709/337/268
f 712/311/271 714/75/274 715/341/273 713/340/272
f 715/341/273 754/86/314 752/342/311 713/340/272
f 752/342/311 750/85/310 711/338/269 713/340/272
f 716/314/275 718/76/278 719/344/277 717/343/276
f 719/344/277 758/87/318 756/345/315 717/343/276
f 756/345/315 754/86/314 715/341/273 717/343/276
f 720/317/279 854/934/413 855/935/414 721/346/280
f 855/935/414 856/936/415 760/348/319 721/346/280
f 760/348/319 758/87/318 719/344/277 721/346/280
f 724/320/283 726/79/286 727/350/285 725/349/284
f 727/350/285 766/90/326 764/351/323 725/349/284
f 764/351/323 762/919/322 723/916/281 725/349/284
f 728/324/287 730/80/290 731/354/289 729/353/288
f 731/354/289 770/91/330 768/355/327 729/353/288
f 768/355/327 766/90/326 727/350/285 729/353/288
f 732/327/291 734/81/294 735/357/293 733/356/292
f 735/357/293 774/92/334 772/358/331 733/356/292
f 772/358/331 770/91/330 731/354/289 733/356/292
f 736/330/295 738/82/298 739/360/297 737/359/296
f 739/360/297 778/93/338 776/361/335 737/359/296
f 776/361/335 774/92/334 735/357/293 737/359/296
f 740/333/299 742/83/302 743/363/301 741/362/300
f 743/363/301 782/94/342 780/364/339 741/362/300
f 780/364/339 778/93/338 739/360/297 741/362/300
f 744/336/303 746/84/306 747/366/305 745/365/304
f 747/366/305 786/95/346 784/367/343 745/365/304
f 784/367/343 782/94/342 743/363/301 745/365/304
f 748/339/307 750/85/310 751/369/309 749/368/308
f 751/369/309 790/96/350 788/370/347 749/368/308
f 788/370/347 786/95/346 747/366/305 749/368/308
f 752/342/311 754/86/314 755/372/313 753/371/312
f 755/372/313 794/97/354 792/373/351 753/371/312
f 792/373/351 790/96/350 751/369/309 753/371/312
f 756/345/315 758/87/318 759/375/317 757/374/316
f 759/375/317 798/98/358 796/376/355 757/374/316
f 796/376/355 794/97/354 755/372/313 757/374/316
f 760/348/319 856/936/415 857/937/416 761/377/320
f 857/937/416 858/938/417 800/379/359 761/377/320
f 800/379/359 798/98/358 759/375/317 761/377/320
f 764/351/323 766/90/326 767/381/325 765/380/324
f 767/381/325 806/101/366 804/382/363 765/380/324
f 804/382/363 802/921/362 763/918/321 765/380/324
f 768/355/327 770/91/330 771/385/329 769/384/328
f 771/385/329 810/102/370 808/386/367 769/384/328
f 808/386/367 806/101/366 767/381/325 769/384/328
f 772/358/331 774/92/334 775/388/333 773/387/332
f 775/388/333 814/103/374 812/389/371 773/387/332
f 812/389/371 810/102/370 771/385/329 773/387/332
f 776/361/335 778/93/338 779/391/337 777/390/336
f 779/391/337 818/104/378 816/392/375 777/390/336
f 816/392/375 814/103/374 775/388/333 777/390/336
f 780/364/339 782/94/342 783/394/341 781/393/340
f 783/394/341 822/105/382 820/395/379 781/393/340
f 820/395/379 818/104/378 779/391/337 781/393/340
f 784/367/343 786/95/346 787/397/345 785/396/344
f 787/397/345 826/106/386 824/398/383 785/396/344
f 824/398/383 822/105/382 783/394/341 785/396/344
f 788/370/347 790/96/350 791/400/349 789/399/348
f 791/400/349 830/107/390 828/401/387 789/399/348
f 828/401/387 826/106/386 787/397/345 789/399/348
f 792/373/351 794/97/354 795/403/353 793/402/352
f 795/403/353 834/108/394 832/404/391 793/402/352
f 832/404/391 830/107/390 791/400/349 793/402/352
f 796/376/355 798/98/358 799/406/357 797/405/356
f 799/406/357 838/109/398 836/407/395 797/405/356
f 836/407/395 834/108/394 795/403/353 797/405/356
f 800/379/359 858/938/417 859/939/418 801/408/360
f 859/939/418 860/940/419 840/410/399 801/408/360
f 840/410/399 838/109/398 799/406/357 801/408/360
f 804/382/363 806/101/366 807/412/365 805/411/364
f 807/412/365 861/941/420 862/942/421 805/411/364
f 862/942/421 863/943/422 803/920/361 805/411/364
f 808/386/367 810/102/370 811/416/369 809/415/368
f 811/416/369 864/944/423 865/945/424 809/415/368
f 865/945/424 861/941/420 807/412/365 809/415/368
f 812/389/371 814/103/374 815/419/373 813/418/372
f 815/419/373 866/946/425 867/947/426 813/418/372
f 867/947/426 864/944/423 811/416/369 813/418/372
f 816/392/375 818/104/378 819/422/377 817/421/376
f 819/422/377 868/948/427 869/949/428 817/421/376
f 869/949/428 866/946/425 815/419/373 817/421/376
f 820/395/379 822/105/382 823/425/381 821/424/380
f 823/425/381 870/950/429 871/951/430 821/424/380
f 871/951/430 868/948/427 819/422/377 821/424/380
f 824/398/383 826/106/386 827/428/385 825/427/384
f 827/428/385 872/952/431 873/953/432 825/427/384
f 873/953/432 870/950/429 823/425/381 825/427/384
f 828/401/387 830/107/390 831/431/389 829/430/388
f 831/431/389 874/954/433 875/955/434 829/430/388
f 875/955/434 872/952/431 827/428/385 829/430/388
f 832/404/391 834/108/394 835/434/393 833/433/392
f 835/434/393 876/956/435 877/957/436 833/433/392
f 877/957/436 874/954/433 831/431/389 833/433/392
f 836/407/395 838/109/398 839/437/397 837/436/396
f 839/437/397 878/958/437 879/959/438 837/436/396
f 879/959/438 876/956/435 835/434/393 837/436/396
f 840/410/399 860/940/419 880/960/439 841/439/400
f 880/960/439 881/961/440 882/962/441 841/439/400
f 882/962/441 878/958/437 839/437/397 841/439/400
f 126/442/442 122/445/443 123/444/444 1/443/445
f 124/446/446 127/449/447 128/448/448 2/447/449
f 129/450/450 131/453/451 132/452/452 3/451/453
f 133/454/454 135/457/455 136/456/456 4/455/457
f 137/458/458 139/461/459 140/460/460 5/459/461
f 141/462/462 143/465/463 144/464/464 6/463/465
f 145/466/466 147/469/467 148/468/468 7/467/469
f 149/470/470 151/473/471 152/472/472 8/471/473
f 153/474/474 155/477/475 156/476/476 9/475/477
f 157/478/478 159/481/479 160/480/480 10/479/481
f 166/482/482 163/485/483 125/484/484 12/483/485
f 164/486/486 167/489/487 130/488/488 13/487/489
f 168/490/490 170/493/491 134/492/492 14/491/493
f 171/494/494 173/497/495 138/496/496 15/495/497
f 174/498/498 176/501/499 142/500/500 16/499/501
f 177/502/502 179/505/503 146/504/504 17/503/505
f 180/506/506 182/509/507 150/508/508 18/507/509
f 183/510/510 185/513/511 154/512/512 19/511/513
f 186/514/514 188/517/515 158/516/516 20/515/517
f 189/518/518 191/521/519 162/520/520 21/519/521
f 197/522/522 194/525/523 165/524/524 23/523/525
f 195/526/526 198/529/527 169/528/528 24/527/529
f 199/530/530 201/533/531 172/532/532 25/531/533
f 202/534/534 204/537/535 175/536/536 26/535/537
f 205/538/538 207/541/539 178/540/540 27/539/541
f 208/542/542 210/545/543 181/544/544 28/543/545
f 211/546/546 213/549/547 184/548/548 29/547/549
f 214/550/550 216/553/551 187/552/552 30/551/553
f 217/554/554 219/557/555 190/556/556 31/555/557
f 220/558/558 222/561/559 193/560/560 32/559/561
f 228/562/562 225/565/563 196/564/564 34/563/565
f 226/566/566 229/569/567 200/568/568 35/567/569
f 230/570/570 232/573/571 203/572/572 36/571/573
f 233/574/574 235/577/575 206/576/576 37/575/577
f 236/578/578 238/581/579 209/580/580 38/579/581
f 239/582/582 241/585/583 212/584/584 39/583/585
f 242/586/586 244/589/587 215/588/588 40/587/589
f 245/590/590 247/593/591 218/592/592 41/591/593
f 248/594/594 250/597/595 221/596/596 42/595/597
f 251/598/598 253/601/599 224/600/600 43/599/601
f 259/602/602 256/605/603 227/604/604 45/603/605
f 257/606/606 260/609/607 231/608/608 46/607/609
f 261/610/610 263/613/611 234/612/612 47/611/613
f 264/614/614 266/617/615 237/616/616 48/615/617
f 267/618/618 269/621/619 240/620/620 49/619/621
f 270/622/622 272/625/623 243/624/624 50/623/625
f 273/626/626 275/629/627 246/628/628 51/627/629
f 276/630/630 278/633/631 249/632/632 52/631/633
f 279/634/634 281/637/635 252/636/636 53/635/637
f 282/638/638 284/641/639 255/640/640 54/639/641
f 290/642/642 287/645/643 258/644/644 56/643/645
f 288/646/646 291/649/647 262/648/648 57/647/649
f 292/650/650 294/653/651 265/652/652 58/651/653
f 295/654/654 297/657/655 268/656/656 59/655/657
f 298/658/658 300/661/659 271/660/660 60/659/661
f 301/662/662 303/665/663 274/664/664 61/663/665
f 304/666/666 306/669/667 277/668/668 62/667/669
f 307/670/670 309/673/671 280/672/672 63/671/673
f 310/674/674 312/677/675 283/676/676 64/675/677
f 313/678/678 315/681/679 286/680/680 65/679/681
f 321/682/682 318/685/683 289/684/684 67/683/685
f 319/686/686 322/689/687 293/688/688 68/687/689
f 323/690/690 325/693/691 296/692/692 69/691/693
f 326/694/694 328/697/695 299/696/696 70/695/697
f 329/698/698 331/701/699 302/700/700 71/699/701
f 332/702/702 334/705/703 305/704/704 72/703/705
f 335/706/706 337/709/707 308/708/708 73/707/709
f 338/710/710 340/713/711 311/712/712 74/711/713
f 341/714/714 343/717/715 314/716/716 75/715/717
f 344/718/718 346/721/719 317/720/720 76/719/721
f 352/722/722 349/725/723 320/724/724 78/723/725
f 350/726/726 353/729/727 324/728/728 79/727/729
f 354/730/730 356/733/731 327/732/732 80/731/733
f 357/734/734 359/737/735 330/736/736 81/735/737
f 360/738/738 362/741/739 333/740/740 82/739/741
f 363/742/742 365/745/743 336/744/744 83/743/745
f 366/746/746 368/749/747 339/748/748 84/747/749
f 369/750/750 371/753/751 342/752/752 85/751/753
f 372/754/754 374/757/755 345/756/756 86/755/757
f 375/758/758 377/761/759 348/760/760 87/759/761
f 383/762/762 380/765/763 351/764/764 89/763/765
f 381/766/766 384/769/767 355/768/768 90/767/769
f 385/770/770 387/773/771 358/772/772 91/771/773
f 388/774/774 390/777/775 361/776/776 92/775/777
f 391/778/778 393/781/779 364/780/780 93/779/781
f 394/782/782 396/785/783 367/784/784 94/783/785
f 397/786/786 399/789/787 370/788/788 95/787/789
f 400/790/790 402/793/791 373/792/792 96/791/793
f 403/794/794 405/797/795 376/796/796 97/795/797
f 406/798/798 408/801/799 379/800/800 98/799/801
f 414/802/802 411/805/803 382/804/804 100/803/805
f 412/806/806 415/809/807 386/808/808 101/807/809
f 416/810/810 418/813/811 389/812/812 102/811/813
f 419/814/814 421/817/815 392/816/816 103/815/817
f 422/818/818 424/821/819 395/820/820 104/819/821
f 425/822/822 427/825/823 398/824/824 105/823/825
f 428/826/826 430/829/827 401/828/828 106/827/829
f 431/830/830 433/833/831 404/832/832 107/831/833
f 434/834/834 436/837/835 407/836/836 108/835/837
f 437/838/838 439/841/839 410/840/840 109/839/841
f 123/444/444 122/445/443 124/446/446 2/447/449
f 124/446/446 122/445/443 125/484/484 13/487/489
f 125/484/484 122/445/443 126/442/442 12/483/485
f 128/448/448 127/449/447 129/450/450 3/451/453
f 129/450/450 127/449/447 130/488/488 14/491/493
f 130/488/488 127/449/447 124/446/446 13/487/489
f 132/452/452 131/453/451 133/454/454 4/455/457
f 133/454/454 131/453/451 134/492/492 15/495/497
f 134/492/492 131/453/451 129/450/450 14/491/493
f 136/456/456 135/457/455 137/458/458 5/459/461
f 137/458/458 135/457/455 138/496/496 16/499/501
f 138/496/496 135/457/455 133/454/454 15/495/497
f 140/460/460 139/461/459 141/462/462 6/463/465
f 141/462/462 139/461/459 142/500/500 17/503/505
f 142/500/500 139/461/459 137/458/458 16/499/501
f 144/464/464 143/465/463 145/466/466 7/467/469
f 145/466/466 143/465/463 146/504/504 18/507/509
f 146/504/504 143/465/463 141/462/462 17/503/505
f 148/468/468 147/469/467 149/470/470 8/471/473
f 149/470/470 147/469/467 150/508/508 19/511/513
f 150/508/508 147/469/467 145/466/466 18/507/509
f 152/472/472 151/473/471 153/474/474 9/475/477
f 153/474/474 151/473/471 154/512/512 20/515/517
f 154/512/512 151/473/471 149/470/470 19/511/513
f 156/476/476 155/477/475 157/478/478 10/479/481
f 157/478/478 155/477/475 158/516/516 21/519/521
f 158/516/516 155/477/475 153/474/474 20/515/517
f 160/480/480 159/481/479 161/843/842 11/842/843
f 161/843/842 159/481/479 162/520/520 22/844/844
f 162/520/520 159/481/479 157/478/478 21/519/521
f 125/484/484 163/485/483 164/486/486 13/487/489
f 164/486/486 163/485/483 165/524/524 24/527/529
f 165/524/524 163/485/483 166/482/482 23/523/525
f 130/488/488 167/489/487 168/490/490 14/491/493
f 168/490/490 167/489/487 169/528/528 25/531/533
f 169/528/528 167/489/487 164/486/486 24/527/529
f 134/492/492 170/493/491 171/494/494 15/495/497
f 171/494/494 170/493/491 172/532/532 26/535/537
f 172/532/532 170/493/491 168/490/490 25/531/533
f 138/496/496 173/497/495 174/498/498 16/499/501
f 174/498/498 173/497/495 175/536/536 27/539/541
f 175/536/536 173/497/495 171/494/494 26/535/537
f 142/500/500 176/501/499 177/502/502 17/503/505
f 177/502/502 176/501/499 178/540/540 28/543/545
f 178/540/540 176/501/499 174/498/498 27/539/541
f 146/504/504 179/505/503 180/506/506 18/507/509
f 180/506/506 179/505/503 181/544/544 29/547/549
f 181/544/544 179/505/503 177/502/502 28/543/545
f 150/508/508 182/509/507 183/510/510 19/511/513
f 183/510/510 182/509/507 184/548/548 30/551/553
f 184/548/548 182/509/507 180/506/506 29/547/549
f 154/512/512 185/513/511 186/514/514 20/515/517
f 186/514/514 185/513/511 187/552/552 31/555/557
f 187/552/552 185/513/511 183/510/510 30/551/553
f 158/516/516 188/517/515 189/518/518 21/519/521
f 189/518/518 188/517/515 190/556/556 32/559/561
f 190/556/556 188/517/515 186/514/514 31/555/557
f 162/520/520 191/521/519 192/845/845 22/844/844
f 192/845/845 191/521/519 193/560/560 33/846/846
f 193/560/560 191/521/519 189/518/518 32/559/561
f 165/524/524 194/525/523 195/526/526 24/527/529
f 195/526/526 194/525/523 196/564/564 35/567/569
f 196/564/564 194/525/523 197/522/522 34/563/565
f 169/528/528 198/529/527 199/530/530 25/531/533
f 199/530/530 198/529/527 200/568/568 36/571/573
f 200/568/568 198/529/527 195/526/526 35/567/569
f 172/532/532 201/533/531 202/534/534 26/535/537
f 202/534/534 201/533/531 203/572/572 37/575/577
f 203/572/572 201/533/531 199/530/530 36/571/573
f 175/536/536 204/537/535 205/538/538 27/539/541
f 205/538/538 204/537/535 206/576/576 38/579/581
f 206/576/576 204/537/535 202/534/534 37/575/577
f 178/540/540 207/541/539 208/542/542 28/543/545
f 208/542/542 207/541/539 209/580/580 39/583/585
f 209/580/580 207/541/539 205/538/538 38/579/581
f 181/544/544 210/545/543 211/546/546 29/547/549
f 211/546/546 210/545/543 212/584/584 40/587/589
f 212/584/584 210/545/543 208/542/542 39/583/585
f 184/548/548 213/549/547 214/550/550 30/551/553
f 214/550/550 213/549/547 215/588/588 41/591/593
f 215/588/588 213/549/547 211/546/546 40/587/589
f 187/552/552 216/553/551 217/554/554 31/555/557
f 217/554/554 216/553/551 218/592/592 42/595/597
f 218/592/592 216/553/551 214/550/550 41/591/593
f 190/556/556 219/557/555 220/558/558 32/559/561
f 220/558/558 219/557/555 221/596/596 43/599/601
f 221/596/596 219/557/555 217/554/554 42/595/597
f 193/560/560 222/561/559 223/847/847 33/846/846
f 223/847/847 222/561/559 224/600/600 44/848/848
f 224/600/600 222/561/559 220/558/558 43/599/601
f 196/564/564 225/565/563 226/566/566 35/567/569
f 226/566/566 225/565/563 227/604/604 46/607/609
f 227/604/604 225/565/563 228/562/562 45/603/605
f 200/568/568 229/569/567 230/570/570 36/571/573
f 230/570/570 229/569/567 231/608/608 47/611/613
f 231/608/608 229/569/567 226/566/566 46/607/609
f 203/572/572 232/573/571 233/574/574 37/575/577
f 233/574/574 232/573/571 234/612/612 48/615/617
f 234/612/612 232/573/571 230/570/570 47/611/613
f 206/576/576 235/577/575 236/578/578 38/579/581
f 236/578/578 235/577/575 237/616/616 49/619/621
f 237/616/616 235/577/575 233/574/574 48/615/617
f 209/580/580 238/581/579 239/582/582 39/583/585
f 239/582/582 238/581/579 240/620/620 50/623/625
f 240/620/620 238/581/579 236/578/578 49/619/621
f 212/584/584 241/585/583 242/586/586 40/587/589
f 242/586/586 241/585/583 243/624/624 51/627/629
f 243/624/624 241/585/583 239/582/582 50/623/625
f 215/588/588 244/589/587 245/590/590 41/591/593
f 245/590/590 244/589/587 246/628/628 52/631/633
f 246/628/628 244/589/587 242/586/586 51/627/629
f 218/592/592 247/593/591 248/594/594 42/595/597
f 248/594/594 247/593/591 249/632/632 53/635/637
f 249/632/632 247/593/591 245/590/590 52/631/633
f 221/596/596 250/597/595 251/598/598 43/599/601
f 251/598/598 250/597/595 252/636/636 54/639/641
f 252/636/636 250/597/595 248/594/594 53/635/637
f 224/600/600 253/601/599 254/849/849 44/848/848
f 254/849/849 253/601/599 255/640/640 55/850/850
f 255/640/640 253/601/599 251/598/598 54/639/641
f 227/604/604 256/605/603 257/606/606 46/607/609
f 257/606/606 256/605/603 258/644/644 57/647/649
f 258/644/644 256/605/603 259/602/602 56/643/645
f 231/608/608 260/609/607 261/610/610 47/611/613
f 261/610/610 260/609/607 262/648/648 58/651/653
f 262/648/648 260/609/607 257/606/606 57/647/649
f 234/612/612 263/613/611 264/614/614 48/615/617
f 264/614/614 263/613/611 265/652/652 59/655/657
f 265/652/652 263/613/611 261/610/610 58/651/653
f 237/616/616 266/617/615 267/618/618 49/619/621
f 267/618/618 266/617/615 268/656/656 60/659/661
f 268/656/656 266/617/615 264/614/614 59/655/657
f 240/620/620 269/621/619 270/622/622 50/623/625
f 270/622/622 269/621/619 271/660/660 61/663/665
f 271/660/660 269/621/619 267/618/618 60/659/661
f 243/624/624 272/625/623 273/626/626 51/627/629
f 273/626/626 272/625/623 274/664/664 62/667/669
f 274/664/664 272/625/623 270/622/622 61/663/665
f 246/628/628 275/629/627 276/630/630 52/631/633
f 276/630/630 275/629/627 277/668/668 63/671/673
f 277/668/668 275/629/627 273/626/626 62/667/669
f 249/632/632 278/633/631 279/634/634 53/635/637
f 279/634/634 278/633/631 280/672/672 64/675/677
f 280/672/672 278/633/631 276/630/630 63/671/673
f 252/636/636 281/637/635 282/638/638 54/639/641
f 282/638/638 281/637/635 283/676/676 65/679/681
f 283/676/676 281/637/635 279/634/634 64/675/677
f 255/640/640 284/641/639 285/851/851 55/850/850
f 285/851/851 284/641/639 286/680/680 66/852/852
f 286/680/680 284/641/639 282/638/638 65/679/681
f 258/644/644 287/645/643 288/646/646 57/647/649
f 288/646/646 287/645/643 289/684/684 68/687/689
f 289/684/684 287/645/643 290/642/642 67/683/685
f 262/648/648 291/649/647 292/650/650 58/651/653
f 292/650/650 291/649/647 293/688/688 69/691/693
f 293/688/688 291/649/647 288/646/646 68/687/689
f 265/652/652 294/653/651 295/654/654 59/655/657
f 295/654/654 294/653/651 296/692/692 70/695/697
f 296/692/692 294/653/651 292/650/650 69/691/693
f 268/656/656 297/657/655 298/658/658 60/659/661
f 298/658/658 297/657/655 299/696/696 71/699/701
f 299/696/696 297/657/655 295/654/654 70/695/697
f 271/660/660 300/661/659 301/662/662 61/663/665
f 301/662/662 300/661/659 302/700/700 72/703/705
f 302/700/700 300/661/659 298/658/658 71/699/701
f 274/664/664 303/665/663 304/666/666 62/667/669
f 304/666/666 303/665/663 305/704/704 73/707/709
f 305/704/704 303/665/663 301/662/662 72/703/705
f 277/668/668 306/669/667 307/670/670 63/671/673
f 307/670/670 306/669/667 308/708/708 74/711/713
f 308/708/708 306/669/667 304/666/666 73/707/709
f 280/672/672 309/673/671 310/674/674 64/675/677
f 310/674/674 309/673/671 311/712/712 75/715/717
f 311/712/712 309/673/671 307/670/670 74/711/713
f 283/676/676 312/677/675 313/678/678 65/679/681
f 313/678/678 312/677/675 314/716/716 76/719/721
f 314/716/716 312/677/675 310/674/674 75/715/717
f 286/680/680 315/681/679 316/853/853 66/852/852
f 316/853/853 315/681/679 317/720/720 77/854/854
f 317/720/720 315/681/679 313/678/678 76/719/721
f 289/684/684 318/685/683 319/686/686 68/687/689
f 319/686/686 318/685/683 320/724/724 79/727/729
f 320/724/724 318/685/683 321/682/682 78/723/725
f 293/688/688 322/689/687 323/690/690 69/691/693
f 323/690/690 322/689/687 324/728/728 80/731/733
f 324/728/728 322/689/687 319/686/686 79/727/729
f 296/692/692 325/693/691 326/694/694 70/695/697
f 326/694/694 325/693/691 327/732/732 81/735/737
f 327/732/732 325/693/691 323/690/690 80/731/733
f 299/696/696 328/697/695 329/698/698 71/699/701
f 329/698/698 328/697/695 330/736/736 82/739/741
f 330/736/736 328/697/695 326/694/694 81/735/737
f 302/700/700 331/701/699 332/702/702 72/703/705
f 332/702/702 331/701/699 333/740/740 83/743/745
f 333/740/740 331/701/699 329/698/698 82/739/741
f 305/704/704 334/705/703 335/706/706 73/707/709
f 335/706/706 334/705/703 336/744/744 84/747/749
f 336/744/744 334/705/703 332/702/702 83/743/745
f 308/708/708 337/709/707 338/710/710 74/711/713
f 338/710/710 337/709/707 339/748/748 85/751/753
f 339/748/748 337/709/707 335/706/706 84/747/749
f 311/712/712 340/713/711 341/714/714 75/715/717
f 341/714/714 340/713/711 342/752/752 86/755/757
f 342/752/752 340/713/711 338/710/710 85/751/753
f 314/716/716 343/717/715 344/718/718 76/719/721
f 344/718/718 343/717/715 345/756/756 87/759/761
f 345/756/756 343/717/715 341/714/714 86/755/757
f 317/720/720 346/721/719 347/855/855 77/854/854
f 347/855/855 346/721/719 348/760/760 88/856/856
f 348/760/760 346/721/719 344/718/718 87/759/761
f 320/724/724 349/725/723 350/726/726 79/727/729
f 350/726/726 349/725/723 351/764/764 90/767/769
f 351/764/764 349/725/723 352/722/722 89/763/765
f 324/728/728 353/729/727 354/730/730 80/731/733
f 354/730/730 353/729/727 355/768/768 91/771/773
f 355/768/768 353/729/727 350/726/726 90/767/769
f 327/732/732 356/733/731 357/734/734 81/735/737
f 357/734/734 356/733/731 358/772/772 92/775/777
f 358/772/772 356/733/731 354/730/730 91/771/773
f 330/736/736 359/737/735 360/738/738 82/739/741
f 360/738/738 359/737/735 361/776/776 93/779/781
f 361/776/776 359/737/735 357/734/734 92/775/777
f 333/740/740 362/741/739 363/742/742 83/743/745
f 363/742/742 362/741/739 364/780/780 94/783/785
f 364/780/780 362/741/739 360/738/738 93/779/781
f 336/744/744 365/745/743 366/746/746 84/747/749
f 366/746/746 365/745/743 367/784/784 95/787/789
f 367/784/784 365/745/743 363/742/742 94/783/785
f 339/748/748 368/749/747 369/750/750 85/751/753
f 369/750/750 368/749/747 370/788/788 96/791/793
f 370/788/788 368/749/747 366/746/746 95/787/789
f 342/752/752 371/753/751 372/754/754 86/755/757
f 372/754/754 371/753/751 373/792/792 97/795/797
f 373/792/792 371/753/751 369/750/750 96/791/793
f 345/756/756 374/757/755 375/758/758 87/759/761
f 375/758/758 374/757/755 376/796/796 98/799/801
f 376/796/796 374/757/755 372/754/754 97/795/797
f 348/760/760 377/761/759 378/857/857 88/856/856
f 378/857/857 377/761/759 379/800/800 99/858/858
f 379/800/800 377/761/759 375/758/758 98/799/801
f 351/764/764 380/765/763 381/766/766 90/767/769
f 381/766/766 380/765/763 382/804/804 101/807/809
f 382/804/804 380/765/763 383/762/762 100/803/805
f 355/768/768 384/769/767 385/770/770 91/771/773
f 385/770/770 384/769/767 386/808/808 102/811/813
f 386/808/808 384/769/767 381/766/766 101/807/809
f 358/772/772 387/773/771 388/774/774 92/775/777
f 388/774/774 387/773/771 389/812/812 103/815/817
f 389/812/812 387/773/771 385/770/770 102/811/813
f 361/776/776 390/777/775 391/778/778 93/779/781
f 391/778/778 390/777/775 392/816/816 104/819/821
f 392/816/816 390/777/775 388/774/774 103/815/817
f 364/780/780 393/781/779 394/782/782 94/783/785
f 394/782/782 393/781/779 395/820/820 105/823/825
f 395/820/820 393/781/779 391/778/778 104/819/821
f 367/784/784 396/785/783 397/786/786 95/787/789
f 397/786/786 396/785/783 398/824/824 106/827/829
f 398/824/824 396/785/783 394/782/782 105/823/825
f 370/788/788 399/789/787 400/790/790 96/791/793
f 400/790/790 399/789/787 401/828/828 107/831/833
f 401/828/828 399/789/787 397/786/786 106/827/829
f 373/792/792 402/793/791 403/794/794 97/795/797
f 403/794/794 402/793/791 404/832/832 108/835/837
f 404/832/832 402/793/791 400/790/790 107/831/833
f 376/796/796 405/797/795 406/798/798 98/799/801
f 406/798/798 405/797/795 407/836/836 109/839/841
f 407/836/836 405/797/795 403/794/794 108/835/837
f 379/800/800 408/801/799 409/859/859 99/858/858
f 409/859/859 408/801/799 410/840/840 110/860/860
f 410/840/840 408/801/799 406/798/798 109/839/841
f 382/804/804 411/805/803 412/806/806 101/807/809
f 412/806/806 411/805/803 413/862/861 112/861/862
f 413/862/861 411/805/803 414/802/802 111/863/863
f 386/808/808 415/809/807 416/810/810 102/811/813
f 416/810/810 415/809/807 417/865/864 113/864/865
f 417/865/864 415/809/807 412/806/806 112/861/862
f 389/812/812 418/813/811 419/814/814 103/815/817
f 419/814/814 418/813/811 420/867/866 114/866/867
f 420/867/866 418/813/811 416/810/810 113/864/865
f 392/816/816 421/817/815 422/818/818 104/819/821
f 422/818/818 421/817/815 423/869/868 115/868/869
f 423/869/868 421/817/815 419/814/814 114/866/867
f 395/820/820 424/821/819 425/822/822 105/823/825
f 425/822/822 424/821/819 426/871/870 116/870/871
f 426/871/870 424/821/819 422/818/818 115/868/869
f 398/824/824 427/825/823 428/826/826 106/827/829
f 428/826/826 427/825/823 429/873/872 117/872/873
f 429/873/872 427/825/823 425/822/822 116/870/871
f 401/828/828 430/829/827 431/830/830 107/831/833
f 431/830/830 430/829/827 432/875/874 118/874/875
f 432/875/874 430/829/827 428/826/826 117/872/873
f 404/832/832 433/833/831 434/834/834 108/835/837
f 434/834/834 433/833/831 435/877/876 119/876/877
f 435/877/876 433/833/831 431/830/830 118/874/875
f 407/836/836 436/837/835 437/838/838 109/839/841
f 437/838/838 436/837/835 438/879/878 120/878/879
f 438/879/878 436/837/835 434/834/834 119/876/877
f 410/840/840 439/841/839 440/880/880 110/860/860
f 440/880/880 439/841/839 441/882/881 121/881/882
f 441/882/881 439/841/839 437/838/838 120/878/879
f 126/126/442 1/1/445 442/884/2 443/883/1
f 1/1/445 123/123/444 444/885/3 442/884/2
f 2/2/449 128/128/448 448/887/7 446/886/6
f 3/3/453 132/132/452 452/889/11 450/888/10
f 4/4/457 136/136/456 456/891/15 454/890/14
f 5/5/461 140/140/460 460/893/19 458/892/18
f 6/6/465 144/144/464 464/895/23 462/894/22
f 7/7/469 148/148/468 468/897/27 466/896/26
f 8/8/473 152/152/472 472/899/31 470/898/30
f 9/9/477 156/156/476 476/901/35 474/900/34
f 10/10/481 160/160/480 480/903/39 478/902/38
f 166/166/482 12/12/485 482/905/42 483/904/41
f 197/197/522 23/23/525 522/907/82 523/906/81
f 228/228/562 34/34/565 562/909/122 563/908/121
f 259/259/602 45/45/605 602/911/162 603/910/161
f 290/290/642 56/56/645 642/913/202 643/912/201
f 321/321/682 67/67/685 682/915/242 683/914/241
f 352/352/722 78/78/725 722/917/282 723/916/281
f 383/383/762 89/89/765 762/919/322 763/918/321
f 414/414/802 100/100/805 802/921/362 803/920/361
f 123/123/444 2/2/449 446/886/6 444/885/3
f 12/12/485 126/126/442 443/883/1 482/905/42
f 128/128/448 3/3/453 450/888/10 448/887/7
f 132/132/452 4/4/457 454/890/14 452/889/11
f 136/136/456 5/5/461 458/892/18 456/891/15
f 140/140/460 6/6/465 462/894/22 460/893/19
f 144/144/464 7/7/469 466/896/26 464/895/23
f 148/148/468 8/8/473 470/898/30 468/897/27
f 152/152/472 9/9/477 474/900/34 472/899/31
f 156/156/476 10/10/481 478/902/38 476/901/35
f 160/160/480 11/11/843 842/922/401 480/903/39
f 11/11/843 161/161/842 843/923/402 842/922/401
f 161/161/842 22/22/844 844/924/403 843/923/402
f 23/23/525 166/166/482 483/904/41 522/907/82
f 22/22/844 192/192/845 845/925/404 844/924/403
f 192/192/845 33/33/846 846/926/405 845/925/404
f 34/34/565 197/197/522 523/906/81 562/909/122
f 33/33/846 223/223/847 847/927/406 846/926/405
f 223/223/847 44/44/848 848/928/407 847/927/406
f 45/45/605 228/228/562 563/908/121 602/911/162
f 44/44/848 254/254/849 849/929/408 848/928/407
f 254/254/849 55/55/850 850/930/409 849/929/408
f 56/56/645 259/259/602 603/910/161 642/913/202
f 55/55/850 285/285/851 851/931/410 850/930/409
f 285/285/851 66/66/852 852/932/411 851/931/410
f 67/67/685 290/290/642 643/912/201 682/915/242
f 66/66/852 316/316/853 853/933/412 852/932/411
f 316/316/853 77/77/854 854/934/413 853/933/412
f 78/78/725 321/321/682 683/914/241 722/917/282
f 77/77/854 347/347/855 855/935/414 854/934/413
f 347/347/855 88/88/856 856/936/415 855/935/414
f 89/89/765 352/352/722 723/916/281 762/919/322
f 88/88/856 378/378/857 857/937/416 856/936/415
f 378/378/857 99/99/858 858/938/417 857/937/416
f 100/100/805 383/383/762 763/918/321 802/921/362
f 99/99/858 409/409/859 859/939/418 858/938/417
f 409/409/859 110/110/860 860/940/419 859/939/418
f 112/112/862 413/413/861 862/942/421 861/941/420
f 413/413/861 111/111/863 863/943/422 862/942/421
f 111/111/863 414/414/802 803/920/361 863/943/422
f 113/113/865 417/417/864 865/945/424 864/944/423
f 417/417/864 112/112/862 861/941/420 865/945/424
f 114/114/867 420/420/866 867/947/426 866/946/425
f 420/420/866 113/113/865 864/944/423 867/947/426
f 115/115/869 423/423/868 869/949/428 868/948/427
f 423/423/868 114/114/867 866/946/425 869/949/428
f 116/116/871 426/426/870 871/951/430 870/950/429
f 426/426/870 115/115/869 868/948/427 871/951/430
f 117/117/873 429/429/872 873/953/432 872/952/431
f 429/429/872 116/116/871 870/950/429 873/953/432
f 118/118/875 432/432/874 875/955/434 874/954/433
f 432/432/874 117/117/873 872/952/431 875/955/434
f 119/119/877 435/435/876 877/957/436 876/956/435
f 435/435/876 118/118/875 874/954/433 877/957/436
f 120/120/879 438/438/878 879/959/438 878/958/437
f 438/438/878 119/119/877 876/956/435 879/959/438
f 110/110/860 440/440/880 880/960/439 860/940/419
f 440/440/880 121/121/882 881/961/440 880/960/439
f 121/121/882 441/441/881 882/962/441 881/961/440
f 441/441/881 120/120/879 878/958/437 882/962/441
g default
v -64.092911 57.064785 -40.339619
v -51.869297 68.976891 -41.574009
v -35.439541 71.909203 -42.011051
v -17.996244 72.112915 -42.051594
v -0.249364 70.978333 -41.867435
v 17.568050 71.002533 -42.184250
v 35.195618 71.423347 -42.888474
v 51.920330 68.243370 -42.419342
v 67.875710 61.832626 -41.366711
v -63.885292 56.908882 -60.346462
v -50.711575 66.966446 -61.393696
v -34.950172 69.325104 -61.744301
v -18.049332 68.595360 -61.671089
v -0.483123 66.045403 -61.131306
v 17.193262 65.169571 -61.132408
v 34.594360 64.084671 -61.146854
v 51.179131 61.786282 -60.934982
v 67.170555 57.071568 -60.574039
v -65.063301 56.726227 -80.382996
v -50.953899 65.214104 -81.272064
v -34.978134 64.779961 -81.187416
v -18.257893 63.150379 -80.861725
v -0.671998 61.741146 -80.649094
v 16.938740 60.919910 -80.650558
v 34.535088 60.272320 -80.744530
v 51.909828 61.047264 -80.826782
v 68.460129 56.548161 -80.666779
v -67.390915 56.321781 -100.467026
v -52.164787 63.051826 -101.047699
v -35.651154 60.851521 -100.777199
v -18.304846 60.285564 -100.712669
v -0.678244 60.271336 -100.713020
v 16.935347 60.271336 -100.739311
v 34.581654 60.273163 -100.769775
v 52.035133 61.351521 -100.726097
v 68.302132 55.692261 -100.659729
v -69.151299 55.434769 -120.560585
v -53.362095 62.042343 -120.863953
v -35.922066 60.271339 -120.853439
v -18.290421 60.271622 -120.836937
v -0.652964 60.271610 -120.836914
v 16.995743 60.271339 -120.831024
v 34.514885 60.448475 -120.794716
v 51.520569 61.782463 -120.687843
v 66.854294 54.700176 -120.654175
v -69.017296 54.180241 -140.590195
v -53.574280 62.188969 -140.802582
v -35.950096 60.815136 -140.939651
v -18.310144 60.271339 -140.949799
v -0.625663 60.271572 -140.931183
v 17.072985 60.271336 -140.904892
v 34.474789 61.010387 -140.840775
v 51.293404 62.223152 -140.716873
v 65.664719 53.681610 -140.637634
v -68.251930 52.949219 -160.549515
v -53.625694 62.241585 -160.853165
v -35.986435 61.733650 -160.993225
v -18.336624 60.271725 -161.019699
v -0.606003 60.164932 -160.978973
v 17.130680 60.208805 -160.953171
v 34.672150 61.330376 -160.897461
v 51.680359 62.077148 -160.798157
v 65.635963 52.762936 -160.636551
v -69.074600 53.608162 -180.438080
v -53.832748 61.815884 -181.026291
v -36.063652 61.617771 -181.076370
v -18.308704 60.712524 -181.019974
v -0.584618 60.275055 -180.982758
v 17.134226 60.395496 -180.956863
v 34.868961 60.883984 -180.962448
v 52.377647 60.998543 -180.960999
v 67.594810 53.291832 -180.538757
v -71.266464 55.115791 -199.976807
v -53.759129 57.424751 -200.452744
v -36.038811 56.806252 -200.247711
v -18.305775 55.982143 -200.423767
v -0.577238 55.322315 -200.454498
v 17.139473 55.509308 -200.397629
v 34.853493 55.856804 -200.225052
v 52.537422 56.280991 -200.424316
v 70.066345 54.213436 -200.070831
v -69.657310 50.455868 -49.849957
v -69.951302 50.584034 -39.847359
v -63.788002 56.923367 -50.336281
v -69.619751 50.362209 -59.864132
v -57.845798 62.984940 -50.877449
v -58.098747 63.259281 -40.898109
v -51.027809 67.730484 -51.453873
v -57.618099 62.570408 -60.853676
v -43.418171 70.615829 -51.853878
v -43.733189 70.958817 -41.805008
v -35.157009 71.017349 -51.945595
v -42.933075 68.872810 -61.690628
v -26.726345 71.436897 -52.074875
v -26.813354 72.245476 -42.061783
v -17.958654 70.660286 -51.926872
v -26.639427 69.078506 -61.745895
v -9.180943 69.537392 -51.702587
v -9.103813 71.459229 -41.920231
v -0.327275 68.655190 -51.532997
v -9.252821 67.182266 -61.362572
v 8.504492 68.183662 -51.512825
v 8.700269 70.854790 -41.960495
v 17.406879 68.160248 -51.663734
v 8.379217 65.501038 -61.073391
v 26.226805 68.172386 -51.874706
v 26.541746 71.302673 -42.536598
v 34.893906 67.712326 -51.941833
v 26.023094 64.857712 -61.179527
v 43.257210 66.825729 -51.929100
v 43.837654 70.584290 -42.958984
v 51.343002 64.586388 -51.421906
v 42.948242 63.178432 -61.083736
v 59.294205 62.002655 -51.051029
v 59.956154 65.073883 -41.771931
v 67.314415 59.057529 -50.808533
v 59.349133 60.239189 -60.836964
v 75.407959 55.928993 -50.604317
v 76.079727 58.574379 -41.082443
v 75.254845 53.892876 -60.440304
v -70.050873 50.302208 -69.905571
v -64.179642 56.727589 -70.367455
v -70.816429 50.175652 -79.959160
v -57.961235 62.447460 -70.852707
v -50.620872 65.972588 -71.306351
v -58.437714 61.947399 -80.834061
v -42.816040 67.462837 -71.577286
v -34.837769 67.096962 -71.493553
v -42.955147 65.512772 -81.347206
v -26.673977 66.531166 -71.381172
v -18.155756 65.731644 -71.228462
v -26.802361 63.970192 -81.029388
v -9.386466 64.633804 -70.989647
v -0.598248 63.699749 -70.839767
v -9.468538 62.480774 -80.765259
v 8.216177 62.966953 -70.740143
v 17.024294 62.646465 -70.785500
v 8.129447 61.349503 -80.654770
v 25.819326 62.098949 -70.780540
v 34.507233 61.599052 -70.804787
v 25.731373 60.711834 -80.713936
v 43.033932 60.948265 -70.812874
v 51.525482 61.007900 -70.870667
v 43.244923 60.500263 -80.814743
v 59.982609 60.171234 -70.809555
v 67.772392 56.634377 -70.632011
v 60.474636 59.915203 -80.781479
v 75.473686 52.642063 -70.407242
v 75.876038 51.943707 -80.490982
v -72.005585 50.093418 -90.002357
v -66.045090 56.425106 -90.428596
v -73.236122 49.843933 -100.087280
v -59.415710 61.740906 -90.850128
v -51.443676 63.904953 -91.130409
v -60.292984 61.055176 -100.822624
v -43.352928 63.755081 -91.126236
v -35.291988 62.600094 -90.921310
v -43.911926 62.091694 -100.941635
v -26.986357 61.716492 -90.769493
v -18.304770 61.332523 -90.728699
v -27.100769 60.590233 -100.751213
v -9.494537 60.885715 -90.667633
v -0.690777 60.699421 -90.670090
v -9.495233 60.316479 -100.724060
v 8.119293 60.431530 -90.662865
v 16.922884 60.378906 -90.696320
v 8.121526 60.271339 -100.735435
v 25.733053 60.271339 -90.727913
v 34.558010 60.271336 -90.759270
v 25.747112 60.271339 -100.765724
v 43.384804 60.495831 -90.778961
v 52.132942 60.912788 -90.756271
v 43.333229 60.818542 -100.757370
v 60.769604 59.926510 -90.745697
v 68.537430 56.006016 -90.657616
v 60.568832 59.681591 -100.713615
v 75.861206 51.241718 -90.493622
v 75.277016 50.414062 -100.535820
v -74.413300 49.571732 -110.154648
v -68.312782 55.773449 -110.526993
v -75.082649 49.020947 -120.236710
v -61.299835 60.802013 -110.821983
v -52.842560 62.062080 -110.906578
v -61.854904 60.150963 -120.802460
v -44.417839 61.068077 -110.856972
v -35.870991 60.320114 -110.809792
v -44.682808 61.093407 -120.861267
v -27.113369 60.271339 -110.786415
v -18.298473 60.271336 -110.787033
v -27.112434 60.271339 -120.847580
v -9.481416 60.271336 -110.775276
v -0.670808 60.271339 -110.786797
v -9.479516 60.271526 -120.843147
v 8.148063 60.271339 -110.785973
v 16.963343 60.271549 -110.791313
v 8.167725 60.271523 -120.843704
v 25.789127 60.271339 -110.791199
v 34.566826 60.392952 -110.772812
v 25.817734 60.271339 -120.820259
v 43.187992 61.087116 -110.741104
v 51.762184 61.304085 -110.691666
v 43.025162 61.332432 -120.737991
v 60.198410 59.704464 -110.698486
v 67.505272 55.073711 -110.649857
v 59.716339 59.493279 -120.688164
v 74.313187 49.637577 -110.524857
v 73.232620 48.786537 -120.535904
v -75.265572 48.449860 -130.274292
v -69.174179 54.679821 -130.585602
v -74.932899 47.756065 -140.318924
v -62.159523 59.949493 -130.800415
v -53.515320 61.783070 -130.812302
v -61.949303 59.379417 -140.781723
v -44.717010 61.244366 -130.865341
v -35.932236 60.454048 -130.896210
v -44.720406 61.805397 -140.871109
v -27.117508 60.271339 -130.894363
v -18.300934 60.271336 -130.900131
v -27.141047 60.308376 -140.951126
v -9.471684 60.271580 -130.891754
v -0.640032 60.271553 -130.891144
v -9.472352 60.271572 -140.940125
v 8.199851 60.271557 -130.886459
v 17.038607 60.271339 -130.872421
v 8.227278 60.271557 -140.923615
v 25.848394 60.271599 -130.852997
v 34.468410 60.792267 -130.813721
v 25.884075 60.339634 -140.883087
v 42.896805 61.776501 -130.744141
v 51.295567 61.750160 -130.690872
v 42.884106 61.985889 -140.777649
v 59.437508 59.514507 -130.695496
v 66.029373 54.033794 -130.638092
v 59.231354 59.327118 -140.693604
v 72.225075 47.966957 -130.510757
v 71.569725 47.324192 -140.527390
v -74.512520 47.080269 -150.323029
v -68.510841 53.418991 -150.564835
v -74.383636 46.727734 -160.374466
v -61.876823 59.193871 -150.773743
v -53.540611 62.075306 -150.822083
v -61.680992 58.723209 -160.739517
v -44.730549 62.482395 -150.881439
v -35.958553 61.379166 -150.960800
v -44.791145 62.422287 -160.952469
v -27.171799 60.433384 -150.993790
v -18.323111 60.271828 -150.991028
v -27.173336 60.806755 -161.015656
v -9.475779 60.271339 -150.975098
v -0.606610 60.271336 -150.957993
v -9.459984 60.230904 -160.993607
v 8.246351 60.271336 -150.948151
v 17.118212 60.271336 -150.932175
v 8.275225 60.206287 -160.962036
v 25.944965 60.343513 -150.921600
v 34.549870 61.238785 -150.872787
v 25.997433 60.603638 -160.936966
v 42.980915 62.290775 -150.813080
v 51.369247 62.001255 -150.755753
v 43.192562 62.030605 -160.875244
v 59.361706 59.256786 -150.702728
v 65.362564 53.087181 -150.632294
v 59.597759 58.903332 -160.697891
v 71.231941 46.705914 -150.545197
v 71.679398 46.535320 -160.585281
v -74.698479 46.878799 -170.424866
v -68.285118 52.885937 -170.530243
v -76.334831 48.651104 -180.113739
v -61.882729 58.883823 -170.715302
v -53.632881 61.889107 -170.937302
v -62.048187 58.824024 -180.718948
v -44.861324 62.391293 -171.025757
v -36.042046 61.769253 -171.054749
v -44.922276 61.782967 -181.074341
v -27.190765 61.052464 -171.035065
v -18.312155 60.584652 -171.012634
v -27.163740 61.038460 -181.029266
v -9.462723 60.370869 -170.995392
v -0.581123 60.308044 -170.970718
v -9.434226 60.285603 -180.990021
v 8.268317 60.316429 -170.958359
v 17.152451 60.405346 -170.951309
v 8.284266 60.137409 -180.959625
v 26.009850 60.680378 -170.948410
v 34.808548 61.217186 -170.940720
v 26.016373 60.500000 -180.948273
v 43.479740 61.745434 -170.944794
v 51.974560 61.346802 -170.888657
v 43.707626 60.941345 -181.018494
v 60.130680 58.771111 -170.694229
v 66.269402 52.641090 -170.605179
v 60.641602 58.438538 -180.743408
v 72.695518 46.774212 -170.589676
v 74.918999 48.528111 -180.181458
v -78.505577 51.377197 -189.297409
v -70.638954 55.388920 -189.999405
v -79.600380 52.206932 -199.152954
v -62.715103 59.420227 -190.757263
v -53.876358 60.880512 -191.169754
v -62.497284 56.790844 -200.409485
v -44.943146 60.727299 -191.037598
v -36.024185 60.267944 -190.962448
v -44.886238 56.921528 -200.135345
v -27.155968 59.988300 -191.024994
v -18.277828 59.270195 -190.947388
v -27.150749 56.265759 -200.273239
v -9.429220 59.029781 -190.990295
v -0.567405 58.621002 -190.920715
v -9.425996 55.392513 -200.366364
v 8.274951 58.808472 -190.958984
v 17.143095 58.839943 -190.887650
v 8.288850 55.144733 -200.338135
v 25.984447 59.300797 -190.933014
v 34.881516 59.365387 -190.874191
v 26.003464 55.549301 -200.214783
v 43.753765 59.667385 -190.953247
v 52.635895 59.739094 -191.076111
v 43.717766 55.803104 -200.085037
v 61.421146 58.642937 -190.848206
v 69.451569 54.768074 -190.121689
v 61.355415 55.709854 -200.487808
v 77.349686 51.084858 -189.410385
v 78.489449 51.498806 -199.316620
v -79.851524 50.504715 -208.957550
v -71.092903 52.052860 -209.436050
v -62.327000 53.188370 -209.698349
v -53.512783 52.885876 -209.236176
v -44.793900 51.804817 -208.403427
v -35.966686 51.174431 -208.193222
v -27.135874 50.876476 -208.435394
v -18.281681 50.361332 -208.489014
v -9.426471 50.101139 -208.683517
v -0.568325 49.725555 -208.573761
v 8.285985 49.843498 -208.661697
v 17.139507 49.889576 -208.465027
v 25.989613 50.169930 -208.403839
v 34.812443 50.225613 -208.158142
v 43.637924 50.670986 -208.332947
v 52.355076 51.704075 -209.162537
v 61.153175 52.156052 -209.717896
v 69.925323 51.160648 -209.519333
v 78.721931 49.852928 -209.129578
v -69.784897 50.519955 -44.848660
v -60.901855 60.057343 -45.598957
v -63.921158 56.994080 -45.337948
v -61.058537 60.162033 -40.618858
v -57.954189 63.122112 -45.887775
v -60.775925 59.954151 -50.606869
v -47.492069 69.572098 -46.671234
v -51.436001 68.353683 -46.513943
v -47.799629 69.967857 -41.689507
v -43.567616 70.787323 -46.829445
v -47.216820 69.173157 -51.653877
v -31.068029 71.652489 -47.024067
v -35.299938 71.463280 -46.978325
v -31.162752 72.077339 -42.036419
v -26.776432 71.841194 -47.068329
v -30.979235 71.227127 -52.010239
v -13.555677 70.943283 -46.892941
v -17.977449 71.386604 -46.989231
v -13.550029 71.786072 -41.985912
v -9.142378 70.498314 -46.811409
v -13.569799 70.098839 -51.814732
v 4.161112 69.671478 -46.704529
v -0.288320 69.816750 -46.700218
v 4.225452 70.916565 -41.913963
v 8.602381 69.519234 -46.736660
v 4.088608 68.419418 -51.522915
v 21.954235 69.664688 -47.042736
v 17.487465 69.581390 -46.923988
v 22.072582 71.150650 -42.360424
v 26.381760 69.737801 -47.205658
v 21.832012 68.164635 -51.769222
v 39.300346 69.151726 -47.391945
v 35.035690 69.568840 -47.415154
v 39.534962 71.001778 -42.923733
v 43.531750 68.706741 -47.444042
v 39.092735 67.267128 -51.935471
v 55.589718 64.999741 -46.620018
v 51.609566 66.417320 -46.920624
v 55.926338 66.659943 -42.095638
v 59.598007 63.541279 -46.411476
v 55.308060 63.295685 -51.236469
v 71.612457 58.860512 -45.942757
v 67.564285 60.448486 -46.087616
v 71.946976 60.206905 -41.224579
v 75.711632 57.255253 -45.843372
v 71.332710 57.496414 -50.706429
v -69.777069 50.332207 -64.884842
v -60.809120 59.662075 -65.607964
v -63.974228 56.818233 -65.356949
v -60.704903 59.739647 -60.600063
v -57.736702 62.508934 -65.853188
v -61.020618 59.587521 -70.610085
v -46.716908 67.320450 -66.487175
v -50.620781 66.469521 -66.350029
v -46.813869 67.919624 -61.542164
v -42.839630 68.167824 -66.633957
v -46.710182 66.717712 -71.441826
v -30.795715 68.010651 -66.579903
v -34.870251 68.211029 -66.618927
v -30.834003 69.201805 -61.745102
v -26.645496 67.804832 -66.563530
v -30.794941 66.814064 -71.437363
v -13.719776 66.539925 -66.302353
v -18.104765 67.163498 -66.449783
v -13.651077 67.888817 -61.516834
v -9.319643 65.908043 -66.176117
v -13.773333 65.182724 -71.109055
v 3.882408 64.554039 -65.942017
v -0.540686 64.872574 -65.985535
v 3.948047 65.773216 -61.102348
v 8.297697 64.233994 -65.906761
v 3.808964 63.333347 -70.789948
v 21.523409 63.693752 -65.965302
v 17.108776 63.908024 -65.958946
v 21.613625 65.013039 -61.155960
v 25.926659 63.477722 -65.980034
v 21.421810 62.372707 -70.783020
v 38.781311 62.450413 -65.966080
v 34.551067 62.841827 -65.975815
v 38.787827 63.629723 -61.115299
v 42.987129 62.063786 -65.948311
v 38.785912 61.271961 -70.808830
v 55.490959 60.802883 -65.871010
v 51.345894 61.397804 -65.902824
v 55.255474 61.013695 -60.885975
v 59.657539 60.206135 -65.823257
v 55.747551 60.590286 -70.840118
v 71.386383 55.062466 -65.521263
v 67.460869 56.854149 -65.603027
v 71.187660 55.484993 -60.507179
v 75.353210 53.268696 -65.423767
v 71.602798 54.640465 -70.519630
v -71.368156 50.134537 -84.980766
v -62.157162 59.207771 -85.628441
v -65.511345 56.575668 -85.405800
v -61.704762 59.336815 -80.608528
v -58.886669 61.844158 -85.842094
v -62.689468 59.083004 -90.639366
v -47.138412 64.597466 -86.214531
v -51.164352 64.559525 -86.201233
v -46.946358 65.363441 -81.309639
v -43.130508 64.633934 -86.236725
v -47.393433 63.830013 -91.128326
v -31.039682 63.266136 -85.977745
v -35.120472 63.690025 -86.054367
v -30.928780 64.375076 -81.108398
v -26.889500 62.843338 -85.899437
v -31.176458 62.158295 -90.845398
v -13.884398 61.962471 -85.756218
v -18.281330 62.241455 -85.795204
v -13.863216 62.815578 -80.813484
v -9.481538 61.683243 -85.716446
v -13.899652 61.109123 -90.698158
v 3.717929 61.055500 -85.659592
v -0.681387 61.220284 -85.659592
v 3.728724 61.545326 -80.651932
v 8.124371 60.890514 -85.658813
v 3.714259 60.565475 -90.666473
v 21.327141 60.570469 -85.699303
v 16.930811 60.649406 -85.673439
v 21.335056 60.815872 -80.682251
v 25.732216 60.491585 -85.720932
v 21.327969 60.325123 -90.712112
v 38.947498 60.382324 -85.777138
v 34.548531 60.271606 -85.751900
v 38.904591 60.384674 -80.779633
v 43.331787 60.496174 -85.796852
v 38.971405 60.383583 -90.769112
v 56.368919 60.447926 -85.779846
v 52.059002 60.977898 -85.791527
v 56.190453 60.481430 -80.804138
v 60.665955 59.918686 -85.763596
v 56.453270 60.419548 -90.750984
v 72.218636 53.931980 -85.580521
v 68.545143 56.274860 -85.662201
v 72.152443 54.247513 -80.578873
v 75.915703 51.590458 -85.492310
v 72.185188 53.624702 -90.575623
v -73.834534 49.707832 -105.120964
v -64.315063 58.483074 -105.667870
v -67.861610 56.047619 -105.497009
v -63.809296 58.688480 -100.644821
v -60.807232 60.928593 -105.822304
v -64.784790 58.287731 -110.674477
v -48.344753 62.068142 -105.933517
v -52.515862 62.556950 -105.977135
v -48.036510 62.571762 -100.994659
v -44.180752 61.579887 -105.899300
v -48.636707 61.565079 -110.881783
v -31.482700 60.508381 -105.779755
v -35.776562 60.585815 -105.793503
v -31.410938 60.720875 -100.764206
v -27.118879 60.430782 -105.768814
v -31.518021 60.295727 -110.798096
v -13.897519 60.286171 -105.750809
v -18.301659 60.278450 -105.749847
v -13.900040 60.301018 -100.718361
v -9.488324 60.293903 -105.749664
v -13.889944 60.271336 -110.781158
v 3.727591 60.271336 -105.758018
v -0.674526 60.271339 -105.749916
v 3.721640 60.271339 -100.724228
v 8.134794 60.271339 -105.760704
v 3.738628 60.271339 -110.786385
v 21.355825 60.271393 -105.773865
v 16.949345 60.271442 -105.765305
v 21.341228 60.271339 -100.752510
v 25.768118 60.271339 -105.778458
v 21.376236 60.271446 -110.791252
v 38.937458 60.642822 -105.759895
v 34.582687 60.333057 -105.771294
v 38.970776 60.545849 -100.763580
v 43.267784 60.952831 -105.749237
v 38.891327 60.740032 -110.756958
v 56.146240 60.510029 -105.704414
v 51.905273 61.327801 -105.708885
v 56.300350 60.516556 -100.719856
v 60.389030 59.693027 -105.706047
v 55.974934 60.504276 -110.695084
v 71.347977 52.701981 -105.592957
v 67.914024 55.382381 -105.654793
v 71.774765 53.053448 -100.597771
v 74.807816 50.024933 -105.530334
v 70.892426 52.355648 -110.587357
v -75.225845 48.735405 -125.255501
v -65.639404 57.548275 -125.701492
v -69.215660 55.057297 -125.573074
v -65.492233 57.792870 -120.681519
v -62.058777 60.050228 -125.801437
v -65.664070 57.314655 -130.693008
v -49.106312 61.540359 -125.842445
v -53.486610 61.912712 -125.838127
v -49.030056 61.567879 -120.862617
v -44.715942 61.168884 -125.863304
v -49.116165 61.513721 -130.838821
v -31.520916 60.317024 -125.873970
v -35.927151 60.362690 -125.874832
v -31.517250 60.271339 -120.850502
v -27.114971 60.271339 -125.870979
v -31.524876 60.362690 -130.895294
v -13.887241 60.271515 -125.870613
v -18.295679 60.271481 -125.868538
v -13.884970 60.271576 -120.840042
v -9.475599 60.271549 -125.867455
v -13.886310 60.271461 -130.895950
v 3.767393 60.271557 -125.867271
v -0.646498 60.271584 -125.864029
v 3.757380 60.271568 -120.840309
v 8.183788 60.271538 -125.865089
v 3.779910 60.271557 -130.888794
v 21.434898 60.271404 -125.845657
v 17.017174 60.271339 -125.851715
v 21.411777 60.271339 -120.825645
v 25.833323 60.271469 -125.836609
v 21.459900 60.271469 -130.862717
v 38.732471 61.087337 -125.772537
v 34.485561 60.620373 -125.804222
v 38.784031 60.890453 -120.766350
v 42.950718 61.554466 -125.741058
v 38.696865 61.284386 -130.778931
v 55.468391 60.634987 -125.687775
v 51.394165 61.766308 -125.689354
v 55.610710 60.637875 -120.688011
v 59.558624 59.503895 -125.691833
v 55.356945 60.632332 -130.693192
v 69.541946 51.370121 -125.586014
v 66.421127 54.366989 -125.646126
v 70.021324 51.743355 -120.595047
v 72.707199 48.376751 -125.523323
v 69.102142 51.000374 -130.574417
v -74.722710 47.418167 -145.320969
v -65.341736 56.539478 -145.693283
v -68.764069 53.799618 -145.577515
v -65.483299 56.779831 -140.685959
v -61.913055 59.286640 -145.777725
v -65.193832 56.306431 -150.669296
v -49.138481 62.137852 -145.838318
v -53.557449 62.132137 -145.812332
v -49.147343 61.997185 -140.836838
v -44.725471 62.143894 -145.876266
v -49.135582 62.278847 -150.851761
v -31.555725 60.734161 -145.964722
v -35.954327 61.097153 -145.950226
v -31.545574 60.561752 -140.945389
v -27.156425 60.370880 -145.972473
v -31.565176 60.906269 -150.977295
v -13.896039 60.271515 -145.965363
v -18.316628 60.271580 -145.970413
v -13.891246 60.271454 -140.944962
v -9.474066 60.271454 -145.957611
v -13.899446 60.271580 -150.983063
v 3.810089 60.271450 -145.940231
v -0.616136 60.271454 -145.944595
v 3.800807 60.271568 -140.927399
v 8.236814 60.271446 -145.935883
v 3.819870 60.271336 -150.953064
v 21.525360 60.306461 -145.911163
v 17.095598 60.271336 -145.918533
v 21.498121 60.305485 -140.893997
v 25.911983 60.341576 -145.902359
v 21.547987 60.307423 -150.926895
v 38.726376 61.638149 -145.828003
v 34.504112 61.124584 -145.856781
v 38.694195 61.498138 -140.809204
v 42.918282 62.149929 -145.795364
v 38.779667 61.770004 -150.842926
v 55.278797 60.720066 -145.710922
v 51.311577 62.130280 -145.736313
v 55.252186 60.775700 -140.705246
v 59.272251 59.309036 -145.698151
v 55.356030 60.626915 -150.729248
v 68.405334 50.212887 -145.586411
v 65.486397 53.402676 -145.634964
v 68.590996 50.501873 -140.582504
v 71.372208 47.033051 -145.536285
v 68.271378 49.891884 -150.588745
v -74.541054 46.803268 -165.399658
v -65.025337 55.860546 -165.642334
v -68.268532 52.917576 -165.539871
v -64.966461 55.836216 -160.644516
v -61.781860 58.803516 -165.727417
v -65.083923 55.884880 -170.622772
v -49.229992 62.236107 -165.935440
v -53.629288 62.065346 -165.895233
v -49.208424 62.331936 -160.902817
v -44.826233 62.406788 -165.989105
v -49.247101 62.140202 -170.981537
v -31.601774 61.363892 -166.025345
v -36.014240 61.754440 -166.023987
v -31.579887 61.270203 -161.004440
v -27.182053 60.954094 -166.025360
v -31.616405 61.422909 -171.044907
v -13.892570 60.390278 -166.001541
v -18.324390 60.455257 -166.016174
v -13.898304 60.251690 -161.006653
v -9.461353 60.329327 -165.994507
v -13.887439 60.473175 -171.004013
v 3.839269 60.269161 -165.963028
v -0.593563 60.265663 -165.974838
v 3.834611 60.179733 -160.970505
v 8.271770 60.290749 -165.960205
v 3.843597 60.299809 -170.964539
v 21.574856 60.510532 -165.943954
v 17.141565 60.335434 -165.952240
v 21.568409 60.407215 -160.945068
v 26.007992 60.674370 -165.942688
v 21.581150 60.551804 -170.949860
v 39.056873 61.610737 -165.919327
v 34.742142 61.302444 -165.919083
v 38.946293 61.684937 -160.886353
v 43.335316 61.892258 -165.910004
v 39.158115 61.496918 -170.942749
v 55.821053 60.276123 -165.754959
v 51.822327 61.715912 -165.843399
v 55.631599 60.485214 -160.748016
v 59.857132 58.840637 -165.696060
v 56.047840 60.050461 -170.791443
v 69.045731 49.664982 -165.598221
v 65.943863 52.705090 -165.620865
v 68.635193 49.640339 -160.610916
v 72.177452 46.657669 -165.587479
v 69.464813 49.694733 -170.597412
v -77.420197 50.014153 -184.705582
v -66.109261 56.816254 -185.477905
v -69.856773 54.498543 -185.218735
v -65.561386 56.216091 -180.578522
v -62.381649 59.122120 -185.738098
v -66.677025 57.404572 -190.378326
v -49.412102 61.314034 -186.080475
v -53.854553 61.348198 -186.098022
v -49.377506 61.800980 -181.050308
v -44.932713 61.262527 -186.055969
v -49.409752 60.825016 -191.103668
v -31.597357 60.745171 -186.017792
v -36.043922 60.948483 -186.019409
v -31.613697 61.341106 -181.052826
v -27.159851 60.515400 -186.027130
v -31.590080 60.139423 -190.993713
v -13.858771 59.811966 -185.983093
v -18.293268 59.991402 -185.983673
v -13.871466 60.489670 -181.004990
v -9.431723 59.655766 -185.990143
v -13.853527 59.134888 -190.968842
v 3.853345 59.434479 -185.951874
v -0.576011 59.444824 -185.951752
v 3.849824 60.186558 -180.971191
v 8.279609 59.469803 -185.959305
v 3.853773 58.687954 -190.939850
v 21.570868 59.761368 -185.926270
v 17.138660 59.616089 -185.922256
v 21.575302 60.453590 -180.952560
v 26.000412 59.897533 -185.940628
v 21.563770 59.072964 -190.910324
v 39.320415 60.226315 -185.946213
v 34.875240 60.121880 -185.918320
v 39.300797 60.927391 -180.990463
v 43.747612 60.300282 -185.985870
v 39.317638 59.531158 -190.913712
v 56.778488 59.441456 -185.916916
v 52.523178 60.362030 -186.018555
v 56.508354 59.707272 -180.852203
v 61.047787 58.525433 -185.795807
v 57.028145 59.194710 -190.962158
v 72.347420 51.872749 -185.040237
v 68.540253 54.015060 -185.330231
v 71.243706 50.894321 -180.360123
v 76.151855 49.791817 -184.795929
v 73.393143 52.909149 -189.766037
v -79.725952 51.355827 -204.055237
v -66.782120 54.294628 -204.865540
v -71.179680 53.584324 -204.706436
v -66.881874 55.953316 -200.193146
v -62.412140 54.989609 -205.053925
v -66.709953 52.620621 -209.567200
v -49.241516 54.793358 -204.547791
v -53.635956 55.154987 -204.844452
v -49.322678 57.204338 -200.294052
v -44.840069 54.357517 -204.269394
v -49.153343 52.376415 -208.819794
v -31.581942 53.779499 -204.281708
v -36.002750 53.977879 -204.220474
v -31.594780 56.547092 -200.260483
v -27.143312 53.551971 -204.354324
v -31.551279 51.035297 -208.314316
v -13.870565 52.913265 -204.488068
v -18.293728 53.145870 -204.456390
v -13.865886 55.668472 -200.395065
v -9.426233 52.716160 -204.524948
v -13.854076 50.210327 -208.586273
v 3.849164 52.443893 -204.505447
v -0.572782 52.490799 -204.514114
v 3.855806 55.201847 -200.396301
v 8.287417 52.461613 -204.499924
v 3.858830 49.750370 -208.617737
v 21.562056 52.746742 -204.368286
v 17.139490 52.667080 -204.431320
v 21.571468 55.528542 -200.306213
v 25.996536 52.829796 -204.309326
v 21.564562 50.026783 -208.434433
v 39.243813 53.128490 -204.195999
v 34.832970 53.012547 -204.191605
v 39.285633 55.843941 -200.155060
v 43.677845 53.211388 -204.209000
v 39.225185 50.462296 -208.245544
v 56.828934 53.956707 -204.946793
v 52.446251 53.970024 -204.793427
v 56.946415 56.009312 -200.456055
v 61.254295 53.913883 -205.102844
v 56.754131 51.947834 -209.440216
v 74.285881 51.651852 -204.499527
v 70.001335 52.667278 -204.795074
v 74.277077 52.837749 -199.693726
v 78.613953 50.657131 -204.223083
v 74.323624 50.489071 -209.324448
v -66.811432 53.756519 -45.092560
v -66.985092 53.824409 -40.093498
v -66.676163 53.689617 -50.093124
v -66.643265 53.663158 -55.097214
v -63.793800 56.916122 -55.341370
v -66.699654 53.635548 -60.105286
v -69.596664 50.409042 -54.857040
v -54.673000 65.739586 -46.180832
v -54.962364 66.118088 -41.236053
v -54.410484 65.357712 -51.165657
v -54.236206 65.063179 -56.134247
v -50.836483 67.348465 -56.423786
v -54.134132 64.768425 -61.123680
v -57.691269 62.777672 -55.865562
v -60.702087 59.843761 -55.594643
v -39.461143 71.123779 -46.920135
v -39.605625 71.434006 -41.908031
v -39.306030 70.816589 -51.899742
v -39.119022 69.960960 -56.788757
v -35.039497 70.171227 -56.844955
v -38.959217 69.098953 -61.717468
v -43.150871 69.744324 -56.772251
v -46.978912 68.550369 -56.589848
v -22.410534 71.612488 -47.042053
v -22.414486 72.179192 -42.056694
v -22.385984 71.048592 -52.000874
v -22.394733 69.945938 -56.841965
v -18.003994 69.627815 -56.798988
v -22.396746 68.836929 -61.708500
v -26.678387 70.257706 -56.910385
v -30.888239 70.214256 -56.879253
v -4.712554 70.156128 -46.761189
v -4.676589 71.218773 -41.893833
v -4.754109 69.096283 -51.617794
v -4.806080 67.856079 -56.426136
v -0.405199 67.350288 -56.332146
v -4.867972 66.613838 -61.246948
v -9.216882 68.359825 -56.532581
v -13.608019 68.991196 -56.675663
v 13.045628 69.549088 -46.834599
v 13.134159 70.928658 -42.072372
v 12.955686 68.171951 -51.588284
v 12.877361 66.756737 -56.334831
v 17.300070 66.664909 -56.398071
v 12.786240 65.335304 -61.102890
v 8.441854 66.842346 -56.293114
v 4.017709 67.095016 -56.317459
v 30.742451 69.649521 -47.312332
v 30.896008 71.359978 -42.712532
v 30.587616 67.939339 -51.908272
v 30.466967 66.209953 -56.518780
v 34.737816 65.899193 -56.544342
v 30.334219 64.468369 -61.163193
v 26.124443 66.515099 -56.527119
v 21.724201 66.589012 -56.462051
v 47.571560 67.565254 -47.175934
v 47.882576 69.413429 -42.689156
v 47.303955 65.705627 -51.675503
v 47.159782 64.105835 -56.320271
v 51.243538 63.188278 -56.178440
v 47.067844 62.481895 -61.009350
v 43.090351 65.003456 -56.506416
v 38.927814 65.453835 -56.515274
v 63.558640 61.999817 -46.241718
v 63.892395 63.455856 -41.569317
v 63.281857 60.532581 -50.929783
v 63.244419 59.598831 -55.799496
v 67.218781 58.067177 -55.691288
v 63.240871 58.657478 -60.705505
v 59.300789 61.123234 -55.944000
v 55.249668 62.165810 -56.037514
v 75.306389 54.913700 -55.522312
v 71.244080 56.490265 -55.605885
v -66.823853 53.573025 -65.117546
v -67.060654 53.514896 -70.136513
v -67.418144 53.480503 -75.158562
v -64.563225 56.726910 -75.375221
v -67.886993 53.450943 -80.171074
v -70.375404 50.238930 -74.932365
v -54.149117 64.488632 -66.089561
v -54.258778 64.210022 -71.079536
v -54.411594 63.895950 -76.062920
v -50.742271 65.593353 -76.289207
v -54.665081 63.580753 -81.053062
v -58.146038 62.197430 -75.843384
v -61.308891 59.460083 -75.596077
v -38.861637 68.188377 -66.632385
v -38.844391 67.279900 -71.535423
v -38.878960 66.213371 -76.398506
v -34.887047 65.938454 -76.340485
v -38.984192 65.146370 -81.267311
v -42.849438 66.487808 -76.462242
v -46.780846 66.041466 -76.375053
v -22.418709 67.483566 -66.506897
v -22.465744 66.131401 -71.304817
v -22.518694 64.846207 -76.124031
v -18.209045 64.441010 -76.045097
v -22.580799 63.560287 -80.945557
v -26.726677 65.250679 -76.205276
v -30.839018 65.594414 -76.271652
v -4.930462 65.390800 -66.079033
v -4.992357 64.166771 -70.914711
v -5.034800 63.139652 -75.808853
v -0.635123 62.720448 -75.744431
v -5.070269 62.110966 -80.707176
v -9.427502 63.557289 -75.877457
v -13.821246 64.000816 -75.955727
v 12.701368 64.071304 -65.931969
v 12.620234 62.806709 -70.762817
v 12.575087 61.970631 -75.708717
v 16.981518 61.783192 -75.718033
v 12.534094 61.134705 -80.652657
v 8.172812 62.158230 -75.697449
v 3.769315 62.440342 -75.715240
v 30.255058 63.157974 -65.976982
v 30.184235 61.846684 -70.792664
v 30.166725 61.167645 -75.766693
v 34.529827 60.934723 -75.774658
v 30.135212 60.491856 -80.729233
v 25.775352 61.405392 -75.747238
v 21.376402 61.594833 -75.729729
v 47.154816 61.731617 -65.925537
v 47.284058 60.977600 -70.841774
v 47.433601 60.874279 -75.839798
v 51.725815 61.026680 -75.848717
v 47.583847 60.773048 -80.820763
v 43.146927 60.723434 -75.813812
v 38.846642 60.827263 -75.797478
v 63.552181 58.527744 -65.725487
v 63.862522 58.404465 -70.720779
v 64.174522 58.315281 -75.726807
v 68.126823 56.590656 -75.649399
v 64.457382 58.232788 -80.724136
v 60.234932 60.042522 -75.795525
v 55.978546 60.534752 -75.828362
v 75.687584 52.292282 -75.449120
v 71.898254 54.438526 -75.564491
v -68.388214 53.355080 -85.184692
v -68.977859 53.259258 -90.215485
v -69.612457 53.167473 -95.252983
v -66.697258 56.373440 -95.447807
v -70.276672 53.082855 -100.277153
v -72.602119 49.968678 -95.044823
v -54.997570 63.201614 -86.011757
v -55.402359 62.822929 -90.990273
v -55.797581 62.437614 -95.959061
v -51.791943 63.478390 -96.089050
v -56.210846 62.053501 -100.935158
v -59.835846 61.398045 -95.836380
v -63.232430 58.883820 -95.627350
v -39.134285 64.160645 -86.146637
v -39.342056 63.177589 -91.023788
v -39.560387 62.323349 -95.943222
v -35.471130 61.725807 -95.849258
v -39.800518 61.471611 -100.859421
v -43.624313 62.923389 -96.033943
v -47.697449 63.199795 -96.066383
v -22.637283 62.542881 -85.845779
v -22.690556 61.524506 -90.749092
v -22.713564 60.981174 -95.741264
v -18.304808 60.809044 -95.720680
v -22.714617 60.437897 -100.731941
v -27.049309 61.153362 -95.760345
v -31.298759 61.439800 -95.804367
v -5.081616 61.452339 -85.683746
v -5.092658 60.792568 -90.668861
v -5.092434 60.543198 -95.695251
v -0.684510 60.485382 -95.691559
v -5.086738 60.293903 -100.718544
v -9.494885 60.601097 -95.695839
v -13.898837 60.705215 -95.706116
v 12.526795 60.770180 -85.663460
v 12.521088 60.405216 -90.679596
v 12.521390 60.338264 -95.709900
v 16.929113 60.325119 -95.717812
v 12.528436 60.271339 -100.737366
v 8.120409 60.351437 -95.699158
v 3.719788 60.418446 -95.693153
v 30.138718 60.381626 -85.736870
v 30.145535 60.271339 -90.743599
v 30.152485 60.271797 -95.757317
v 34.570892 60.272247 -95.764519
v 30.165442 60.272247 -100.767738
v 25.740082 60.271339 -95.746819
v 21.333925 60.298233 -95.732414
v 47.700596 60.736069 -85.793320
v 47.773266 60.703568 -90.767609
v 47.757450 60.893303 -95.757477
v 52.123009 61.129646 -95.741180
v 47.689873 61.085033 -100.741737
v 43.374290 60.657188 -95.768166
v 38.980934 60.464657 -95.769630
v 64.601784 58.095123 -85.723160
v 64.646454 57.966736 -90.701660
v 64.586906 57.821701 -95.694870
v 68.467636 55.845787 -95.658676
v 64.428146 57.686760 -100.686668
v 60.713654 59.800861 -95.729660
v 56.418335 60.465282 -95.740837
v 75.618896 50.824383 -95.514725
v 72.037018 53.329002 -95.598335
v -70.813812 52.878727 -105.298653
v -71.337677 52.672588 -110.340820
v -71.762589 52.444920 -115.379349
v -68.768570 55.604111 -115.543785
v -72.103424 52.227859 -120.398651
v -74.784920 49.296337 -115.195686
v -56.651493 61.741611 -105.896729
v -57.058414 61.432045 -110.864273
v -57.374355 61.263119 -115.851219
v -53.136921 62.052212 -115.885254
v -57.605667 61.096653 -120.833206
v -61.613182 60.476490 -115.812218
v -65.176575 58.039059 -115.669930
v -39.991119 61.082455 -105.842896
v -40.165066 60.694096 -110.833389
v -40.268646 60.687851 -115.844940
v -35.922371 60.295727 -115.831612
v -40.318466 60.682373 -120.857353
v -44.582458 61.080746 -115.859116
v -48.860619 61.565910 -115.876396
v -22.706879 60.354588 -105.757706
v -22.705923 60.271339 -110.786728
v -22.704910 60.271412 -115.815521
v -18.294447 60.271481 -115.811981
v -22.701427 60.271481 -120.842255
v -27.112906 60.271339 -115.816994
v -31.517958 60.283527 -115.823051
v -5.078965 60.282619 -105.748863
v -5.076111 60.271339 -110.781036
v -5.073123 60.271450 -115.812805
v -0.661886 60.271473 -115.811859
v -5.066240 60.271568 -120.840027
v -9.480467 60.271431 -115.809219
v -13.885482 60.271454 -115.809723
v 12.542232 60.271389 -105.763214
v 12.555703 60.271446 -110.788635
v 12.566746 60.271442 -115.814804
v 16.979544 60.271446 -115.811157
v 12.581734 60.271431 -120.837372
v 8.157893 60.271431 -115.814835
v 3.748843 60.271450 -115.813614
v 30.184362 60.302177 -105.775177
v 30.196953 60.332146 -110.781998
v 30.195747 60.346016 -115.796036
v 34.542442 60.420712 -115.783752
v 30.188370 60.359905 -120.807487
v 25.808470 60.271339 -115.805725
v 21.392841 60.271389 -115.809334
v 47.588173 61.140160 -105.725082
v 47.479950 61.195599 -110.716385
v 47.377090 61.376713 -115.718254
v 51.636269 61.543274 -115.689758
v 47.276299 61.557449 -120.712906
v 43.105461 61.209774 -115.739540
v 38.835659 60.815063 -115.763062
v 64.144043 57.535030 -105.690353
v 63.838844 57.389084 -110.674171
v 63.547890 57.241417 -115.674286
v 67.170731 54.886944 -115.652008
v 63.268105 57.096725 -120.671173
v 59.950100 59.598869 -115.693329
v 55.783237 60.571655 -115.697235
v 73.763206 49.212059 -115.530380
v 70.452049 52.043533 -115.601959
v -72.215973 51.897854 -125.406837
v -72.218483 51.564838 -130.429947
v -72.114502 51.261078 -135.449677
v -69.108940 54.430031 -135.587891
v -71.975098 50.968151 -140.454559
v -75.111053 48.102962 -135.296600
v -57.780251 60.980400 -125.818436
v -57.840805 60.866280 -130.806366
v -57.801971 60.824963 -135.807755
v -53.544800 61.986023 -135.807449
v -57.761795 60.784191 -140.792145
v -62.057796 59.664455 -135.791077
v -65.584839 57.046394 -135.685883
v -40.317204 60.765366 -125.867424
v -40.324623 60.849205 -130.880783
v -40.327477 61.079559 -135.894714
v -35.941170 60.634590 -135.917938
v -40.335251 61.310265 -140.905380
v -44.718712 61.524883 -135.868225
v -49.128746 61.755600 -135.844254
v -22.703522 60.271408 -125.868973
v -22.709223 60.271339 -130.897247
v -22.718210 60.280602 -135.925903
v -18.305540 60.271339 -135.924957
v -22.725597 60.289856 -140.950455
v -27.129280 60.289856 -135.922745
v -31.534918 60.462242 -135.921829
v -5.060428 60.271568 -125.866463
v -5.055857 60.271568 -130.891449
v -5.053346 60.271568 -135.915680
v -0.632847 60.271564 -135.911179
v -5.049007 60.271572 -140.935654
v -9.472017 60.271576 -135.915939
v -13.888922 60.271458 -135.921661
v 12.600344 60.271439 -125.859924
v 12.619227 60.271446 -130.879440
v 12.634171 60.271446 -135.897827
v 17.055794 60.271339 -135.888657
v 12.650131 60.271446 -140.914261
v 8.213565 60.271557 -135.905029
v 3.790049 60.271561 -135.909943
v 30.181953 60.445911 -125.820847
v 30.181652 60.531929 -130.833359
v 30.186512 60.603485 -135.848251
v 34.463337 60.901329 -135.827240
v 30.202564 60.675014 -140.861938
v 25.863699 60.305618 -135.868042
v 21.479864 60.288483 -135.880096
v 47.173397 61.660202 -125.708542
v 47.098648 61.763329 -130.717514
v 47.078541 61.934120 -135.737762
v 51.274517 61.986660 -135.703873
v 47.091106 62.104523 -140.747253
v 42.877632 61.881195 -135.760895
v 38.684704 61.391342 -135.794357
v 62.972828 56.933113 -125.682281
v 62.713821 56.774147 -130.666779
v 62.545631 56.643055 -135.668289
v 65.819801 53.863560 -135.637863
v 62.427559 56.502850 -140.665619
v 59.310272 59.424240 -135.694550
v 55.277966 60.706955 -135.708405
v 71.868790 47.649494 -135.519073
v 68.822472 50.751972 -135.586899
v -71.744537 50.607998 -145.446442
v -71.511681 50.249630 -150.443924
v -71.418869 50.039925 -155.450439
v -68.381386 53.184109 -155.557159
v -71.317787 49.838478 -160.461990
v -74.448082 46.903999 -155.348740
v -57.732628 60.710300 -145.794052
v -57.708714 60.634586 -150.797928
v -57.676197 60.560303 -155.801865
v -53.583153 62.158447 -155.837631
v -57.653347 60.482399 -160.796326
v -61.778900 58.958542 -155.756622
v -65.081947 56.070168 -155.650528
v -40.339977 61.620697 -145.915909
v -40.344555 61.930775 -150.921127
v -40.369812 62.004654 -155.943939
v -35.972492 61.556408 -155.977005
v -40.388790 62.077969 -160.972839
v -44.760853 62.452339 -155.916962
v -49.167862 62.305546 -155.879471
v -22.736837 60.321247 -145.974213
v -22.747452 60.352608 -150.992416
v -22.751717 60.451847 -156.005753
v -18.329868 60.283554 -156.005371
v -22.754982 60.545101 -161.017685
v -27.172569 60.620071 -156.004730
v -31.573574 61.088470 -155.994217
v -5.045996 60.271454 -145.954300
v -5.041194 60.271339 -150.966537
v -5.036833 60.266754 -155.974258
v -0.606307 60.251648 -155.968475
v -5.032993 60.193977 -160.986282
v -9.467882 60.280731 -155.984344
v -13.899990 60.285011 -155.999008
v 12.666533 60.271393 -145.930908
v 12.682281 60.271336 -150.940155
v 12.693378 60.270947 -155.946564
v 17.124447 60.267841 -155.942673
v 12.702952 60.203892 -160.957611
v 8.260787 60.271873 -155.955093
v 3.826484 60.261173 -155.965790
v 30.230255 60.733089 -145.881973
v 30.270588 60.791153 -150.897186
v 30.311771 60.896034 -155.906006
v 34.606949 61.295261 -155.885117
v 30.357300 60.980717 -160.917206
v 25.970770 60.482536 -155.929276
v 21.558285 60.377945 -155.939392
v 47.116901 62.141685 -145.759415
v 47.177750 62.147648 -150.784409
v 47.295235 62.112480 -155.815170
v 51.510845 62.051079 -155.776947
v 47.439964 62.052891 -160.836700
v 43.076920 62.172215 -155.844177
v 38.859779 61.738605 -155.862228
v 62.358574 56.352318 -145.680283
v 62.342457 56.167664 -150.667511
v 62.452133 56.008026 -155.662018
v 65.478699 52.937180 -155.634415
v 62.599995 55.824883 -160.667236
v 59.461731 59.092266 -155.700317
v 55.472881 60.569901 -155.744461
v 71.434021 46.632504 -155.565247
v 68.434273 49.775387 -155.597565
v -71.410728 49.854683 -165.470947
v -71.491806 49.882366 -170.477554
v -72.106483 50.494404 -175.354309
v -68.679855 53.247047 -175.484161
v -72.704712 51.129635 -180.275894
v -75.516655 47.764954 -175.269287
v -57.694012 60.439106 -165.803162
v -57.757805 60.386459 -170.826309
v -57.840229 60.356449 -175.844727
v -53.732811 61.852493 -175.981796
v -57.940468 60.319958 -180.872635
v -61.965458 58.853924 -175.717133
v -65.320480 56.050797 -175.580093
v -40.421539 62.080711 -166.007629
v -40.451687 62.083260 -171.040253
v -40.478577 61.916477 -176.059509
v -36.052849 61.708282 -176.065552
v -40.492966 61.721077 -181.075348
v -44.891800 62.088684 -176.050049
v -49.313992 61.969978 -176.032990
v -22.754587 60.711006 -166.025040
v -22.751459 60.822323 -171.023849
v -22.740479 60.864487 -176.019897
v -18.310429 60.663826 -176.016296
v -22.736223 60.875893 -181.024643
v -27.177252 61.060894 -176.032166
v -31.617559 61.396793 -176.052887
v -5.028078 60.290421 -165.988571
v -5.021922 60.328941 -170.983063
v -5.012871 60.310905 -175.980362
v -0.582870 60.306648 -175.976746
v -5.009422 60.263138 -180.986389
v -9.448474 60.343407 -175.992706
v -13.881764 60.497139 -176.008331
v 12.707117 60.306492 -165.960266
v 12.710382 60.351112 -170.954834
v 12.711161 60.316944 -175.951828
v 17.143339 60.418575 -175.954102
v 12.709246 60.253048 -180.958237
v 8.276291 60.241798 -175.958984
v 3.844321 60.258217 -175.970856
v 30.397528 61.004112 -165.932587
v 30.428007 60.962479 -170.944565
v 30.442171 60.848705 -175.947540
v 34.846458 61.065056 -175.951584
v 30.442667 60.704124 -180.955353
v 26.013113 60.606655 -175.948349
v 21.576120 60.522034 -175.954498
v 47.587856 61.802204 -165.864441
v 47.732155 61.542591 -170.916718
v 47.894207 61.273876 -175.961639
v 52.182846 61.166874 -175.924835
v 48.048454 60.984283 -180.989746
v 43.602196 61.353607 -175.981644
v 39.245819 61.226517 -175.970291
v 62.883621 55.764408 -165.660202
v 63.187180 55.693630 -170.649689
v 63.651245 55.764069 -175.614838
v 66.936531 52.959587 -175.571976
v 64.109474 55.849953 -180.641083
v 60.391441 58.598415 -175.718826
v 56.283539 59.873154 -175.821136
v 73.813103 47.644268 -175.385574
v 70.362328 50.279911 -175.459396
v -73.649582 52.246365 -184.951767
v -74.572266 53.383060 -189.648407
v -74.999626 53.522583 -194.591354
v -70.952698 55.252357 -194.988113
v -75.433418 53.661362 -199.564880
v -79.052971 51.792065 -194.225174
v -58.106216 60.238140 -185.934326
v -58.295734 60.150372 -190.963516
v -58.206306 58.640392 -195.666992
v -53.817741 59.153057 -195.811249
v -58.128208 57.109356 -200.431122
v -62.606201 58.105534 -195.583374
v -66.756767 56.690228 -195.262299
v -40.493702 61.126419 -186.046616
v -40.483669 60.520393 -191.000015
v -40.482311 58.705563 -195.586716
v -36.031498 58.532074 -195.605072
v -40.462528 56.887127 -200.191528
v -44.914688 58.824879 -195.586472
v -49.367500 59.019283 -195.692825
v -22.730022 60.250843 -186.009598
v -22.716900 59.626961 -190.986206
v -22.728821 57.863468 -195.662720
v -18.291801 57.610817 -195.685593
v -22.728262 56.119625 -200.348511
v -27.153360 58.117760 -195.649124
v -31.587383 58.334438 -195.629608
v -5.005147 59.529438 -185.973022
v -4.998313 58.801914 -190.955505
v -5.003575 57.046532 -195.681015
v -0.572322 56.951008 -195.687592
v -5.001617 55.328953 -200.410431
v -9.427608 57.192432 -195.678314
v -13.855338 57.381901 -195.686249
v 12.705780 59.529976 -185.943527
v 12.709023 58.813023 -190.923309
v 12.709110 57.044464 -195.643204
v 17.141285 57.154564 -195.642639
v 12.714161 55.312885 -200.367874
v 8.281900 56.956501 -195.648560
v 3.858347 56.922905 -195.671341
v 30.436272 60.021149 -185.934982
v 30.432980 59.342453 -190.903595
v 30.428450 57.507771 -195.555557
v 34.867504 57.591351 -195.549606
v 30.428478 55.711838 -200.219925
v 25.993958 57.405025 -195.573898
v 21.570747 57.280483 -195.611389
v 48.163391 60.346516 -186.016205
v 48.201420 59.720314 -191.014679
v 48.173859 57.875923 -195.623703
v 52.604866 57.994221 -195.750214
v 48.127594 56.059647 -200.254669
v 43.735764 57.717533 -195.519135
v 39.306770 57.669838 -195.533340
v 64.774521 56.263474 -185.574142
v 65.432007 56.687931 -190.484940
v 65.561836 55.814507 -195.341461
v 69.784874 54.471653 -195.096252
v 65.711334 54.943932 -200.279312
v 61.411972 57.156395 -195.667999
v 57.016472 57.589241 -195.697083
v 77.944214 51.273258 -194.363495
v 73.862625 52.855057 -194.732208
v -75.432365 52.476921 -204.376221
v -75.472206 51.278790 -209.196793
v -75.283691 49.093884 -213.569550
v -70.952194 50.011948 -213.912399
v -79.597443 48.174088 -213.238876
v -58.006691 55.071945 -204.956573
v -57.919891 53.040882 -209.467255
v -57.787361 50.785995 -213.824539
v -53.394852 50.549618 -213.535294
v -62.182892 51.010052 -214.118744
v -66.558334 50.514099 -214.011490
v -40.408104 54.192043 -204.242706
v -40.380295 51.513279 -208.298340
v -40.335407 48.649902 -212.192612
v -35.956848 48.131836 -211.919571
v -44.741417 49.123451 -212.466019
v -49.052574 49.864239 -213.002914
v -22.710850 53.342567 -204.405975
v -22.708778 50.612740 -208.462204
v -22.699097 47.415180 -212.029984
v -18.275154 47.161621 -212.056808
v -27.120298 47.678219 -212.006683
v -31.531301 47.913979 -211.963669
v -4.991534 52.572403 -204.520538
v -4.997398 49.882332 -208.628632
v -5.005375 46.619587 -212.134003
v -0.572196 46.501404 -212.114914
v -9.423747 46.797192 -212.155853
v -13.841961 46.958996 -212.105270
v 12.722349 52.549061 -204.466278
v 12.712747 49.846733 -208.563354
v 12.698074 46.596294 -212.085205
v 17.131147 46.697128 -212.032867
v 8.280627 46.541653 -212.139420
v 3.861618 46.487278 -212.126831
v 30.422258 52.928364 -204.248169
v 30.401028 50.203495 -208.280991
v 30.382959 47.106117 -211.923035
v 34.810066 47.217201 -211.870865
v 25.972279 46.986729 -211.970581
v 21.554337 46.839817 -212.000000
v 48.065514 53.611626 -204.498077
v 47.996498 51.205757 -208.747742
v 47.909409 48.736485 -212.913986
v 52.251022 49.410599 -213.444885
v 43.594227 48.034378 -212.376709
v 39.188644 47.638416 -212.123291
v 65.620285 53.276245 -204.943970
v 65.539246 51.641075 -209.618607
v 65.394402 49.582867 -214.041122
v 69.789612 49.160912 -213.971191
v 61.013668 50.032814 -214.116028
v 56.629303 49.742172 -213.776917
v 78.453804 47.468899 -213.308243
v 74.133163 48.296757 -213.634720
v -69.342506 61.938366 -50.510674
v -66.203697 65.092346 -50.868557
v -69.496712 61.979225 -45.632618
v -66.382019 65.138786 -45.911427
v -54.616619 74.270081 -52.441368
v -49.746231 76.080322 -52.687088
v -55.130222 74.886360 -47.647091
v -49.787689 76.579231 -47.519001
v -35.538551 78.331062 -53.145306
v -31.288059 78.532272 -53.334129
v -35.792545 78.808800 -47.734570
v -31.415739 79.001877 -47.805428
v -17.178839 77.874329 -53.550995
v -12.595304 77.257072 -53.584686
v -17.383759 78.665398 -48.289421
v -12.770363 78.164841 -48.425827
v 0.236246 75.748955 -53.770634
v 4.456295 75.493233 -53.870811
v 0.130715 76.949341 -48.815834
v 4.401608 76.768188 -48.986286
v 17.376272 75.151215 -54.330711
v 21.769949 75.113174 -54.569839
v 17.341129 76.588997 -49.531067
v 21.753300 76.634338 -49.768570
v 35.423016 74.457436 -55.259594
v 39.831703 73.961746 -55.322205
v 35.419502 76.310646 -50.775501
v 39.998158 75.822212 -50.846367
v 53.481133 71.191978 -54.330795
v 57.615242 69.966354 -53.812149
v 53.934425 72.791222 -50.235241
v 58.153633 71.369713 -49.721424
v 70.026001 65.691803 -52.956837
v 74.071655 64.121246 -52.837616
v 70.290298 66.940079 -48.665146
v 74.343964 65.371559 -48.450867
v -69.578629 61.912537 -70.082680
v -66.134346 65.028427 -70.444550
v -69.411896 61.968876 -65.255035
v -65.959839 65.070168 -65.516495
v -53.079723 73.016373 -72.061035
v -48.081978 73.917885 -72.583481
v -53.403744 73.396538 -67.173958
v -48.379402 74.463928 -67.579758
v -34.417583 74.248985 -73.524574
v -30.265959 73.918831 -73.628113
v -34.696735 75.389839 -68.587173
v -30.415749 75.131081 -68.744843
v -17.334257 72.754921 -73.634018
v -12.814220 72.218674 -73.405983
v -17.265192 74.154419 -68.971573
v -12.613450 73.512489 -68.748169
v 0.103958 70.845734 -72.808914
v 4.390530 70.501770 -72.712280
v 0.192316 71.965622 -68.160522
v 4.435176 71.650200 -68.158577
v 17.365622 69.833458 -72.710800
v 21.826317 69.563499 -72.698349
v 17.418262 70.991058 -68.280960
v 21.878601 70.753754 -68.365150
v 34.988106 68.836098 -72.498390
v 39.295841 68.552689 -72.289093
v 35.168777 69.922882 -68.233826
v 39.472588 69.555580 -68.100616
v 51.994019 68.397530 -71.276215
v 56.624760 67.931122 -71.033417
v 52.205345 68.721336 -66.661270
v 56.590034 68.112869 -66.191269
v 71.099045 63.277122 -70.669106
v 75.126060 61.180759 -70.811607
v 70.577408 63.587952 -65.805573
v 74.573830 61.751297 -66.062286
v -71.215729 61.830391 -89.870506
v -67.395065 64.858543 -90.276070
v -70.740372 61.936607 -84.956963
v -66.907471 64.946480 -85.258224
v -52.456882 71.282455 -92.041962
v -47.209206 71.129967 -92.420456
v -52.537796 71.885696 -87.233788
v -47.214470 71.880791 -87.616005
v -34.385391 69.770660 -92.674622
v -30.430977 69.364784 -92.522682
v -34.262688 70.817947 -88.017609
v -30.242170 70.385918 -88.003677
v -17.931372 68.631119 -92.020584
v -13.532906 68.429344 -91.840935
v -17.766104 69.460579 -87.467545
v -13.392331 69.205353 -87.302589
v -0.476873 68.067276 -91.354073
v 3.933053 67.940331 -91.244507
v -0.333474 68.550095 -86.651520
v 4.005462 68.397636 -86.547264
v 17.009588 67.766685 -91.003479
v 21.420601 67.714157 -90.959648
v 17.103973 68.023697 -86.195938
v 21.463436 67.949135 -86.145279
v 34.466400 67.663086 -90.765564
v 38.739517 67.771057 -90.695473
v 34.546680 67.665054 -85.803185
v 38.749088 67.770493 -85.780624
v 52.421432 68.330177 -90.645233
v 57.422768 67.750290 -90.730370
v 52.318569 68.394669 -85.875259
v 57.312824 67.780876 -85.806480
v 72.375656 62.381420 -91.039528
v 76.408150 59.735531 -91.120728
v 72.240662 62.734783 -86.015274
v 76.336540 60.115517 -86.040840
v -73.306053 61.366066 -110.297127
v -69.187126 64.294876 -110.558823
v -72.876732 61.632301 -105.250969
v -68.673126 64.519005 -105.468056
v -53.049061 69.527359 -111.346909
v -47.738598 68.900955 -111.394852
v -52.822849 70.004898 -106.781967
v -47.444416 69.353012 -106.913658
v -35.470985 67.707138 -111.092163
v -31.456261 67.685852 -111.002899
v -35.250771 67.953781 -106.325027
v -31.343245 67.889854 -106.168030
v -18.283468 67.662125 -110.812378
v -13.893312 67.662056 -110.794518
v -18.241623 67.669342 -105.800720
v -13.911071 67.676842 -105.777748
v -0.668335 67.662056 -110.789246
v 3.738637 67.662056 -110.786278
v -0.664632 67.662064 -105.755020
v 3.727590 67.662056 -105.758018
v 16.963352 67.662270 -110.791298
v 21.376375 67.662163 -110.791252
v 16.949343 67.662155 -105.765160
v 21.355917 67.662109 -105.773766
v 34.204647 67.779297 -110.680939
v 38.266289 68.104156 -110.592743
v 34.280914 67.721245 -105.657204
v 38.387177 68.012253 -105.577782
v 52.405113 68.721458 -110.549713
v 57.499092 67.744438 -110.705368
v 52.476650 68.750954 -105.729286
v 57.606922 67.761131 -105.771385
v 71.949837 61.034012 -111.398804
v 75.682991 58.006985 -111.551506
v 72.185837 61.461784 -106.461670
v 76.025436 58.439495 -106.575378
v -74.232193 60.191971 -131.046585
v -70.207695 63.210842 -131.089874
v -74.231483 60.626167 -125.977348
v -70.031815 63.560349 -125.970612
v -54.137619 69.234077 -130.761734
v -48.614807 68.889900 -130.644791
v -53.990334 69.372940 -126.009171
v -48.452042 68.904205 -125.899620
v -35.484875 67.834389 -130.669327
v -31.349266 67.750992 -130.763779
v -35.533585 67.748726 -125.733582
v -31.440857 67.707146 -125.791046
v -18.299009 67.662056 -130.898117
v -13.886484 67.662178 -130.896011
v -18.295776 67.662193 -125.868736
v -13.887306 67.662231 -125.870728
v -0.640024 67.662270 -130.891159
v 3.779919 67.662270 -130.888794
v -0.646492 67.662300 -125.864059
v 3.767431 67.662277 -125.867287
v 17.034878 67.662056 -130.868546
v 21.452208 67.662193 -130.847214
v 17.017204 67.662056 -125.851677
v 21.434782 67.662117 -125.845535
v 33.803471 68.154739 -130.579651
v 37.812317 68.620392 -130.499176
v 33.905170 67.989685 -125.515915
v 37.883919 68.424034 -125.407356
v 52.350681 69.149872 -130.530167
v 57.479698 67.726837 -130.677841
v 52.350742 69.184235 -125.684662
v 57.527851 67.745720 -125.754143
v 71.134071 59.466179 -131.313232
v 74.443275 56.176201 -131.422653
v 71.355347 59.932739 -126.513939
v 74.781448 56.611897 -126.636909
v -73.777260 58.709858 -151.146149
v -70.162720 61.859882 -151.145294
v -73.967438 59.148239 -146.297760
v -70.130226 62.243374 -146.191284
v -54.989609 69.424805 -150.805847
v -49.379803 69.666206 -150.698181
v -54.840927 69.522743 -145.837784
v -49.147301 69.528664 -145.581635
v -35.115746 68.717239 -150.588593
v -30.788164 68.252632 -150.658401
v -35.177567 68.438271 -145.477997
v -30.919834 68.094513 -145.654007
v -18.240458 67.662628 -150.952942
v -13.898607 67.662292 -150.972076
v -18.273182 67.662308 -145.955978
v -13.895928 67.662231 -145.965256
v -0.605380 67.662056 -150.970428
v 3.815471 67.662056 -150.962158
v -0.616133 67.662163 -145.944794
v 3.810097 67.662163 -145.940445
v 17.071505 67.662117 -150.917740
v 21.454018 67.697739 -150.863419
v 17.065006 67.662056 -145.918289
v 21.463810 67.696938 -145.909760
v 33.713478 68.583961 -150.746490
v 37.868382 69.107941 -150.768066
v 33.686512 68.471046 -145.673294
v 37.796501 68.969727 -145.594452
v 52.778683 69.363487 -150.798721
v 57.923950 67.578064 -150.798050
v 52.653587 69.516869 -145.845490
v 57.852589 67.668579 -145.805984
v 70.878540 58.141464 -150.881775
v 73.873390 54.855907 -150.836731
v 70.925514 58.522614 -146.133438
v 74.001396 55.152161 -146.168350
v -73.417419 58.311592 -170.001389
v -70.206039 61.317524 -170.314621
v -73.507057 58.246212 -165.489838
v -70.163681 61.279648 -165.538254
v -55.194115 69.216461 -171.090439
v -49.595818 69.520790 -171.218445
v -55.260944 69.396416 -166.109161
v -49.531021 69.619949 -166.107544
v -35.484692 69.140564 -171.108063
v -30.989782 68.788612 -171.017578
v -35.381031 69.119438 -165.976044
v -30.895296 68.721649 -165.895615
v -18.010653 67.969101 -170.857727
v -13.697066 67.861389 -170.904236
v -18.045265 67.839294 -165.759262
v -13.782641 67.778236 -165.796967
v -0.552365 67.698845 -170.949768
v 3.848639 67.690849 -170.971313
v -0.575098 67.655716 -165.851227
v 3.817343 67.659332 -165.850372
v 16.975855 67.794540 -170.908417
v 21.346485 67.939316 -170.941223
v 16.964563 67.724007 -165.796356
v 21.281273 67.895042 -165.816284
v 34.354828 68.592232 -171.177002
v 38.727562 68.870300 -171.301910
v 34.196510 68.673576 -166.026108
v 38.517200 68.980911 -166.107910
v 53.339722 68.687424 -171.280792
v 58.437347 67.060417 -171.007248
v 53.247940 69.067284 -166.327194
v 58.420662 67.215004 -165.997620
v 71.450523 57.993542 -169.791077
v 74.509850 55.128941 -169.382126
v 71.312599 57.896492 -165.246033
v 74.355217 54.902634 -165.042496
v -74.033813 62.025303 -189.011063
v -70.110870 64.114998 -190.225983
v -73.622864 60.635704 -183.122345
v -70.031845 63.012321 -184.021301
v -54.504795 68.170212 -193.099625
v -49.227295 68.047264 -193.245987
v -54.822346 68.729782 -186.758316
v -49.331650 68.660942 -186.970505
v -35.706932 67.439316 -193.192886
v -31.302652 67.322296 -193.213898
v -35.714291 68.258217 -187.180237
v -31.226833 68.062065 -187.108414
v -17.875208 66.436760 -193.129196
v -13.596886 66.305679 -193.177521
v -17.913080 67.288300 -187.225845
v -13.571235 67.115105 -187.206253
v -0.470365 65.769402 -193.180481
v 3.766640 65.840279 -193.213272
v -0.491859 66.725204 -187.367096
v 3.830808 66.725342 -187.302246
v 16.939024 65.995201 -193.132111
v 21.256065 66.232933 -193.167847
v 16.941881 66.905396 -187.264465
v 21.325684 67.063042 -187.174728
v 34.724815 66.513321 -193.193954
v 39.117390 66.679520 -193.263962
v 34.696487 67.415390 -187.233475
v 39.158218 67.526970 -187.215134
v 53.126957 66.974998 -193.152069
v 58.120747 66.453537 -192.633163
v 53.338074 67.714821 -186.948883
v 58.411209 66.664803 -186.274841
v 72.697975 61.507755 -189.340622
v 76.561569 59.587517 -188.345428
v 72.201302 60.248222 -183.356247
v 75.780304 58.051407 -182.477966
v -72.413727 58.746387 -212.689987
v -67.727303 59.276230 -212.995361
v -72.808266 60.411629 -207.363525
v -68.017899 61.069164 -207.866837
v -52.781681 59.242279 -213.381165
v -47.993256 58.521862 -213.213776
v -53.266792 61.589725 -208.900116
v -48.413639 61.021477 -208.884460
v -35.592003 56.871284 -213.427994
v -31.394762 56.678867 -213.635712
v -35.737656 59.837780 -209.218979
v -31.352215 59.660763 -209.250580
v -18.055498 55.945969 -213.894958
v -13.708475 55.807552 -213.991760
v -18.036263 59.024998 -209.426605
v -13.603684 58.850563 -209.372559
v -0.476260 55.311165 -213.991898
v 3.794276 55.349758 -214.025589
v -0.476210 58.399773 -209.447296
v 3.876165 58.395035 -209.377502
v 17.064398 55.482162 -213.865845
v 21.436579 55.642334 -213.804825
v 17.047909 58.550438 -209.402359
v 21.506962 58.653870 -209.304916
v 34.591263 55.940353 -213.378845
v 38.790085 56.315720 -213.247940
v 34.720337 58.872070 -209.197540
v 39.097122 59.072842 -209.077759
v 51.549225 58.061825 -213.279434
v 56.276283 58.473877 -213.275269
v 52.007851 60.382469 -208.877441
v 56.764759 60.567154 -208.637711
v 71.088173 57.893097 -212.747314
v 75.763565 57.258987 -212.427734
v 71.462433 59.532742 -207.445572
v 76.097336 58.592793 -206.579575
v -75.582649 55.504826 -40.153767
v -75.411644 55.447083 -45.129028
v -72.650215 58.707993 -40.404480
v -72.474022 58.644295 -45.377415
v -72.344917 58.575783 -50.258785
v -69.304268 61.986282 -55.364899
v -72.339844 58.520298 -55.111427
v -63.364777 68.555962 -41.379128
v -63.129635 68.517342 -46.350002
v -59.966301 71.606468 -42.099461
v -59.485817 71.396446 -47.030773
v -58.887482 71.281555 -51.893154
v -54.212837 74.011345 -57.261246
v -58.508762 71.137695 -56.717636
v -62.300747 68.417023 -61.075348
v -62.528706 68.488060 -56.271671
v -65.884651 65.122414 -60.654388
v -66.003838 65.110580 -55.777714
v -45.158989 78.229805 -42.346512
v -45.052788 78.068047 -47.372498
v -40.369125 78.768745 -42.495228
v -40.097225 78.471458 -47.503555
v -39.760185 78.143867 -52.985168
v -35.288712 77.412453 -58.481178
v -39.529305 77.202263 -58.370396
v -44.075386 76.109131 -63.126747
v -44.535336 76.942970 -58.306458
v -48.737312 74.995834 -62.688721
v -49.291000 75.509842 -57.791824
v -26.844170 79.604919 -42.882259
v -26.745487 79.204979 -47.888702
v -22.154472 79.508583 -43.084927
v -22.006670 78.937233 -48.068302
v -21.796345 78.303352 -53.523060
v -17.163532 76.766571 -58.744820
v -21.830805 77.091019 -58.852741
v -26.294186 76.200729 -63.922050
v -26.437626 77.420853 -58.952122
v -30.650879 76.369186 -63.753487
v -30.977720 77.416916 -58.731842
v -8.509899 78.659035 -43.664486
v -8.450980 77.690742 -48.554558
v -4.169576 78.384499 -43.830322
v -4.115803 77.315941 -48.696922
v -3.995365 76.205566 -53.715710
v 0.255473 74.403900 -58.690792
v -3.917744 74.909149 -58.684170
v -8.187061 74.220856 -63.590172
v -8.212394 75.430031 -58.667191
v -12.471875 74.912552 -63.741184
v -12.487959 76.074898 -58.679546
v 8.712469 77.919510 -44.378967
v 8.674274 76.583954 -49.156357
v 12.997938 77.963524 -44.586246
v 12.949262 76.584381 -49.349518
v 12.953106 75.197868 -54.138462
v 17.405239 73.636559 -59.124374
v 12.998411 73.771393 -58.920174
v 8.733142 72.568687 -63.450775
v 8.719105 73.886436 -58.767338
v 4.427978 72.849350 -63.417717
v 4.450006 74.146881 -58.730721
v 26.376396 78.218452 -45.432358
v 26.320372 76.655029 -50.106403
v 30.829861 78.192093 -45.847466
v 30.817722 76.480644 -50.453487
v 30.910942 74.756775 -55.064674
v 35.370995 72.650543 -59.818451
v 30.970230 73.012131 -59.685604
v 26.436872 71.820953 -63.920776
v 26.420294 73.383736 -59.553207
v 21.847649 72.012054 -63.795929
v 21.811497 73.512802 -59.335911
v 45.239483 77.170502 -46.451694
v 44.933090 75.292191 -50.933228
v 49.988636 75.807297 -46.114254
v 49.655807 73.967712 -50.597076
v 49.272045 72.255379 -54.841335
v 53.029633 70.016045 -58.677925
v 48.823189 70.826164 -59.237614
v 43.938225 70.167496 -63.655495
v 44.303806 71.710716 -59.736420
v 39.556763 70.579254 -63.856754
v 39.693909 72.172966 -59.833359
v 62.694164 71.456924 -44.652664
v 62.241207 69.964844 -49.288597
v 66.675995 69.880798 -44.277023
v 66.271912 68.456505 -48.941814
v 65.964661 67.180161 -53.096886
v 69.978401 64.774712 -57.395176
v 66.002403 66.326553 -57.406929
v 61.577595 67.339096 -61.701977
v 61.649162 68.001617 -57.619083
v 56.737198 68.230965 -62.077229
v 57.154404 69.087402 -58.072853
v 78.138840 60.644711 -61.700745
v 78.055679 61.614388 -57.277313
v 74.089722 62.252285 -61.662834
v 74.005272 63.188129 -57.352161
v -75.288139 55.249847 -59.793957
v -75.411079 55.254921 -64.677345
v -72.413185 58.472961 -60.036655
v -72.505821 58.444546 -64.948204
v -72.707237 58.418560 -69.797646
v -69.897690 61.976746 -74.912346
v -73.077690 58.357555 -74.646706
v -62.260746 68.500984 -65.883499
v -58.213634 70.978371 -61.609188
v -57.901772 70.901245 -66.480339
v -57.676640 70.796173 -71.457726
v -52.862774 72.769646 -76.990623
v -57.631493 70.574799 -76.429466
v -62.427559 68.321632 -80.817963
v -62.333698 68.444328 -75.954071
v -66.496918 65.046432 -80.308540
v -66.265961 65.038681 -75.370987
v -43.702530 75.456955 -67.979858
v -39.290451 76.338753 -63.338226
v -38.899834 75.431229 -68.291656
v -38.537460 74.488251 -73.336937
v -34.286804 73.060738 -78.438591
v -38.337807 73.374474 -78.347198
v -42.783905 72.773735 -83.002800
v -43.021347 73.757477 -78.153572
v -47.333450 72.655899 -82.615509
v -47.664505 73.310333 -77.585190
v -26.163975 74.882660 -68.875061
v -21.893261 75.935097 -63.943054
v -21.839323 74.514786 -68.960144
v -21.772949 73.169640 -73.697021
v -17.454636 71.500618 -78.335350
v -21.781448 71.895912 -78.456367
v -26.080374 71.070312 -83.177521
v -26.029305 72.313202 -78.505127
v -30.180176 71.477859 -83.230957
v -30.183769 72.681908 -78.490097
v -8.310470 72.928947 -68.499557
v -3.915827 73.663826 -63.485062
v -4.019105 72.450478 -68.299744
v -4.170036 71.281990 -72.958214
v -0.021916 69.915726 -77.506050
v -4.298263 70.301651 -77.672691
v -8.854967 69.692955 -82.460770
v -8.668433 70.692772 -77.855042
v -13.249680 69.997604 -82.662827
v -13.040100 71.095039 -78.101570
v 8.705340 71.324554 -68.186684
v 13.013817 72.389626 -63.545643
v 12.964117 71.162277 -68.229637
v 12.898901 69.998184 -72.675392
v 17.302361 69.039940 -77.236641
v 12.895096 69.227287 -77.227158
v 8.471580 68.665497 -81.818497
v 8.578146 69.411324 -77.216644
v 4.093085 68.848183 -81.910248
v 4.259084 69.670120 -77.338829
v 26.376373 70.519684 -68.427925
v 30.928089 71.408646 -63.944401
v 30.800024 70.211525 -68.358704
v 30.638107 69.060585 -72.608955
v 34.826427 68.254410 -76.886131
v 30.573393 68.464012 -76.998161
v 26.004023 68.072586 -81.543968
v 26.141014 68.695648 -77.040009
v 21.538372 68.169434 -81.616470
v 21.699116 68.868736 -77.145882
v 43.638836 69.235558 -67.831932
v 48.286034 69.561852 -63.168434
v 47.768784 69.009575 -67.285255
v 47.338310 68.360046 -71.628632
v 52.034340 68.433769 -75.886353
v 47.160469 68.259468 -76.036057
v 42.981926 67.888290 -81.058090
v 43.103313 68.108910 -76.269661
v 38.798473 67.776047 -81.187363
v 39.033051 68.184868 -76.603111
v 61.767349 67.375114 -65.852806
v 66.159966 65.475044 -61.509224
v 66.590790 65.295502 -65.714142
v 66.984108 65.135338 -70.668541
v 71.579842 63.177143 -75.542053
v 67.259636 65.062096 -75.653740
v 62.540634 67.107079 -80.800125
v 62.271591 67.249481 -75.844803
v 57.154556 67.811859 -80.838737
v 56.866142 67.874641 -75.880882
v 79.873131 58.210228 -80.829544
v 79.478111 58.684669 -75.665756
v 76.160759 60.512741 -80.820091
v 75.698753 60.829437 -75.628616
v -76.441330 55.083614 -79.378983
v -76.936317 55.096157 -84.318268
v -73.557587 58.309765 -79.599091
v -74.004715 58.271339 -84.582283
v -74.535522 58.230183 -89.534737
v -71.792320 61.857571 -94.813766
v -75.183807 58.116959 -94.513992
v -62.668640 68.376984 -85.722015
v -57.662140 70.361504 -81.431816
v -57.569244 70.150238 -86.444305
v -57.547070 69.901230 -91.459541
v -52.525833 70.906288 -96.885864
v -57.737907 69.566872 -96.455215
v -63.483738 67.909355 -100.884811
v -63.208565 68.174812 -95.996201
v -68.153717 64.732979 -100.391586
v -67.751358 64.805313 -95.321434
v -42.706837 71.884750 -87.861855
v -38.259457 72.306160 -83.152016
v -38.218967 71.312462 -87.968948
v -38.276020 70.331604 -92.735695
v -34.640194 68.947235 -97.386780
v -38.430061 69.488228 -97.540329
v -42.961914 69.349243 -102.150726
v -42.793114 70.155464 -97.515877
v -47.230728 69.856339 -102.088097
v -47.173439 70.498734 -97.256706
v -26.219318 69.984177 -87.894409
v -21.885895 70.678741 -83.038376
v -22.093042 69.725403 -87.695229
v -22.306494 68.805069 -92.171799
v -18.061323 68.151718 -96.625801
v -22.407803 68.312271 -96.728264
v -26.836342 67.960342 -101.436935
v -26.632563 68.469322 -96.849693
v -31.125248 68.079391 -101.619095
v -30.768978 68.718987 -97.122223
v -9.031421 68.952278 -87.125053
v -4.456601 69.354668 -82.239166
v -4.673436 68.755424 -86.878601
v -4.883589 68.151588 -91.494270
v -0.575152 67.867928 -96.065483
v -4.990919 67.922157 -96.147354
v -9.455718 67.706352 -101.017616
v -9.352475 67.974434 -96.249962
v -13.871250 67.691086 -101.099159
v -13.715467 68.065620 -96.439270
v 8.372976 68.242249 -86.462715
v 12.853967 68.463600 -81.745903
v 12.736651 68.134834 -86.325516
v 12.601810 67.791443 -91.071770
v 16.964035 67.715347 -95.809250
v 12.544255 67.728149 -95.831352
v 8.138981 67.662102 -100.820236
v 8.190503 67.740585 -95.868736
v 3.750841 67.662155 -100.857635
v 3.837058 67.804802 -95.959854
v 25.896301 67.873940 -86.083130
v 30.476765 67.861877 -81.447891
v 30.330772 67.768898 -85.937592
v 30.193203 67.662338 -90.843597
v 34.401817 67.663094 -95.726654
v 30.151691 67.662514 -95.756493
v 25.745762 67.662094 -100.764923
v 25.763233 67.662064 -95.758797
v 21.352974 67.662064 -100.776886
v 21.380953 67.688744 -95.781235
v 43.019173 67.881386 -85.820473
v 47.165215 68.151993 -80.959961
v 47.274124 68.114822 -85.866562
v 47.378288 68.085487 -90.627113
v 52.507168 68.548828 -95.436569
v 47.338562 68.265945 -95.405495
v 42.889420 68.193703 -100.519920
v 42.996284 68.034973 -95.494431
v 38.508633 67.921623 -100.598488
v 38.643063 67.847397 -95.621101
v 62.809372 67.104454 -85.766350
v 67.533234 64.984818 -80.753403
v 67.834297 64.776581 -85.872398
v 68.061867 64.557449 -90.931412
v 72.441933 62.144764 -96.076019
v 68.081337 64.368675 -96.011681
v 63.129673 66.729141 -100.919090
v 63.117271 66.910858 -95.931412
v 57.702530 67.780174 -100.724754
v 57.599316 67.767891 -95.675827
v 79.836349 56.251202 -101.454567
v 80.005394 56.803783 -96.287971
v 76.351242 58.890656 -101.422745
v 76.440018 59.311314 -96.233284
v -78.799065 54.815018 -99.460281
v -79.341774 54.748249 -104.608597
v -75.873123 58.021210 -99.664993
v -76.353729 57.891518 -104.864716
v -76.819664 57.751656 -110.005432
v -73.745697 61.221970 -115.361565
v -77.282166 57.489986 -115.162697
v -63.875534 67.869278 -105.801262
v -57.993572 69.226768 -101.375359
v -58.145248 68.981148 -106.306038
v -58.355057 68.709579 -111.185867
v -53.413261 69.524658 -115.950089
v -58.786484 68.523476 -116.063255
v -64.904671 67.065262 -120.985672
v -64.618027 67.439583 -116.051239
v -69.755615 63.895210 -120.820923
v -69.495796 64.104973 -115.681862
v -43.272610 68.870598 -106.822083
v -38.710796 68.718887 -102.037102
v -39.078594 68.390297 -106.586334
v -39.424690 68.048714 -111.216270
v -35.563583 67.685417 -115.866188
v -39.570961 68.046989 -115.868309
v -43.926163 68.447327 -120.822495
v -43.796661 68.431870 -115.875259
v -48.229279 68.917343 -120.909729
v -47.988655 68.907219 -115.914536
v -26.982670 67.816422 -106.048706
v -22.469891 67.816803 -101.302353
v -22.573013 67.743439 -105.908897
v -22.672504 67.662186 -110.862236
v -18.294487 67.662193 -115.811760
v -22.705032 67.662132 -115.815392
v -27.099844 67.662079 -120.839973
v -27.102268 67.662064 -115.822495
v -31.491879 67.662178 -120.820091
v -31.496487 67.674194 -115.845245
v -9.485209 67.684593 -105.781998
v -5.036495 67.684006 -100.954994
v -5.059181 67.673294 -105.769310
v -5.071179 67.662064 -110.791161
v -0.661886 67.662193 -115.811615
v -5.073160 67.662163 -115.812592
v -9.479523 67.662239 -120.843048
v -9.480464 67.662148 -115.809029
v -13.884933 67.662292 -120.839989
v -13.885440 67.662163 -115.809502
v 8.134748 67.662056 -105.760681
v 12.534118 67.662056 -100.798065
v 12.542140 67.662102 -105.763115
v 12.555585 67.662163 -110.788589
v 16.979588 67.662155 -115.811287
v 12.566734 67.662155 -115.814819
v 8.167811 67.662239 -120.843636
v 8.157904 67.662148 -115.814713
v 3.757437 67.662277 -120.840210
v 3.748881 67.662163 -115.813400
v 25.741154 67.662079 -105.764908
v 30.150932 67.662979 -100.740082
v 30.130154 67.692627 -105.720688
v 30.096855 67.722183 -110.742096
v 34.121910 67.805199 -115.714424
v 30.063557 67.735596 -115.770599
v 25.723412 67.662148 -120.797546
v 25.742744 67.662064 -115.799500
v 21.411772 67.662056 -120.825630
v 21.392935 67.662102 -115.809433
v 42.824112 68.329597 -105.550026
v 47.265053 68.462082 -100.507996
v 47.252899 68.523529 -105.615799
v 47.221863 68.580231 -110.494247
v 52.378483 68.965515 -115.384048
v 47.073780 68.755577 -115.381149
v 42.464005 68.701859 -120.445244
v 42.597755 68.583702 -115.502159
v 37.994877 68.237968 -120.509949
v 38.126221 68.172218 -115.617500
v 63.109718 66.701790 -105.902145
v 68.018272 64.181160 -101.104507
v 67.961319 63.901745 -106.189651
v 67.893112 63.611198 -111.184875
v 71.778336 60.738110 -116.323883
v 67.735954 63.377037 -116.177177
v 62.983002 66.281136 -120.943367
v 63.026157 66.476830 -115.989807
v 57.603371 67.768372 -120.705811
v 57.541779 67.762695 -115.653725
v 78.344681 54.140728 -121.629593
v 78.707214 54.720211 -116.596878
v 75.159821 57.089958 -121.592110
v 75.422943 57.550800 -116.527214
v -80.641518 54.029476 -120.285927
v -80.758003 53.764347 -125.539925
v -77.673950 57.226101 -120.443321
v -77.752823 56.919437 -125.745178
v -77.718918 56.616138 -130.892334
v -74.202263 59.911358 -136.059280
v -77.652939 56.267437 -135.977066
v -65.201736 66.937607 -125.942123
v -59.208389 68.318329 -121.010345
v -59.419765 68.193710 -125.978935
v -59.559937 68.064476 -130.941406
v -54.379036 69.429573 -135.528488
v -59.833912 67.949341 -135.898712
v -65.536224 66.001564 -141.126083
v -65.480377 66.395355 -136.220581
v -70.094131 62.619568 -141.183868
v -70.155319 62.915928 -136.172226
v -44.035721 68.529617 -125.772614
v -39.606739 68.040398 -120.791992
v -39.610825 68.122490 -125.717384
v -39.606575 68.203102 -130.597168
v -35.399319 68.005089 -135.605774
v -39.546936 68.421448 -135.478653
v -44.156128 69.168549 -140.380981
v -44.125465 68.883125 -135.399841
v -48.879738 69.378700 -140.488876
v -48.723610 69.125275 -135.405640
v -27.074993 67.662102 -125.850281
v -22.701614 67.662193 -120.842255
v -22.703646 67.662117 -125.869095
v -22.705193 67.662056 -130.888916
v -18.297537 67.662056 -135.920776
v -22.701992 67.671288 -135.909134
v -26.891613 67.697708 -140.844116
v -26.970076 67.680275 -135.856979
v -31.089025 67.936775 -140.699921
v -31.232841 67.845909 -135.741943
v -9.475643 67.662270 -125.867455
v -5.066293 67.662277 -120.839920
v -5.060455 67.662277 -125.866463
v -5.055851 67.662277 -130.891449
v -0.632840 67.662277 -135.911163
v -5.053335 67.662285 -135.915680
v -9.472415 67.662292 -140.940201
v -9.472116 67.662292 -135.915939
v -13.891374 67.662163 -140.944916
v -13.889130 67.662163 -135.921661
v 8.183893 67.662254 -125.865074
v 12.581856 67.662148 -120.837387
v 12.600520 67.662155 -125.859909
v 12.619415 67.662163 -130.879425
v 17.040905 67.662064 -135.880981
v 12.634362 67.662163 -135.897827
v 8.227369 67.662277 -140.923691
v 8.213665 67.662270 -135.905029
v 3.800818 67.662277 -140.927505
v 3.790055 67.662277 -135.909943
v 25.678223 67.662376 -125.797577
v 29.998672 67.748383 -120.716248
v 29.870121 67.829720 -125.664146
v 29.736965 67.909126 -130.690445
v 33.748665 68.259262 -135.648178
v 29.652283 67.974937 -135.719711
v 25.553772 67.728249 -140.835022
v 25.582607 67.695099 -135.797806
v 21.445230 67.696022 -140.877930
v 21.449734 67.679123 -135.849274
v 42.426544 68.928383 -125.395363
v 46.946629 68.937965 -120.446426
v 46.978939 69.047844 -125.516434
v 47.036499 69.151039 -130.467590
v 52.429604 69.388351 -135.383881
v 46.979816 69.319366 -135.427643
v 42.364418 69.366295 -140.554871
v 42.378426 69.263649 -135.539200
v 37.791096 68.833328 -140.591156
v 37.790405 68.728065 -135.600952
v 63.014191 66.229210 -125.895485
v 67.599121 63.137585 -121.193726
v 67.560745 62.792130 -126.214798
v 67.550186 62.441944 -131.113312
v 71.051414 59.193134 -136.115845
v 67.514061 62.203259 -136.021576
v 63.211311 65.784248 -140.825073
v 63.130112 65.980598 -135.883820
v 57.803158 67.734070 -140.692764
v 57.622147 67.735672 -135.612503
v 77.100891 52.325867 -141.181946
v 77.303703 52.742977 -136.251129
v 74.147758 55.481804 -141.186462
v 74.284325 55.828613 -136.227463
v -80.514481 52.703419 -140.977036
v -80.293510 52.370224 -146.038361
v -77.557549 55.916874 -141.097885
v -77.314156 55.558094 -146.191391
v -77.049713 55.255508 -151.007797
v -73.654510 58.472221 -156.001282
v -76.911377 55.104675 -155.832748
v -65.665611 65.832169 -146.034668
v -60.118195 67.808167 -140.910721
v -60.217739 67.688789 -145.938492
v -60.290596 67.580559 -150.943939
v -55.159107 69.501892 -155.779404
v -60.479862 67.425354 -155.949371
v -65.810860 65.039734 -160.869339
v -65.821686 65.329865 -156.144638
v -70.040588 61.316799 -160.820541
v -70.118065 61.565220 -156.106033
v -44.268890 69.521980 -145.363800
v -39.476566 68.640434 -140.417862
v -39.422829 68.939590 -145.356918
v -39.435856 69.264252 -150.577393
v -35.171417 68.901794 -155.703979
v -39.585594 69.355583 -155.815033
v -44.579853 69.822281 -160.973053
v -44.496403 69.856506 -155.900269
v -49.427128 69.720253 -160.964050
v -49.424747 69.692154 -155.829071
v -26.794622 67.757362 -145.824341
v -22.683634 67.680450 -140.913651
v -22.650066 67.711395 -145.917389
v -22.581776 67.741356 -150.873856
v -18.175259 67.674431 -155.966339
v -22.452772 67.835983 -155.833572
v -26.575813 68.172775 -160.743805
v -26.614958 67.990570 -155.709442
v -30.797068 68.618477 -160.761932
v -30.756021 68.429893 -155.666565
v -9.474012 67.662163 -145.957748
v -5.049005 67.662292 -140.935760
v -5.045995 67.662163 -145.954498
v -5.034851 67.662056 -150.971069
v -0.600659 67.642197 -156.055435
v -5.009672 67.657387 -156.042892
v -9.409149 67.622505 -160.941879
v -9.447208 67.671509 -156.024872
v -13.852712 67.643188 -160.908173
v -13.889711 67.675804 -156.017303
v 8.236868 67.662163 -145.936066
v 12.650301 67.662163 -140.914307
v 12.666630 67.662102 -145.931000
v 12.683186 67.662056 -150.941055
v 17.025734 67.658920 -155.963989
v 12.694647 67.661652 -156.006332
v 8.254486 67.598152 -160.943390
v 8.251374 67.662575 -156.021011
v 3.806714 67.571724 -160.959213
v 3.808783 67.651741 -156.046631
v 25.531696 67.729576 -145.876694
v 29.592617 68.041122 -140.747650
v 29.528961 68.091667 -145.782471
v 29.514076 68.143898 -150.760056
v 33.849083 68.649208 -155.831070
v 29.588291 68.251633 -155.747757
v 25.522383 67.981079 -160.797821
v 25.507414 67.862526 -155.748596
v 21.275675 67.792084 -160.826233
v 21.362570 67.766434 -155.849564
v 42.460308 69.540031 -145.590012
v 46.961155 69.493553 -140.559540
v 47.137733 69.534065 -145.720200
v 47.343304 69.537239 -150.806900
v 52.959602 69.422096 -155.745697
v 47.407089 69.502762 -155.896759
v 42.898430 69.420807 -161.109268
v 42.737053 69.567543 -156.010483
v 38.299236 69.048103 -161.020584
v 38.065052 69.088684 -155.954178
v 63.385201 65.714783 -145.790131
v 67.510445 61.966934 -140.972122
v 67.625267 61.650738 -145.950729
v 67.764221 61.316307 -150.825974
v 70.988449 57.996624 -155.638657
v 67.913994 61.115646 -155.711823
v 63.905464 65.195412 -160.698257
v 63.755432 65.404541 -155.799591
v 58.387943 67.367180 -160.883026
v 58.160362 67.478622 -155.776520
v 77.107536 51.670364 -160.178452
v 76.956947 51.675838 -155.432739
v 74.092514 54.750004 -160.286713
v 73.984535 54.791149 -155.515167
v -79.815552 51.872112 -160.437546
v -79.872185 52.038319 -165.183350
v -76.749634 54.981537 -160.584412
v -76.743927 55.090328 -165.333221
v -76.627869 55.294632 -169.615509
v -73.482948 58.892624 -174.482468
v -76.791740 56.132385 -173.782898
v -65.912598 65.136147 -165.600296
v -60.611740 67.284073 -160.891739
v -60.556698 67.280800 -165.848587
v -60.452316 67.292099 -170.849945
v -55.194908 69.207077 -176.075714
v -60.477619 67.282448 -175.844711
v -65.615166 65.442764 -180.277802
v -65.853012 65.326355 -175.572189
v -70.043480 62.128532 -179.588913
v -70.213501 61.672237 -175.071793
v -44.690796 69.808708 -166.046783
v -39.748714 69.442558 -160.907837
v -39.849854 69.450279 -166.008408
v -39.954517 69.458511 -171.200592
v -35.600349 69.085213 -176.236328
v -40.141281 69.294846 -176.398026
v -44.835598 69.150673 -181.778595
v -44.840046 69.474060 -176.485031
v -49.397079 69.177483 -181.647614
v -49.521774 69.354530 -176.337799
v -26.609169 68.322784 -165.817490
v -22.339588 67.922249 -160.784912
v -22.319418 68.086098 -165.771591
v -22.353430 68.201965 -170.881531
v -17.990421 68.047813 -175.941681
v -22.395002 68.247498 -175.968887
v -26.737720 68.415749 -181.564621
v -26.714415 68.438835 -176.044006
v -31.127110 68.710739 -181.647064
v -31.054981 68.766884 -176.127502
v -9.374064 67.718628 -165.849274
v -4.984053 67.585808 -160.961029
v -4.972518 67.680229 -165.862320
v -4.972763 67.719643 -170.961044
v -0.536784 67.697250 -176.032578
v -4.980805 67.701477 -176.037277
v -9.232750 67.669426 -181.635452
v -9.286492 67.733139 -176.042450
v -13.542215 67.872803 -181.625671
v -13.602650 67.883118 -175.990585
v 8.239000 67.680885 -165.848907
v 12.692972 67.595840 -160.921570
v 12.667645 67.696289 -165.823135
v 12.623474 67.741737 -170.942261
v 16.966593 67.807297 -176.003113
v 12.558598 67.705978 -176.039581
v 8.222503 67.517525 -181.676163
v 8.225238 67.631943 -176.088898
v 3.919182 67.567726 -181.717041
v 3.900958 67.648392 -176.070816
v 25.576185 68.054565 -165.880615
v 29.715179 68.344681 -160.829529
v 29.841806 68.375237 -165.953857
v 29.954418 68.337997 -171.087402
v 34.513802 68.443031 -176.293762
v 30.040771 68.226158 -176.183090
v 25.779491 67.875359 -181.632050
v 25.726734 67.992004 -176.112106
v 21.427679 67.834763 -181.643234
v 21.411621 67.910828 -176.042557
v 43.157825 69.284538 -166.202423
v 47.488434 69.441307 -161.114929
v 47.750813 69.181091 -166.318924
v 47.997505 68.916962 -171.390991
v 53.461411 68.525772 -176.222488
v 48.058105 68.650108 -176.468262
v 43.644402 68.290199 -181.934219
v 43.560410 68.726280 -176.600555
v 39.169174 68.279388 -181.901169
v 38.988026 68.599495 -176.490326
v 64.087189 65.202667 -165.602081
v 68.044846 60.950974 -160.543610
v 68.302032 60.909573 -165.367294
v 68.486267 60.952801 -170.167542
v 71.720123 58.589462 -174.341492
v 68.630470 61.305660 -174.964432
v 64.078423 65.168564 -180.457550
v 64.208870 65.173584 -175.613205
v 58.638165 66.800568 -181.107269
v 58.588684 66.909981 -175.992249
v 78.831253 54.455460 -177.683044
v 78.281281 53.288612 -173.229355
v 75.240585 56.868580 -178.152222
v 74.911926 55.959881 -173.617645
v -80.440941 54.495480 -177.714050
v -80.966484 56.002556 -181.808807
v -76.863121 57.032372 -178.152405
v -77.251587 58.301434 -182.305832
v -77.930305 59.918583 -188.024796
v -73.731972 62.152359 -195.166565
v -77.985352 60.303787 -194.049866
v -65.405602 65.972145 -185.013412
v -60.409554 67.311264 -180.897736
v -60.062889 67.392876 -186.000961
v -59.692543 67.408646 -192.423523
v -54.133743 66.018623 -198.910110
v -59.126938 65.547554 -198.427277
v -63.610153 63.715557 -203.184799
v -64.359940 65.084015 -197.783020
v -68.589073 62.953491 -202.341614
v -69.301811 63.605202 -196.462631
v -44.765785 68.599930 -187.029999
v -40.269485 69.087700 -181.797440
v -40.220387 68.446991 -187.140961
v -40.154427 67.697403 -193.248108
v -35.750374 65.330414 -198.813446
v -40.257221 65.470108 -198.888855
v -44.531597 63.385719 -204.175308
v -44.634014 65.557510 -198.963531
v -48.779388 63.739689 -204.137192
v -49.036606 65.783684 -198.984970
v -26.734516 67.836372 -187.057755
v -22.392284 68.260681 -181.580658
v -22.274734 67.558739 -187.138870
v -22.189022 66.797668 -193.171127
v -17.912271 64.466934 -198.726501
v -22.334776 64.678543 -198.815552
v -26.851118 62.695793 -204.425110
v -26.789270 64.886673 -198.924332
v -31.256304 62.970379 -204.433792
v -31.271873 65.116531 -198.876556
v -9.187693 66.963181 -187.193848
v -4.949537 67.647873 -181.693695
v -4.819194 66.823265 -187.290253
v -4.722479 65.956459 -193.206512
v -0.469831 63.820938 -198.716095
v -4.812276 63.888481 -198.782547
v -9.173535 61.876804 -204.419830
v -9.157035 64.003288 -198.855347
v -13.475327 62.152496 -204.456696
v -13.517162 64.217667 -198.789551
v 8.198476 66.772354 -187.223206
v 12.527718 67.633400 -181.673874
v 12.585100 66.826469 -187.246735
v 12.632715 65.972267 -193.182281
v 16.959743 64.009789 -198.707504
v 12.551088 63.877968 -198.769516
v 8.215084 61.627064 -204.403244
v 8.193301 63.764870 -198.844513
v 3.955051 61.695911 -204.457504
v 3.865914 63.763653 -198.783600
v 25.775841 67.210777 -187.104431
v 30.126980 68.070854 -181.707870
v 30.245792 67.326347 -187.168381
v 30.328060 66.503258 -193.205597
v 34.746025 64.386612 -198.778015
v 30.287220 64.289139 -198.818924
v 25.891481 61.983929 -204.369736
v 25.828703 64.174629 -198.866180
v 21.532257 61.990288 -204.433029
v 21.389994 64.096184 -198.785400
v 43.635612 67.613434 -187.167938
v 48.053513 68.342545 -181.827438
v 48.104965 67.665321 -187.157898
v 48.068474 66.896332 -193.292816
v 52.816795 64.847641 -198.864456
v 47.881062 64.637024 -198.929214
v 43.445461 62.261475 -204.152252
v 43.542824 64.441963 -198.925201
v 39.273563 62.272373 -204.316666
v 39.216644 64.426849 -198.862274
v 63.913395 65.486656 -185.340012
v 68.597534 61.756908 -179.673462
v 68.650505 62.523308 -184.297806
v 68.755882 63.457993 -190.558136
v 72.399353 61.421776 -195.541687
v 67.967224 62.739410 -196.779633
v 62.356049 62.612534 -203.360947
v 63.008049 64.120117 -198.068558
v 57.327614 62.786392 -203.754578
v 57.723454 64.482491 -198.564606
v 80.842407 58.573013 -199.970337
v 80.692871 58.148159 -193.883789
v 76.674973 59.882065 -200.641342
v 76.661011 59.724823 -194.497894
v -82.176628 59.239235 -199.639252
v -81.735619 58.307083 -205.824829
v -78.028755 60.674576 -200.357025
v -77.444542 59.360695 -206.469849
v -77.099945 58.005394 -212.284058
v -72.165771 56.460983 -217.716003
v -76.788101 55.397793 -217.536118
v -63.066158 61.750519 -208.367050
v -58.638901 63.904388 -203.668137
v -58.063053 61.685966 -208.637222
v -57.585651 59.554802 -213.345520
v -52.499111 56.829781 -217.778015
v -57.292576 57.185825 -217.898178
v -44.273735 60.449863 -208.895859
v -40.310089 63.322186 -204.332733
v -40.120865 60.141323 -209.109787
v -39.803688 57.346523 -213.313370
v -35.504799 53.637772 -217.389252
v -39.599037 54.352070 -217.360764
v -26.899038 59.474739 -209.260529
v -22.489157 62.580593 -204.469635
v -22.478388 59.241302 -209.348694
v -22.419626 56.214546 -213.842148
v -18.066216 52.375919 -217.873718
v -22.408890 52.648357 -217.821152
v -9.202332 58.704353 -209.333771
v -4.901343 61.825977 -204.466431
v -4.828724 58.523285 -209.389862
v -4.752654 55.478031 -214.035355
v -0.486608 51.668446 -217.988220
v -4.759546 51.753834 -218.036224
v 8.232180 58.450462 -209.313690
v 12.494571 61.796478 -204.444122
v 12.610528 58.487942 -209.355484
v 12.711131 55.447327 -213.966446
v 17.059961 51.918446 -217.845856
v 12.721712 51.757557 -217.964340
v 25.926016 58.762932 -209.206848
v 30.255850 62.139191 -204.400330
v 30.351339 58.815414 -209.214600
v 30.403484 55.862564 -213.584991
v 34.507168 52.746429 -217.323654
v 30.385420 52.477795 -217.565125
v 43.195404 59.297382 -208.860474
v 47.602879 62.587990 -204.122650
v 47.258629 59.823105 -208.868149
v 46.868587 57.364052 -213.128372
v 51.277996 55.703861 -217.634109
v 46.616245 54.832378 -217.344208
v 61.804947 60.686768 -208.408264
v 67.276726 61.934635 -202.547653
v 66.722458 60.075573 -207.937698
v 66.428528 58.332317 -213.001755
v 70.859459 55.642017 -217.759445
v 66.181999 56.100391 -217.818695
v -69.673317 62.043213 -40.659050
v -66.547348 65.233269 -40.954338
v -62.844025 68.554855 -51.324535
v -55.593670 75.546204 -42.726055
v -49.863899 77.039909 -42.533604
v -44.944954 77.882690 -52.903343
v -35.984631 79.252258 -42.768700
v -31.488220 79.427734 -42.817059
v -26.581160 78.746834 -53.515434
v -17.526297 79.399544 -43.353596
v -12.869902 79.016785 -43.520489
v -8.314060 76.672707 -53.642807
v 0.085004 78.114586 -43.983070
v 4.386477 78.015190 -44.194992
v 8.687278 75.239029 -53.960323
v 17.368397 78.009277 -44.789639
v 21.804478 78.118713 -45.083447
v 26.358231 75.067490 -54.840141
v 35.497086 78.171776 -46.247879
v 40.210388 77.674591 -46.377792
v 44.615318 73.467979 -55.287872
v 54.317528 74.591827 -45.736889
v 58.609955 72.981590 -45.196312
v 61.800026 68.693649 -53.337788
v 70.646111 68.302605 -43.954659
v 74.697113 66.706360 -43.745605
v 78.818878 65.084572 -43.583145
v 78.432503 63.776859 -48.331001
v 78.135155 62.559345 -52.729210
v -69.351753 62.030987 -60.316174
v -62.326351 68.576958 -70.919319
v -53.802067 73.775696 -62.225433
v -43.356262 74.759956 -73.093597
v -35.022373 76.542511 -63.547562
v -26.061457 73.600502 -73.686096
v -17.209064 75.671944 -63.908794
v -8.495526 71.715752 -73.141396
v 0.233813 73.118690 -63.398384
v 8.646763 70.154221 -72.644058
v 17.424702 72.201347 -63.658726
v 26.249302 69.301193 -72.660545
v 35.274799 71.025955 -63.924110
v 43.316307 68.293419 -71.994629
v 52.532928 68.960251 -62.582794
v 62.034580 67.378426 -70.848083
v 70.084984 63.869247 -61.537270
v 78.525322 59.946007 -66.169258
v 78.984825 59.178894 -70.877853
v -70.338448 62.045006 -79.917686
v -62.993713 68.423584 -90.859131
v -52.715340 72.492676 -82.132599
v -42.723015 71.001358 -92.679779
v -34.239655 71.905647 -83.217766
v -26.422298 68.968224 -92.318024
v -17.607691 70.300301 -82.846161
v -9.206546 68.229187 -91.651970
v -0.182732 69.021217 -82.029160
v 8.269041 67.813873 -91.150375
v 17.200302 68.262833 -81.674927
v 25.803162 67.661728 -90.915108
v 34.654030 67.662857 -81.329140
v 43.071991 67.881020 -90.652390
v 52.183949 68.464340 -80.887718
v 63.029541 67.093231 -90.845901
v 72.022919 63.089684 -80.774628
v 80.022865 57.778049 -85.994583
v 80.071419 57.353642 -91.128845
v -72.434090 61.883846 -100.012222
v -64.309334 67.794624 -110.926613
v -52.672657 70.506699 -101.849731
v -43.597118 68.414543 -111.328125
v -34.962219 68.177200 -101.817886
v -27.065971 67.661995 -110.928902
v -18.168518 67.673569 -101.191971
v -9.480635 67.662056 -110.791344
v -0.638547 67.661957 -100.902664
v 8.148006 67.662056 -110.785889
v 16.944046 67.662064 -100.784973
v 25.739365 67.662064 -110.781364
v 34.343784 67.663368 -100.694031
v 42.745285 68.464897 -110.523041
v 52.531036 68.782074 -100.583260
v 63.089329 66.667213 -110.949295
v 72.416580 61.897820 -101.285736
v 79.469368 55.767525 -106.562668
v 79.082657 55.291168 -111.584808
v -74.137177 61.059006 -120.663322
v -65.432060 66.787834 -131.102859
v -53.773117 69.517601 -120.977791
v -44.107254 68.609543 -130.584167
v -35.553806 67.661148 -120.798912
v -27.027672 67.662094 -130.851089
v -18.290497 67.662338 -120.836929
v -9.471766 67.662292 -130.891754
v -0.652962 67.662331 -120.836815
v 8.199949 67.662270 -130.886444
v 16.995804 67.662056 -120.831062
v 25.623274 67.662102 -130.798218
v 34.025497 67.828568 -120.615311
v 42.420532 69.159531 -130.460510
v 52.374310 69.217270 -120.533829
v 63.078705 66.173721 -130.894073
v 71.619255 60.422981 -121.431847
v 77.922287 53.632851 -126.626289
v 77.539833 53.157719 -131.431000
v -74.153244 59.615135 -141.194290
v -65.784927 65.663345 -151.096924
v -54.652267 69.623474 -140.675369
v -44.396252 69.887360 -150.616302
v -35.292011 68.172783 -140.547302
v -26.699661 67.813644 -150.771454
v -18.289225 67.662064 -140.940475
v -9.471695 67.662056 -150.968857
v -0.625657 67.662292 -140.931290
v 8.244236 67.662056 -150.950409
v 17.046753 67.662056 -140.900955
v 25.519722 67.729439 -150.807526
v 33.717682 68.363541 -140.658340
v 42.606846 69.692673 -150.792831
v 52.547962 69.637527 -140.596436
v 63.580154 65.626373 -150.800476
v 70.999298 58.912125 -141.120010
v 76.943298 51.998158 -146.128418
v 76.809219 51.698662 -150.773239
v -73.509972 58.265045 -160.746643
v -65.936188 65.281769 -170.578140
v -55.271149 69.589500 -160.931000
v -44.792248 69.791885 -171.268173
v -35.276756 69.091393 -160.827454
v -26.671955 68.426743 -170.944168
v -18.102476 67.661102 -160.858215
v -9.337552 67.760971 -170.959717
v -0.594011 67.557152 -160.965149
v 8.225121 67.707428 -170.980804
v 16.974325 67.600128 -160.884232
v 25.651531 68.064217 -171.012848
v 34.032009 68.695030 -160.909042
v 43.408817 69.133308 -171.396317
v 53.138058 69.459534 -161.030426
v 64.195923 65.244591 -170.593185
v 71.090401 57.878807 -160.447662
v 77.453545 51.915497 -164.916916
v 77.693642 52.212975 -169.154099
v -73.407433 59.534138 -178.876923
v -65.201385 66.584412 -191.521637
v -55.117241 69.201485 -181.402954
v -44.689373 67.925468 -193.269012
v -35.701847 68.988380 -181.752731
v -26.735882 67.175400 -193.231491
v -17.963669 68.098770 -181.621765
v -9.155798 66.198265 -193.229095
v -0.517879 67.659103 -181.739853
v 8.180596 65.969223 -193.236633
v 16.952703 67.778107 -181.674728
v 25.772091 66.470772 -193.216904
v 34.642792 68.245201 -181.809113
v 43.585060 66.827354 -193.305222
v 53.489780 68.371971 -181.578506
v 63.718765 65.853546 -191.868423
v 71.852875 59.252144 -178.929871
v 79.499237 55.915234 -181.966583
v 80.451088 57.741833 -187.727356
v -73.437080 62.187378 -201.439087
v -62.674534 59.841507 -213.352493
v -53.762817 64.108017 -204.051346
v -43.915184 57.807934 -213.121094
v -35.783901 63.237114 -204.422989
v -26.902020 56.506069 -213.782562
v -17.979023 62.468662 -204.510651
v -9.224058 55.711216 -214.081696
v -0.474826 61.827724 -204.515213
v 8.243135 55.456734 -214.059280
v 16.999672 61.995541 -204.496719
v 25.920698 55.815681 -213.736359
v 34.756302 62.286854 -204.414169
v 42.848984 56.695335 -213.038849
v 52.466347 62.949394 -204.049927
v 61.388187 58.836540 -213.322098
v 72.065506 61.293251 -201.669479
v 80.394539 57.672264 -205.972733
v 80.142723 56.678070 -212.190170
v -75.286247 55.384789 -50.030487
v -75.250854 55.312618 -54.906231
v -75.650749 55.255913 -69.569496
v -75.991859 55.166302 -74.464020
v -77.522408 55.106388 -89.315338
v -78.141762 54.957207 -94.353386
v -79.873108 54.673927 -109.811287
v -80.290039 54.358021 -115.041771
v -80.764740 53.502789 -130.738602
v -80.647491 53.105957 -135.881790
v -80.051613 52.088100 -150.853180
v -79.941162 51.970348 -155.691162
v -79.823822 52.282616 -169.368301
v -80.156097 53.357800 -173.397217
v -81.820541 57.870605 -187.408356
v -82.010414 58.558575 -193.411316
v -81.488213 57.284218 -211.975708
v -81.094719 54.405319 -217.344727
v -62.395947 57.510052 -218.094849
v -67.469048 56.992081 -217.840042
v -43.697193 55.033123 -217.284164
v -47.723732 55.932816 -217.466980
v -26.892508 52.944504 -217.764679
v -31.382446 53.270771 -217.620834
v -9.242371 51.908722 -218.085815
v -13.734189 52.115547 -217.988403
v 8.245741 51.658741 -218.066345
v 3.782077 51.626850 -218.028748
v 25.897537 52.264698 -217.720169
v 21.411922 52.082962 -217.786545
v 42.640278 53.977310 -217.169632
v 38.590900 53.370632 -217.271576
v 61.111458 56.566505 -218.032349
v 55.981857 56.161087 -217.787949
v 75.472092 54.604359 -217.666306
v 79.757782 53.680553 -217.527054
v -75.633621 52.669128 -36.502335
v -72.567116 56.018890 -36.760624
v -69.515999 59.437309 -37.020920
v -66.313461 62.705856 -37.319599
v -63.120270 66.043358 -37.685600
v -59.723022 69.115395 -38.235764
v -55.841881 72.649712 -38.737194
v -50.747494 73.941406 -38.697193
v -46.187584 75.075150 -38.659977
v -41.551735 75.602364 -38.790848
v -37.106594 76.100761 -38.986568
v -32.545719 76.279396 -39.024902
v -27.870348 76.458916 -39.071980
v -23.145525 76.374374 -39.174694
v -18.442614 76.283226 -39.311714
v -13.710493 75.914330 -39.364330
v -9.132455 75.558449 -39.405045
v -4.574520 75.290718 -39.477531
v -0.061160 75.025398 -39.543221
v 4.501320 74.941612 -39.677574
v 9.076547 74.859772 -39.797405
v 13.609429 74.921043 -39.963329
v 18.186497 74.983238 -40.127228
v 22.834404 75.117126 -40.371548
v 27.534540 75.248009 -40.644524
v 32.113365 75.264099 -40.951786
v 36.774899 75.286476 -41.251411
v 41.481049 74.808853 -41.337280
v 46.332306 74.329758 -41.394020
v 50.904034 73.012383 -41.078331
v 55.253555 71.772232 -40.741882
v 59.567619 70.111961 -40.292572
v 63.785812 68.494812 -39.841667
v 67.902130 66.834282 -39.541054
v 72.036835 65.169975 -39.268135
v 76.259315 63.494991 -39.085567
v 80.550545 61.803188 -38.927219
v 80.158318 60.437588 -43.870495
v 79.845871 59.115173 -48.632019
v 79.751747 58.096107 -53.553101
v 79.768188 57.061317 -58.409374
v 80.020241 56.373596 -63.323120
v 80.321747 55.649040 -68.361679
v 80.689392 55.210270 -73.471825
v 80.992722 54.782413 -78.777382
v 81.091187 54.374096 -84.062508
v 81.088089 53.972164 -89.331635
v 80.927795 53.469357 -94.623978
v 80.662186 52.968777 -99.920197
v 80.227493 52.515038 -105.172180
v 79.769310 52.066021 -110.379494
v 79.288216 51.547989 -115.587288
v 78.823921 51.025520 -120.805817
v 78.331184 50.548462 -125.996193
v 77.881714 50.088425 -131.086777
v 77.573738 49.707775 -136.196228
v 77.312836 49.321819 -141.363235
v 77.128227 49.000103 -146.538681
v 76.985603 48.674339 -151.557297
v 77.167450 48.624310 -156.589340
v 77.373299 48.570942 -161.666214
v 77.812096 48.761982 -166.730026
v 78.206245 48.977219 -171.533264
v 79.092728 49.988716 -176.145050
v 79.953552 51.054794 -180.953583
v 80.941734 52.470638 -185.579346
v 82.059280 54.092426 -190.973068
v 82.494049 54.401604 -196.748520
v 82.855240 54.739723 -202.487656
v 82.687126 53.833900 -208.158783
v 82.612350 52.898975 -213.941711
v 82.272835 50.101303 -218.888504
v 77.798721 51.011929 -219.130615
v 73.142715 52.000614 -219.353958
v 68.426155 52.458267 -219.421112
v 63.512775 52.934498 -219.571121
v 58.566814 52.572639 -219.267776
v 53.845329 52.162567 -219.015198
v 49.164799 51.359070 -218.588501
v 44.854527 50.549549 -218.218414
v 40.459099 50.028313 -218.139664
v 36.059845 49.484833 -218.035507
v 31.615599 49.287437 -218.188171
v 26.989550 49.114586 -218.293488
v 22.360909 48.943733 -218.343292
v 17.799023 48.784031 -218.391205
v 13.239125 48.647972 -218.480011
v 8.615755 48.568195 -218.561234
v 3.997970 48.523350 -218.535141
v -0.526149 48.552315 -218.507889
v -5.052149 48.658146 -218.542740
v -9.679563 48.830997 -218.579895
v -14.311569 49.022633 -218.502960
v -18.868298 49.263329 -218.418137
v -23.425747 49.536774 -218.376877
v -28.055044 49.827477 -218.335388
v -32.682327 50.119656 -218.238266
v -37.126076 50.423698 -218.094925
v -41.530781 51.064362 -218.222076
v -45.951790 51.664600 -218.324387
v -50.286263 52.517426 -218.698532
v -55.026211 53.340031 -219.137009
v -59.801670 53.648010 -219.349838
v -64.739807 53.933041 -219.605011
v -69.651764 53.405937 -219.416809
v -74.377640 52.868790 -219.300797
v -79.032402 51.838810 -219.029053
v -83.513840 50.844688 -218.757660
v -83.850487 53.552933 -213.740784
v -83.913826 54.527145 -207.994614
v -84.077820 55.454197 -202.230423
v -83.706818 54.884670 -196.430969
v -83.323547 54.311348 -190.748489
v -82.315308 52.631615 -185.450348
v -81.477837 51.139538 -180.934509
v -80.904419 50.087425 -176.171875
v -80.306343 49.067795 -171.558945
v -80.249649 48.901524 -166.770920
v -80.138367 48.775856 -161.691315
v -80.237167 48.918560 -156.611145
v -80.328094 49.071411 -151.483353
v -80.563118 49.393734 -146.379913
v -80.787262 49.742611 -141.148331
v -80.949020 50.132217 -135.888580
v -81.090309 50.518856 -130.603882
v -81.066147 50.803276 -125.292198
v -80.931152 51.089550 -119.951736
v -80.593651 51.403519 -114.604836
v -80.183716 51.710911 -109.265038
v -79.606613 51.820301 -103.943520
v -79.013382 51.925762 -98.650261
v -78.342072 52.064533 -93.373978
v -77.709991 52.206940 -88.133476
v -77.073914 52.222996 -82.925125
v -76.529770 52.237850 -77.746826
v -76.066833 52.313732 -72.578453
v -75.720787 52.393211 -67.420715
v -75.453850 52.408295 -62.267361
v -75.308151 52.421253 -57.118572
v -75.276772 52.478230 -51.974613
v -75.326698 52.540096 -46.836884
v -75.458214 52.605789 -41.688793
vt 0.100000 0.000000
vt 0.200000 0.000000
vt 0.300000 0.000000
vt 0.400000 0.000000
vt 0.500000 0.000000
vt 0.600000 0.000000
vt 0.700000 0.000000
vt 0.800000 0.000000
vt 0.900000 0.000000
vt 0.100000 0.100000
vt 0.200000 0.100000
vt 0.300000 0.100000
vt 0.400000 0.100000
vt 0.500000 0.100000
vt 0.600000 0.100000
vt 0.700000 0.100000
vt 0.800000 0.100000
vt 0.900000 0.100000
vt 0.100000 0.200000
vt 0.200000 0.200000
vt 0.300000 0.200000
vt 0.400000 0.200000
vt 0.500000 0.200000
vt 0.600000 0.200000
vt 0.700000 0.200000
vt 0.800000 0.200000
vt 0.900000 0.200000
vt 0.100000 0.300000
vt 0.200000 0.300000
vt 0.300000 0.300000
vt 0.400000 0.300000
vt 0.500000 0.300000
vt 0.600000 0.300000
vt 0.700000 0.300000
vt 0.800000 0.300000
vt 0.900000 0.300000
vt 0.100000 0.400000
vt 0.200000 0.400000
vt 0.300000 0.400000
vt 0.400000 0.400000
vt 0.500000 0.400000
vt 0.600000 0.400000
vt 0.700000 0.400000
vt 0.800000 0.400000
vt 0.900000 0.400000
vt 0.100000 0.500000
vt 0.200000 0.500000
vt 0.300000 0.500000
vt 0.400000 0.500000
vt 0.500000 0.500000
vt 0.600000 0.500000
vt 0.700000 0.500000
vt 0.800000 0.500000
vt 0.900000 0.500000
vt 0.100000 0.600000
vt 0.200000 0.600000
vt 0.300000 0.600000
vt 0.400000 0.600000
vt 0.500000 0.600000
vt 0.600000 0.600000
vt 0.700000 0.600000
vt 0.800000 0.600000
vt 0.900000 0.600000
vt 0.100000 0.700000
vt 0.200000 0.700000
vt 0.300000 0.700000
vt 0.400000 0.700000
vt 0.500000 0.700000
vt 0.600000 0.700000
vt 0.700000 0.700000
vt 0.800000 0.700000
vt 0.900000 0.700000
vt 0.100000 0.800000
vt 0.200000 0.800000
vt 0.300000 0.800000
vt 0.400000 0.800000
vt 0.500000 0.800000
vt 0.600000 0.800000
vt 0.700000 0.800000
vt 0.800000 0.800000
vt 0.900000 0.800000
vt 0.050000 0.050000
vt 0.050000 0.000000
vt 0.100000 0.050000
vt 0.050000 0.100000
vt 0.150000 0.050000
vt 0.150000 0.000000
vt 0.200000 0.050000
vt 0.150000 0.100000
vt 0.250000 0.050000
vt 0.250000 0.000000
vt 0.300000 0.050000
vt 0.250000 0.100000
vt 0.350000 0.050000
vt 0.350000 0.000000
vt 0.400000 0.050000
vt 0.350000 0.100000
vt 0.450000 0.050000
vt 0.450000 0.000000
vt 0.500000 0.050000
vt 0.450000 0.100000
vt 0.550000 0.050000
vt 0.550000 0.000000
vt 0.600000 0.050000
vt 0.550000 0.100000
vt 0.650000 0.050000
vt 0.650000 0.000000
vt 0.700000 0.050000
vt 0.650000 0.100000
vt 0.750000 0.050000
vt 0.750000 0.000000
vt 0.800000 0.050000
vt 0.750000 0.100000
vt 0.850000 0.050000
vt 0.850000 0.000000
vt 0.900000 0.050000
vt 0.850000 0.100000
vt 0.950000 0.050000
vt 0.950000 0.000000
vt 0.950000 0.100000
vt 0.050000 0.150000
vt 0.100000 0.150000
vt 0.050000 0.200000
vt 0.150000 0.150000
vt 0.200000 0.150000
vt 0.150000 0.200000
vt 0.250000 0.150000
vt 0.300000 0.150000
vt 0.250000 0.200000
vt 0.350000 0.150000
vt 0.400000 0.150000
vt 0.350000 0.200000
vt 0.450000 0.150000
vt 0.500000 0.150000
vt 0.450000 0.200000
vt 0.550000 0.150000
vt 0.600000 0.150000
vt 0.550000 0.200000
vt 0.650000 0.150000
vt 0.700000 0.150000
vt 0.650000 0.200000
vt 0.750000 0.150000
vt 0.800000 0.150000
vt 0.750000 0.200000
vt 0.850000 0.150000
vt 0.900000 0.150000
vt 0.850000 0.200000
vt 0.950000 0.150000
vt 0.950000 0.200000
vt 0.050000 0.250000
vt 0.100000 0.250000
vt 0.050000 0.300000
vt 0.150000 0.250000
vt 0.200000 0.250000
vt 0.150000 0.300000
vt 0.250000 0.250000
vt 0.300000 0.250000
vt 0.250000 0.300000
vt 0.350000 0.250000
vt 0.400000 0.250000
vt 0.350000 0.300000
vt 0.450000 0.250000
vt 0.500000 0.250000
vt 0.450000 0.300000
vt 0.550000 0.250000
vt 0.600000 0.250000
vt 0.550000 0.300000
vt 0.650000 0.250000
vt 0.700000 0.250000
vt 0.650000 0.300000
vt 0.750000 0.250000
vt 0.800000 0.250000
vt 0.750000 0.300000
vt 0.850000 0.250000
vt 0.900000 0.250000
vt 0.850000 0.300000
vt 0.950000 0.250000
vt 0.950000 0.300000
vt 0.050000 0.350000
vt 0.100000 0.350000
vt 0.050000 0.400000
vt 0.150000 0.350000
vt 0.200000 0.350000
vt 0.150000 0.400000
vt 0.250000 0.350000
vt 0.300000 0.350000
vt 0.250000 0.400000
vt 0.350000 0.350000
vt 0.400000 0.350000
vt 0.350000 0.400000
vt 0.450000 0.350000
vt 0.500000 0.350000
vt 0.450000 0.400000
vt 0.550000 0.350000
vt 0.600000 0.350000
vt 0.550000 0.400000
vt 0.650000 0.350000
vt 0.700000 0.350000
vt 0.650000 0.400000
vt 0.750000 0.350000
vt 0.800000 0.350000
vt 0.750000 0.400000
vt 0.850000 0.350000
vt 0.900000 0.350000
vt 0.850000 0.400000
vt 0.950000 0.350000
vt 0.950000 0.400000
vt 0.050000 0.450000
vt 0.100000 0.450000
vt 0.050000 0.500000
vt 0.150000 0.450000
vt 0.200000 0.450000
vt 0.150000 0.500000
vt 0.250000 0.450000
vt 0.300000 0.450000
vt 0.250000 0.500000
vt 0.350000 0.450000
vt 0.400000 0.450000
vt 0.350000 0.500000
vt 0.450000 0.450000
vt 0.500000 0.450000
vt 0.450000 0.500000
vt 0.550000 0.450000
vt 0.600000 0.450000
vt 0.550000 0.500000
vt 0.650000 0.450000
vt 0.700000 0.450000
vt 0.650000 0.500000
vt 0.750000 0.450000
vt 0.800000 0.450000
vt 0.750000 0.500000
vt 0.850000 0.450000
vt 0.900000 0.450000
vt 0.850000 0.500000
vt 0.950000 0.450000
vt 0.950000 0.500000
vt 0.050000 0.550000
vt 0.100000 0.550000
vt 0.050000 0.600000
vt 0.150000 0.550000
vt 0.200000 0.550000
vt 0.150000 0.600000
vt 0.250000 0.550000
vt 0.300000 0.550000
vt 0.250000 0.600000
vt 0.350000 0.550000
vt 0.400000 0.550000
vt 0.350000 0.600000
vt 0.450000 0.550000
vt 0.500000 0.550000
vt 0.450000 0.600000
vt 0.550000 0.550000
vt 0.600000 0.550000
vt 0.550000 0.600000
vt 0.650000 0.550000
vt 0.700000 0.550000
vt 0.650000 0.600000
vt 0.750000 0.550000
vt 0.800000 0.550000
vt 0.750000 0.600000
vt 0.850000 0.550000
vt 0.900000 0.550000
vt 0.850000 0.600000
vt 0.950000 0.550000
vt 0.950000 0.600000
vt 0.050000 0.650000
vt 0.100000 0.650000
vt 0.050000 0.700000
vt 0.150000 0.650000
vt 0.200000 0.650000
vt 0.150000 0.700000
vt 0.250000 0.650000
vt 0.300000 0.650000
vt 0.250000 0.700000
vt 0.350000 0.650000
vt 0.400000 0.650000
vt 0.350000 0.700000
vt 0.450000 0.650000
vt 0.500000 0.650000
vt 0.450000 0.700000
vt 0.550000 0.650000
vt 0.600000 0.650000
vt 0.550000 0.700000
vt 0.650000 0.650000
vt 0.700000 0.650000
vt 0.650000 0.700000
vt 0.750000 0.650000
vt 0.800000 0.650000
vt 0.750000 0.700000
vt 0.850000 0.650000
vt 0.900000 0.650000
vt 0.850000 0.700000
vt 0.950000 0.650000
vt 0.950000 0.700000
vt 0.050000 0.750000
vt 0.100000 0.750000
vt 0.050000 0.800000
vt 0.150000 0.750000
vt 0.200000 0.750000
vt 0.150000 0.800000
vt 0.250000 0.750000
vt 0.300000 0.750000
vt 0.250000 0.800000
vt 0.350000 0.750000
vt 0.400000 0.750000
vt 0.350000 0.800000
vt 0.450000 0.750000
vt 0.500000 0.750000
vt 0.450000 0.800000
vt 0.550000 0.750000
vt 0.600000 0.750000
vt 0.550000 0.800000
vt 0.650000 0.750000
vt 0.700000 0.750000
vt 0.650000 0.800000
vt 0.750000 0.750000
vt 0.800000 0.750000
vt 0.750000 0.800000
vt 0.850000 0.750000
vt 0.900000 0.750000
vt 0.850000 0.800000
vt 0.950000 0.750000
vt 0.950000 0.800000
vt 0.050000 0.850000
vt 0.100000 0.850000
vt 0.150000 0.850000
vt 0.200000 0.850000
vt 0.250000 0.850000
vt 0.300000 0.850000
vt 0.350000 0.850000
vt 0.400000 0.850000
vt 0.450000 0.850000
vt 0.500000 0.850000
vt 0.550000 0.850000
vt 0.600000 0.850000
vt 0.650000 0.850000
vt 0.700000 0.850000
vt 0.750000 0.850000
vt 0.800000 0.850000
vt 0.850000 0.850000
vt 0.900000 0.850000
vt 0.950000 0.850000
vt 0.050000 0.025000
vt 0.124992 0.024931
vt 0.100000 0.025000
vt 0.125000 0.000000
vt 0.150000 0.025000
vt 0.125000 0.050000
vt 0.225032 0.024997
vt 0.200000 0.025000
vt 0.225000 0.000000
vt 0.250000 0.025000
vt 0.225000 0.050000
vt 0.325041 0.025003
vt 0.300000 0.025000
vt 0.325000 0.000000
vt 0.350000 0.025000
vt 0.325000 0.050000
vt 0.425024 0.024963
vt 0.400000 0.025000
vt 0.425000 0.000000
vt 0.450000 0.025000
vt 0.425000 0.050000
vt 0.525022 0.024928
vt 0.500000 0.025000
vt 0.525000 0.000000
vt 0.550000 0.025000
vt 0.525000 0.050000
vt 0.625008 0.024882
vt 0.600000 0.025000
vt 0.625000 0.000000
vt 0.650000 0.025000
vt 0.625000 0.050000
vt 0.724982 0.024791
vt 0.700000 0.025000
vt 0.725000 0.000000
vt 0.750000 0.025000
vt 0.725000 0.050000
vt 0.824963 0.024746
vt 0.800000 0.025000
vt 0.825000 0.000000
vt 0.850000 0.025000
vt 0.825000 0.050000
vt 0.925018 0.024881
vt 0.900000 0.025000
vt 0.925000 0.000000
vt 0.950000 0.025000
vt 0.925000 0.050000
vt 0.050000 0.125000
vt 0.124987 0.125015
vt 0.100000 0.125000
vt 0.125000 0.100000
vt 0.150000 0.125000
vt 0.125000 0.150000
vt 0.225035 0.124975
vt 0.200000 0.125000
vt 0.225000 0.100000
vt 0.250000 0.125000
vt 0.225000 0.150000
vt 0.325009 0.124942
vt 0.300000 0.125000
vt 0.325000 0.100000
vt 0.350000 0.125000
vt 0.325000 0.150000
vt 0.424956 0.124944
vt 0.400000 0.125000
vt 0.425000 0.100000
vt 0.450000 0.125000
vt 0.425000 0.150000
vt 0.525022 0.124979
vt 0.500000 0.125000
vt 0.525000 0.100000
vt 0.550000 0.125000
vt 0.525000 0.150000
vt 0.625032 0.124978
vt 0.600000 0.125000
vt 0.625000 0.100000
vt 0.650000 0.125000
vt 0.625000 0.150000
vt 0.724979 0.125021
vt 0.700000 0.125000
vt 0.725000 0.100000
vt 0.750000 0.125000
vt 0.725000 0.150000
vt 0.824997 0.125040
vt 0.800000 0.125000
vt 0.825000 0.100000
vt 0.850000 0.125000
vt 0.825000 0.150000
vt 0.925011 0.125039
vt 0.900000 0.125000
vt 0.925000 0.100000
vt 0.950000 0.125000
vt 0.925000 0.150000
vt 0.050000 0.225000
vt 0.124981 0.225023
vt 0.100000 0.225000
vt 0.125000 0.200000
vt 0.150000 0.225000
vt 0.125000 0.250000
vt 0.225022 0.224977
vt 0.200000 0.225000
vt 0.225000 0.200000
vt 0.250000 0.225000
vt 0.225000 0.250000
vt 0.325020 0.225005
vt 0.300000 0.225000
vt 0.325000 0.200000
vt 0.350000 0.225000
vt 0.325000 0.250000
vt 0.424983 0.225002
vt 0.400000 0.225000
vt 0.425000 0.200000
vt 0.450000 0.225000
vt 0.425000 0.250000
vt 0.524980 0.225002
vt 0.500000 0.225000
vt 0.525000 0.200000
vt 0.550000 0.225000
vt 0.525000 0.250000
vt 0.624975 0.225011
vt 0.600000 0.225000
vt 0.625000 0.200000
vt 0.650000 0.225000
vt 0.625000 0.250000
vt 0.724968 0.225014
vt 0.700000 0.225000
vt 0.725000 0.200000
vt 0.750000 0.225000
vt 0.725000 0.250000
vt 0.825022 0.225012
vt 0.800000 0.225000
vt 0.825000 0.200000
vt 0.850000 0.225000
vt 0.825000 0.250000
vt 0.925018 0.225017
vt 0.900000 0.225000
vt 0.925000 0.200000
vt 0.950000 0.225000
vt 0.925000 0.250000
vt 0.050000 0.325000
vt 0.124952 0.325042
vt 0.100000 0.325000
vt 0.125000 0.300000
vt 0.150000 0.325000
vt 0.125000 0.350000
vt 0.225038 0.324977
vt 0.200000 0.325000
vt 0.225000 0.300000
vt 0.250000 0.325000
vt 0.225000 0.350000
vt 0.324992 0.324993
vt 0.300000 0.325000
vt 0.325000 0.300000
vt 0.350000 0.325000
vt 0.325000 0.350000
vt 0.424986 0.325005
vt 0.400000 0.325000
vt 0.425000 0.300000
vt 0.450000 0.325000
vt 0.425000 0.350000
vt 0.524986 0.325014
vt 0.500000 0.325000
vt 0.525000 0.300000
vt 0.550000 0.325000
vt 0.525000 0.350000
vt 0.624983 0.325010
vt 0.600000 0.325000
vt 0.625000 0.300000
vt 0.650000 0.325000
vt 0.625000 0.350000
vt 0.724991 0.324998
vt 0.700000 0.325000
vt 0.725000 0.300000
vt 0.750000 0.325000
vt 0.725000 0.350000
vt 0.825012 0.324985
vt 0.800000 0.325000
vt 0.825000 0.300000
vt 0.850000 0.325000
vt 0.825000 0.350000
vt 0.925015 0.325002
vt 0.900000 0.325000
vt 0.925000 0.300000
vt 0.950000 0.325000
vt 0.925000 0.350000
vt 0.050000 0.425000
vt 0.124952 0.425072
vt 0.100000 0.425000
vt 0.125000 0.400000
vt 0.150000 0.425000
vt 0.125000 0.450000
vt 0.225033 0.424958
vt 0.200000 0.425000
vt 0.225000 0.400000
vt 0.250000 0.425000
vt 0.225000 0.450000
vt 0.325001 0.425005
vt 0.300000 0.425000
vt 0.325000 0.400000
vt 0.350000 0.425000
vt 0.325000 0.450000
vt 0.424991 0.425013
vt 0.400000 0.425000
vt 0.425000 0.400000
vt 0.450000 0.425000
vt 0.425000 0.450000
vt 0.524993 0.425014
vt 0.500000 0.425000
vt 0.525000 0.400000
vt 0.550000 0.425000
vt 0.525000 0.450000
vt 0.624995 0.425007
vt 0.600000 0.425000
vt 0.625000 0.400000
vt 0.650000 0.425000
vt 0.625000 0.450000
vt 0.724996 0.424999
vt 0.700000 0.425000
vt 0.725000 0.400000
vt 0.750000 0.425000
vt 0.725000 0.450000
vt 0.825003 0.424986
vt 0.800000 0.425000
vt 0.825000 0.400000
vt 0.850000 0.425000
vt 0.825000 0.450000
vt 0.925014 0.425007
vt 0.900000 0.425000
vt 0.925000 0.400000
vt 0.950000 0.425000
vt 0.925000 0.450000
vt 0.050000 0.525000
vt 0.124974 0.525079
vt 0.100000 0.525000
vt 0.125000 0.500000
vt 0.150000 0.525000
vt 0.125000 0.550000
vt 0.225017 0.524970
vt 0.200000 0.525000
vt 0.225000 0.500000
vt 0.250000 0.525000
vt 0.225000 0.550000
vt 0.324998 0.525017
vt 0.300000 0.525000
vt 0.325000 0.500000
vt 0.350000 0.525000
vt 0.325000 0.550000
vt 0.424996 0.525007
vt 0.400000 0.525000
vt 0.425000 0.500000
vt 0.450000 0.525000
vt 0.425000 0.550000
vt 0.524999 0.525000
vt 0.500000 0.525000
vt 0.525000 0.500000
vt 0.550000 0.525000
vt 0.525000 0.550000
vt 0.625007 0.525004
vt 0.600000 0.525000
vt 0.625000 0.500000
vt 0.650000 0.525000
vt 0.625000 0.550000
vt 0.725005 0.525010
vt 0.700000 0.525000
vt 0.725000 0.500000
vt 0.750000 0.525000
vt 0.725000 0.550000
vt 0.824981 0.524968
vt 0.800000 0.525000
vt 0.825000 0.500000
vt 0.850000 0.525000
vt 0.825000 0.550000
vt 0.925017 0.525004
vt 0.900000 0.525000
vt 0.925000 0.500000
vt 0.950000 0.525000
vt 0.925000 0.550000
vt 0.050000 0.625000
vt 0.125000 0.625044
vt 0.100000 0.625000
vt 0.125000 0.600000
vt 0.150000 0.625000
vt 0.125000 0.650000
vt 0.224987 0.624967
vt 0.200000 0.625000
vt 0.225000 0.600000
vt 0.250000 0.625000
vt 0.225000 0.650000
vt 0.324980 0.625003
vt 0.300000 0.625000
vt 0.325000 0.600000
vt 0.350000 0.625000
vt 0.325000 0.650000
vt 0.425002 0.624981
vt 0.400000 0.625000
vt 0.425000 0.600000
vt 0.450000 0.625000
vt 0.425000 0.650000
vt 0.525001 0.624978
vt 0.500000 0.625000
vt 0.525000 0.600000
vt 0.550000 0.625000
vt 0.525000 0.650000
vt 0.625000 0.624982
vt 0.600000 0.625000
vt 0.625000 0.600000
vt 0.650000 0.625000
vt 0.625000 0.650000
vt 0.725017 0.625024
vt 0.700000 0.625000
vt 0.725000 0.600000
vt 0.750000 0.625000
vt 0.725000 0.650000
vt 0.824933 0.624925
vt 0.800000 0.625000
vt 0.825000 0.600000
vt 0.850000 0.625000
vt 0.825000 0.650000
vt 0.925046 0.624970
vt 0.900000 0.625000
vt 0.925000 0.600000
vt 0.950000 0.625000
vt 0.925000 0.650000
vt 0.050000 0.725000
vt 0.125066 0.724994
vt 0.100000 0.725000
vt 0.125000 0.700000
vt 0.150000 0.725000
vt 0.125000 0.750000
vt 0.224897 0.725017
vt 0.200000 0.725000
vt 0.225000 0.700000
vt 0.250000 0.725000
vt 0.225000 0.750000
vt 0.325026 0.724972
vt 0.300000 0.725000
vt 0.325000 0.700000
vt 0.350000 0.725000
vt 0.325000 0.750000
vt 0.425021 0.724981
vt 0.400000 0.725000
vt 0.425000 0.700000
vt 0.450000 0.725000
vt 0.425000 0.750000
vt 0.525009 0.724982
vt 0.500000 0.725000
vt 0.525000 0.700000
vt 0.550000 0.725000
vt 0.525000 0.750000
vt 0.625007 0.724974
vt 0.600000 0.725000
vt 0.625000 0.700000
vt 0.650000 0.725000
vt 0.625000 0.750000
vt 0.724999 0.724970
vt 0.700000 0.725000
vt 0.725000 0.700000
vt 0.750000 0.725000
vt 0.725000 0.750000
vt 0.824959 0.725047
vt 0.800000 0.725000
vt 0.825000 0.700000
vt 0.850000 0.725000
vt 0.825000 0.750000
vt 0.925113 0.724885
vt 0.900000 0.725000
vt 0.925000 0.700000
vt 0.950000 0.725000
vt 0.925000 0.750000
vt 0.050000 0.825000
vt 0.125080 0.824919
vt 0.100000 0.825000
vt 0.125000 0.800000
vt 0.150000 0.825000
vt 0.125000 0.850000
vt 0.224981 0.824945
vt 0.200000 0.825000
vt 0.225000 0.800000
vt 0.250000 0.825000
vt 0.225000 0.850000
vt 0.324950 0.824965
vt 0.300000 0.825000
vt 0.325000 0.800000
vt 0.350000 0.825000
vt 0.325000 0.850000
vt 0.424940 0.824985
vt 0.400000 0.825000
vt 0.425000 0.800000
vt 0.450000 0.825000
vt 0.425000 0.850000
vt 0.524954 0.824990
vt 0.500000 0.825000
vt 0.525000 0.800000
vt 0.550000 0.825000
vt 0.525000 0.850000
vt 0.624966 0.824987
vt 0.600000 0.825000
vt 0.625000 0.800000
vt 0.650000 0.825000
vt 0.625000 0.850000
vt 0.724934 0.824973
vt 0.700000 0.825000
vt 0.725000 0.800000
vt 0.750000 0.825000
vt 0.725000 0.850000
vt 0.824879 0.824997
vt 0.800000 0.825000
vt 0.825000 0.800000
vt 0.850000 0.825000
vt 0.825000 0.850000
vt 0.924874 0.824943
vt 0.900000 0.825000
vt 0.925000 0.800000
vt 0.950000 0.825000
vt 0.925000 0.850000
vt 0.074996 0.024996
vt 0.075000 0.000000
vt 0.075000 0.050000
vt 0.075004 0.074990
vt 0.100000 0.075000
vt 0.075000 0.100000
vt 0.050000 0.075000
vt 0.175001 0.024899
vt 0.175000 0.000000
vt 0.175000 0.050000
vt 0.174994 0.074948
vt 0.200000 0.075000
vt 0.175000 0.100000
vt 0.150000 0.075000
vt 0.124972 0.074957
vt 0.274962 0.025082
vt 0.275000 0.000000
vt 0.275000 0.050000
vt 0.274968 0.074899
vt 0.300000 0.075000
vt 0.275000 0.100000
vt 0.250000 0.075000
vt 0.225060 0.074957
vt 0.374989 0.025067
vt 0.375000 0.000000
vt 0.375000 0.050000
vt 0.374979 0.074934
vt 0.400000 0.075000
vt 0.375000 0.100000
vt 0.350000 0.075000
vt 0.325059 0.075008
vt 0.475016 0.025028
vt 0.475000 0.000000
vt 0.475000 0.050000
vt 0.475028 0.074968
vt 0.500000 0.075000
vt 0.475000 0.100000
vt 0.450000 0.075000
vt 0.425014 0.075051
vt 0.575004 0.025022
vt 0.575000 0.000000
vt 0.575000 0.050000
vt 0.575035 0.074943
vt 0.600000 0.075000
vt 0.575000 0.100000
vt 0.550000 0.075000
vt 0.524997 0.075025
vt 0.675038 0.025010
vt 0.675000 0.000000
vt 0.675000 0.050000
vt 0.675053 0.074908
vt 0.700000 0.075000
vt 0.675000 0.100000
vt 0.650000 0.075000
vt 0.625008 0.074997
vt 0.774980 0.024963
vt 0.775000 0.000000
vt 0.775000 0.050000
vt 0.774929 0.074879
vt 0.800000 0.075000
vt 0.775000 0.100000
vt 0.750000 0.075000
vt 0.724979 0.074945
vt 0.875001 0.024958
vt 0.875000 0.000000
vt 0.875000 0.050000
vt 0.875035 0.074908
vt 0.900000 0.075000
vt 0.875000 0.100000
vt 0.850000 0.075000
vt 0.824921 0.074875
vt 0.950000 0.075000
vt 0.925053 0.074996
vt 0.074983 0.124984
vt 0.075000 0.150000
vt 0.074982 0.175025
vt 0.100000 0.175000
vt 0.075000 0.200000
vt 0.050000 0.175000
vt 0.174984 0.124940
vt 0.175000 0.150000
vt 0.175005 0.174983
vt 0.200000 0.175000
vt 0.175000 0.200000
vt 0.150000 0.175000
vt 0.124978 0.174935
vt 0.275067 0.125030
vt 0.275000 0.150000
vt 0.275033 0.174986
vt 0.300000 0.175000
vt 0.275000 0.200000
vt 0.250000 0.175000
vt 0.225043 0.174996
vt 0.375040 0.125002
vt 0.375000 0.150000
vt 0.374997 0.174994
vt 0.400000 0.175000
vt 0.375000 0.200000
vt 0.350000 0.175000
vt 0.325033 0.174994
vt 0.474998 0.124991
vt 0.475000 0.150000
vt 0.474980 0.174989
vt 0.500000 0.175000
vt 0.475000 0.200000
vt 0.450000 0.175000
vt 0.424983 0.174971
vt 0.574989 0.124995
vt 0.575000 0.150000
vt 0.574988 0.175005
vt 0.600000 0.175000
vt 0.575000 0.200000
vt 0.550000 0.175000
vt 0.525002 0.174971
vt 0.674959 0.124995
vt 0.675000 0.150000
vt 0.674994 0.175029
vt 0.700000 0.175000
vt 0.675000 0.200000
vt 0.650000 0.175000
vt 0.624988 0.174985
vt 0.774906 0.124999
vt 0.775000 0.150000
vt 0.774963 0.175043
vt 0.800000 0.175000
vt 0.775000 0.200000
vt 0.750000 0.175000
vt 0.724959 0.175016
vt 0.875059 0.125063
vt 0.875000 0.150000
vt 0.875038 0.175022
vt 0.900000 0.175000
vt 0.875000 0.200000
vt 0.850000 0.175000
vt 0.825012 0.175031
vt 0.950000 0.175000
vt 0.925050 0.175077
vt 0.074999 0.224957
vt 0.075000 0.250000
vt 0.074973 0.275034
vt 0.100000 0.275000
vt 0.075000 0.300000
vt 0.050000 0.275000
vt 0.174982 0.224951
vt 0.175000 0.250000
vt 0.174979 0.274982
vt 0.200000 0.275000
vt 0.175000 0.300000
vt 0.150000 0.275000
vt 0.124975 0.274927
vt 0.275057 0.225007
vt 0.275000 0.250000
vt 0.275039 0.275009
vt 0.300000 0.275000
vt 0.275000 0.300000
vt 0.250000 0.275000
vt 0.225042 0.275025
vt 0.374987 0.224992
vt 0.375000 0.250000
vt 0.374993 0.275004
vt 0.400000 0.275000
vt 0.375000 0.300000
vt 0.350000 0.275000
vt 0.324986 0.274998
vt 0.474999 0.224979
vt 0.475000 0.250000
vt 0.474984 0.275008
vt 0.500000 0.275000
vt 0.475000 0.300000
vt 0.450000 0.275000
vt 0.425006 0.274989
vt 0.574996 0.224987
vt 0.575000 0.250000
vt 0.574981 0.275007
vt 0.600000 0.275000
vt 0.575000 0.300000
vt 0.550000 0.275000
vt 0.525010 0.274989
vt 0.674991 0.225002
vt 0.675000 0.250000
vt 0.674983 0.275008
vt 0.700000 0.275000
vt 0.675000 0.300000
vt 0.650000 0.275000
vt 0.624996 0.275001
vt 0.774979 0.224996
vt 0.775000 0.250000
vt 0.774999 0.275014
vt 0.800000 0.275000
vt 0.775000 0.300000
vt 0.750000 0.275000
vt 0.724985 0.275016
vt 0.875030 0.225052
vt 0.875000 0.250000
vt 0.875023 0.275004
vt 0.900000 0.275000
vt 0.875000 0.300000
vt 0.850000 0.275000
vt 0.824991 0.275027
vt 0.950000 0.275000
vt 0.925059 0.275059
vt 0.075005 0.324948
vt 0.075000 0.350000
vt 0.074961 0.375049
vt 0.100000 0.375000
vt 0.075000 0.400000
vt 0.050000 0.375000
vt 0.174959 0.324986
vt 0.175000 0.350000
vt 0.174964 0.375013
vt 0.200000 0.375000
vt 0.175000 0.400000
vt 0.150000 0.375000
vt 0.124983 0.374960
vt 0.275034 0.324983
vt 0.275000 0.350000
vt 0.275025 0.374998
vt 0.300000 0.375000
vt 0.275000 0.400000
vt 0.250000 0.375000
vt 0.225029 0.375021
vt 0.375019 0.324992
vt 0.375000 0.350000
vt 0.374993 0.375005
vt 0.400000 0.375000
vt 0.375000 0.400000
vt 0.350000 0.375000
vt 0.325011 0.374994
vt 0.475014 0.324995
vt 0.475000 0.350000
vt 0.474989 0.375011
vt 0.500000 0.375000
vt 0.475000 0.400000
vt 0.450000 0.375000
vt 0.425011 0.374996
vt 0.575001 0.325001
vt 0.575000 0.350000
vt 0.574989 0.375009
vt 0.600000 0.375000
vt 0.575000 0.400000
vt 0.550000 0.375000
vt 0.525005 0.375001
vt 0.674987 0.325002
vt 0.675000 0.350000
vt 0.674996 0.375006
vt 0.700000 0.375000
vt 0.675000 0.400000
vt 0.650000 0.375000
vt 0.624993 0.375005
vt 0.774985 0.324980
vt 0.775000 0.350000
vt 0.775008 0.375018
vt 0.800000 0.375000
vt 0.775000 0.400000
vt 0.750000 0.375000
vt 0.724987 0.375007
vt 0.875028 0.325050
vt 0.875000 0.350000
vt 0.875015 0.375008
vt 0.900000 0.375000
vt 0.875000 0.400000
vt 0.850000 0.375000
vt 0.824987 0.375028
vt 0.950000 0.375000
vt 0.925047 0.375054
vt 0.075008 0.424963
vt 0.075000 0.450000
vt 0.074961 0.475038
vt 0.100000 0.475000
vt 0.075000 0.500000
vt 0.050000 0.475000
vt 0.174970 0.424993
vt 0.175000 0.450000
vt 0.174996 0.475043
vt 0.200000 0.475000
vt 0.175000 0.500000
vt 0.150000 0.475000
vt 0.124990 0.474982
vt 0.275025 0.424992
vt 0.275000 0.450000
vt 0.275014 0.475008
vt 0.300000 0.475000
vt 0.275000 0.500000
vt 0.250000 0.475000
vt 0.225017 0.475032
vt 0.375010 0.424996
vt 0.375000 0.450000
vt 0.374995 0.475010
vt 0.400000 0.475000
vt 0.375000 0.500000
vt 0.350000 0.475000
vt 0.325002 0.475007
vt 0.475004 0.425004
vt 0.475000 0.450000
vt 0.474995 0.475011
vt 0.500000 0.475000
vt 0.475000 0.500000
vt 0.450000 0.475000
vt 0.424999 0.475006
vt 0.574999 0.425008
vt 0.575000 0.450000
vt 0.574997 0.475005
vt 0.600000 0.475000
vt 0.575000 0.500000
vt 0.550000 0.475000
vt 0.524998 0.475009
vt 0.674997 0.425002
vt 0.675000 0.450000
vt 0.675000 0.475003
vt 0.700000 0.475000
vt 0.675000 0.500000
vt 0.650000 0.475000
vt 0.624999 0.475009
vt 0.774988 0.424967
vt 0.775000 0.450000
vt 0.775005 0.475027
vt 0.800000 0.475000
vt 0.775000 0.500000
vt 0.750000 0.475000
vt 0.725004 0.475001
vt 0.875018 0.425067
vt 0.875000 0.450000
vt 0.875007 0.475011
vt 0.900000 0.475000
vt 0.875000 0.500000
vt 0.850000 0.475000
vt 0.824973 0.475046
vt 0.950000 0.475000
vt 0.925033 0.475043
vt 0.074991 0.524986
vt 0.075000 0.550000
vt 0.074966 0.574988
vt 0.100000 0.575000
vt 0.075000 0.600000
vt 0.050000 0.575000
vt 0.175016 0.524995
vt 0.175000 0.550000
vt 0.175029 0.575024
vt 0.200000 0.575000
vt 0.175000 0.600000
vt 0.150000 0.575000
vt 0.124987 0.574968
vt 0.275000 0.525013
vt 0.275000 0.550000
vt 0.274982 0.574985
vt 0.300000 0.575000
vt 0.275000 0.600000
vt 0.250000 0.575000
vt 0.225024 0.575011
vt 0.374998 0.525014
vt 0.375000 0.550000
vt 0.374997 0.575004
vt 0.400000 0.575000
vt 0.375000 0.600000
vt 0.350000 0.575000
vt 0.324994 0.575017
vt 0.474995 0.525016
vt 0.475000 0.550000
vt 0.475001 0.574989
vt 0.500000 0.575000
vt 0.475000 0.600000
vt 0.450000 0.575000
vt 0.424994 0.575021
vt 0.575002 0.525018
vt 0.575000 0.550000
vt 0.575004 0.574989
vt 0.600000 0.575000
vt 0.575000 0.600000
vt 0.550000 0.575000
vt 0.524996 0.575020
vt 0.674999 0.525012
vt 0.675000 0.550000
vt 0.675003 0.574994
vt 0.700000 0.575000
vt 0.675000 0.600000
vt 0.650000 0.575000
vt 0.625000 0.575017
vt 0.774997 0.524968
vt 0.775000 0.550000
vt 0.774991 0.575023
vt 0.800000 0.575000
vt 0.775000 0.600000
vt 0.750000 0.575000
vt 0.725023 0.574988
vt 0.875008 0.525069
vt 0.875000 0.550000
vt 0.875005 0.574973
vt 0.900000 0.575000
vt 0.875000 0.600000
vt 0.850000 0.575000
vt 0.824967 0.575029
vt 0.950000 0.575000
vt 0.925022 0.574989
vt 0.074953 0.625006
vt 0.075000 0.650000
vt 0.074920 0.674887
vt 0.100000 0.675000
vt 0.075000 0.700000
vt 0.050000 0.675000
vt 0.175070 0.624958
vt 0.175000 0.650000
vt 0.175054 0.674975
vt 0.200000 0.675000
vt 0.175000 0.700000
vt 0.150000 0.675000
vt 0.125009 0.674897
vt 0.274993 0.625005
vt 0.275000 0.650000
vt 0.274965 0.675009
vt 0.300000 0.675000
vt 0.275000 0.700000
vt 0.250000 0.675000
vt 0.224992 0.675085
vt 0.374992 0.625021
vt 0.375000 0.650000
vt 0.375019 0.674978
vt 0.400000 0.675000
vt 0.375000 0.700000
vt 0.350000 0.675000
vt 0.324986 0.675020
vt 0.474996 0.625019
vt 0.475000 0.650000
vt 0.475016 0.674978
vt 0.500000 0.675000
vt 0.475000 0.700000
vt 0.450000 0.675000
vt 0.424987 0.675019
vt 0.575003 0.625020
vt 0.575000 0.650000
vt 0.575008 0.674976
vt 0.600000 0.675000
vt 0.575000 0.700000
vt 0.550000 0.675000
vt 0.524987 0.675015
vt 0.675015 0.625009
vt 0.675000 0.650000
vt 0.675010 0.674988
vt 0.700000 0.675000
vt 0.675000 0.700000
vt 0.650000 0.675000
vt 0.624988 0.675016
vt 0.775023 0.624939
vt 0.775000 0.650000
vt 0.774987 0.675042
vt 0.800000 0.675000
vt 0.775000 0.700000
vt 0.750000 0.675000
vt 0.725045 0.675018
vt 0.874984 0.625009
vt 0.875000 0.650000
vt 0.875005 0.674847
vt 0.900000 0.675000
vt 0.875000 0.700000
vt 0.850000 0.675000
vt 0.824985 0.674996
vt 0.950000 0.675000
vt 0.925050 0.674902
vt 0.074914 0.724949
vt 0.075000 0.750000
vt 0.075012 0.774922
vt 0.100000 0.775000
vt 0.075000 0.800000
vt 0.050000 0.775000
vt 0.175073 0.725078
vt 0.175000 0.750000
vt 0.175035 0.774839
vt 0.200000 0.775000
vt 0.175000 0.800000
vt 0.150000 0.775000
vt 0.125133 0.774873
vt 0.274970 0.725045
vt 0.275000 0.750000
vt 0.274948 0.774951
vt 0.300000 0.775000
vt 0.275000 0.800000
vt 0.250000 0.775000
vt 0.224993 0.774967
vt 0.374980 0.725021
vt 0.375000 0.750000
vt 0.374965 0.774976
vt 0.400000 0.775000
vt 0.375000 0.800000
vt 0.350000 0.775000
vt 0.325028 0.775013
vt 0.474993 0.725010
vt 0.475000 0.750000
vt 0.474980 0.774990
vt 0.500000 0.775000
vt 0.475000 0.800000
vt 0.450000 0.775000
vt 0.425025 0.775023
vt 0.574981 0.725014
vt 0.575000 0.750000
vt 0.574986 0.774987
vt 0.600000 0.775000
vt 0.575000 0.800000
vt 0.550000 0.775000
vt 0.525020 0.775017
vt 0.674991 0.725028
vt 0.675000 0.750000
vt 0.674987 0.774967
vt 0.700000 0.775000
vt 0.675000 0.800000
vt 0.650000 0.775000
vt 0.625018 0.775017
vt 0.775119 0.725069
vt 0.775000 0.750000
vt 0.775013 0.774940
vt 0.800000 0.775000
vt 0.775000 0.800000
vt 0.750000 0.775000
vt 0.725029 0.774995
vt 0.874902 0.725052
vt 0.875000 0.750000
vt 0.874797 0.774781
vt 0.900000 0.775000
vt 0.875000 0.800000
vt 0.850000 0.775000
vt 0.825025 0.774937
vt 0.950000 0.775000
vt 0.925002 0.775012
vt 0.075119 0.824968
vt 0.075000 0.850000
vt 0.074950 0.874969
vt 0.100000 0.875000
vt 0.050000 0.875000
vt 0.175098 0.825043
vt 0.175000 0.850000
vt 0.175009 0.874986
vt 0.200000 0.875000
vt 0.150000 0.875000
vt 0.125053 0.874976
vt 0.275075 0.824987
vt 0.275000 0.850000
vt 0.275078 0.875004
vt 0.300000 0.875000
vt 0.250000 0.875000
vt 0.225089 0.875025
vt 0.375043 0.825003
vt 0.375000 0.850000
vt 0.374992 0.874988
vt 0.400000 0.875000
vt 0.350000 0.875000
vt 0.325041 0.875003
vt 0.475045 0.825006
vt 0.475000 0.850000
vt 0.474958 0.874990
vt 0.500000 0.875000
vt 0.450000 0.875000
vt 0.425042 0.874992
vt 0.575050 0.825004
vt 0.575000 0.850000
vt 0.574956 0.874993
vt 0.600000 0.875000
vt 0.550000 0.875000
vt 0.525042 0.874997
vt 0.675042 0.824986
vt 0.675000 0.850000
vt 0.674954 0.875015
vt 0.700000 0.875000
vt 0.650000 0.875000
vt 0.625015 0.874988
vt 0.775019 0.824980
vt 0.775000 0.850000
vt 0.774924 0.875029
vt 0.800000 0.875000
vt 0.750000 0.875000
vt 0.724923 0.875002
vt 0.874956 0.824972
vt 0.875000 0.850000
vt 0.874958 0.874985
vt 0.900000 0.875000
vt 0.850000 0.875000
vt 0.824982 0.874981
vt 0.950000 0.875000
vt 0.925065 0.874976
vt 0.125000 0.050000
vt 0.100000 0.050000
vt 0.100000 0.025000
vt 0.124992 0.024931
vt 0.225000 0.050000
vt 0.200000 0.050000
vt 0.200000 0.025000
vt 0.225032 0.024997
vt 0.325000 0.050000
vt 0.300000 0.050000
vt 0.300000 0.025000
vt 0.325041 0.025003
vt 0.425000 0.050000
vt 0.400000 0.050000
vt 0.400000 0.025000
vt 0.425024 0.024963
vt 0.525000 0.050000
vt 0.500000 0.050000
vt 0.500000 0.025000
vt 0.525022 0.024928
vt 0.625000 0.050000
vt 0.600000 0.050000
vt 0.600000 0.025000
vt 0.625008 0.024882
vt 0.725000 0.050000
vt 0.700000 0.050000
vt 0.700000 0.025000
vt 0.724982 0.024791
vt 0.825000 0.050000
vt 0.800000 0.050000
vt 0.800000 0.025000
vt 0.824963 0.024746
vt 0.925000 0.050000
vt 0.900000 0.050000
vt 0.900000 0.025000
vt 0.925018 0.024881
vt 0.125000 0.150000
vt 0.100000 0.150000
vt 0.100000 0.125000
vt 0.124987 0.125015
vt 0.225000 0.150000
vt 0.200000 0.150000
vt 0.200000 0.125000
vt 0.225035 0.124975
vt 0.325000 0.150000
vt 0.300000 0.150000
vt 0.300000 0.125000
vt 0.325009 0.124942
vt 0.425000 0.150000
vt 0.400000 0.150000
vt 0.400000 0.125000
vt 0.424956 0.124944
vt 0.525000 0.150000
vt 0.500000 0.150000
vt 0.500000 0.125000
vt 0.525022 0.124979
vt 0.625000 0.150000
vt 0.600000 0.150000
vt 0.600000 0.125000
vt 0.625032 0.124978
vt 0.725000 0.150000
vt 0.700000 0.150000
vt 0.700000 0.125000
vt 0.724979 0.125021
vt 0.825000 0.150000
vt 0.800000 0.150000
vt 0.800000 0.125000
vt 0.824997 0.125040
vt 0.925000 0.150000
vt 0.900000 0.150000
vt 0.900000 0.125000
vt 0.925011 0.125039
vt 0.125000 0.250000
vt 0.100000 0.250000
vt 0.100000 0.225000
vt 0.124981 0.225023
vt 0.225000 0.250000
vt 0.200000 0.250000
vt 0.200000 0.225000
vt 0.225022 0.224977
vt 0.325000 0.250000
vt 0.300000 0.250000
vt 0.300000 0.225000
vt 0.325020 0.225005
vt 0.425000 0.250000
vt 0.400000 0.250000
vt 0.400000 0.225000
vt 0.424983 0.225002
vt 0.525000 0.250000
vt 0.500000 0.250000
vt 0.500000 0.225000
vt 0.524980 0.225002
vt 0.625000 0.250000
vt 0.600000 0.250000
vt 0.600000 0.225000
vt 0.624975 0.225011
vt 0.725000 0.250000
vt 0.700000 0.250000
vt 0.700000 0.225000
vt 0.724968 0.225014
vt 0.825000 0.250000
vt 0.800000 0.250000
vt 0.800000 0.225000
vt 0.825022 0.225012
vt 0.925000 0.250000
vt 0.900000 0.250000
vt 0.900000 0.225000
vt 0.925018 0.225017
vt 0.125000 0.350000
vt 0.100000 0.350000
vt 0.100000 0.325000
vt 0.124952 0.325042
vt 0.225000 0.350000
vt 0.200000 0.350000
vt 0.200000 0.325000
vt 0.225038 0.324977
vt 0.325000 0.350000
vt 0.300000 0.350000
vt 0.300000 0.325000
vt 0.324992 0.324993
vt 0.425000 0.350000
vt 0.400000 0.350000
vt 0.400000 0.325000
vt 0.424986 0.325005
vt 0.525000 0.350000
vt 0.500000 0.350000
vt 0.500000 0.325000
vt 0.524986 0.325014
vt 0.625000 0.350000
vt 0.600000 0.350000
vt 0.600000 0.325000
vt 0.624983 0.325010
vt 0.725000 0.350000
vt 0.700000 0.350000
vt 0.700000 0.325000
vt 0.724991 0.324998
vt 0.825000 0.350000
vt 0.800000 0.350000
vt 0.800000 0.325000
vt 0.825012 0.324985
vt 0.925000 0.350000
vt 0.900000 0.350000
vt 0.900000 0.325000
vt 0.925015 0.325002
vt 0.125000 0.450000
vt 0.100000 0.450000
vt 0.100000 0.425000
vt 0.124952 0.425072
vt 0.225000 0.450000
vt 0.200000 0.450000
vt 0.200000 0.425000
vt 0.225033 0.424958
vt 0.325000 0.450000
vt 0.300000 0.450000
vt 0.300000 0.425000
vt 0.325001 0.425005
vt 0.425000 0.450000
vt 0.400000 0.450000
vt 0.400000 0.425000
vt 0.424991 0.425013
vt 0.525000 0.450000
vt 0.500000 0.450000
vt 0.500000 0.425000
vt 0.524993 0.425014
vt 0.625000 0.450000
vt 0.600000 0.450000
vt 0.600000 0.425000
vt 0.624995 0.425007
vt 0.725000 0.450000
vt 0.700000 0.450000
vt 0.700000 0.425000
vt 0.724996 0.424999
vt 0.825000 0.450000
vt 0.800000 0.450000
vt 0.800000 0.425000
vt 0.825003 0.424986
vt 0.925000 0.450000
vt 0.900000 0.450000
vt 0.900000 0.425000
vt 0.925014 0.425007
vt 0.125000 0.550000
vt 0.100000 0.550000
vt 0.100000 0.525000
vt 0.124974 0.525079
vt 0.225000 0.550000
vt 0.200000 0.550000
vt 0.200000 0.525000
vt 0.225017 0.524970
vt 0.325000 0.550000
vt 0.300000 0.550000
vt 0.300000 0.525000
vt 0.324998 0.525017
vt 0.425000 0.550000
vt 0.400000 0.550000
vt 0.400000 0.525000
vt 0.424996 0.525007
vt 0.525000 0.550000
vt 0.500000 0.550000
vt 0.500000 0.525000
vt 0.524999 0.525000
vt 0.625000 0.550000
vt 0.600000 0.550000
vt 0.600000 0.525000
vt 0.625007 0.525004
vt 0.725000 0.550000
vt 0.700000 0.550000
vt 0.700000 0.525000
vt 0.725005 0.525010
vt 0.825000 0.550000
vt 0.800000 0.550000
vt 0.800000 0.525000
vt 0.824981 0.524968
vt 0.925000 0.550000
vt 0.900000 0.550000
vt 0.900000 0.525000
vt 0.925017 0.525004
vt 0.125000 0.650000
vt 0.100000 0.650000
vt 0.100000 0.625000
vt 0.125000 0.625044
vt 0.225000 0.650000
vt 0.200000 0.650000
vt 0.200000 0.625000
vt 0.224987 0.624967
vt 0.325000 0.650000
vt 0.300000 0.650000
vt 0.300000 0.625000
vt 0.324980 0.625003
vt 0.425000 0.650000
vt 0.400000 0.650000
vt 0.400000 0.625000
vt 0.425002 0.624981
vt 0.525000 0.650000
vt 0.500000 0.650000
vt 0.500000 0.625000
vt 0.525001 0.624978
vt 0.625000 0.650000
vt 0.600000 0.650000
vt 0.600000 0.625000
vt 0.625000 0.624982
vt 0.725000 0.650000
vt 0.700000 0.650000
vt 0.700000 0.625000
vt 0.725017 0.625024
vt 0.825000 0.650000
vt 0.800000 0.650000
vt 0.800000 0.625000
vt 0.824933 0.624925
vt 0.925000 0.650000
vt 0.900000 0.650000
vt 0.900000 0.625000
vt 0.925046 0.624970
vt 0.125000 0.750000
vt 0.100000 0.750000
vt 0.100000 0.725000
vt 0.125066 0.724994
vt 0.225000 0.750000
vt 0.200000 0.750000
vt 0.200000 0.725000
vt 0.224897 0.725017
vt 0.325000 0.750000
vt 0.300000 0.750000
vt 0.300000 0.725000
vt 0.325026 0.724972
vt 0.425000 0.750000
vt 0.400000 0.750000
vt 0.400000 0.725000
vt 0.425021 0.724981
vt 0.525000 0.750000
vt 0.500000 0.750000
vt 0.500000 0.725000
vt 0.525009 0.724982
vt 0.625000 0.750000
vt 0.600000 0.750000
vt 0.600000 0.725000
vt 0.625007 0.724974
vt 0.725000 0.750000
vt 0.700000 0.750000
vt 0.700000 0.725000
vt 0.724999 0.724970
vt 0.825000 0.750000
vt 0.800000 0.750000
vt 0.800000 0.725000
vt 0.824959 0.725047
vt 0.925000 0.750000
vt 0.900000 0.750000
vt 0.900000 0.725000
vt 0.925113 0.724885
vt 0.125000 0.850000
vt 0.100000 0.850000
vt 0.100000 0.825000
vt 0.125080 0.824919
vt 0.225000 0.850000
vt 0.200000 0.850000
vt 0.200000 0.825000
vt 0.224981 0.824945
vt 0.325000 0.850000
vt 0.300000 0.850000
vt 0.300000 0.825000
vt 0.324950 0.824965
vt 0.425000 0.850000
vt 0.400000 0.850000
vt 0.400000 0.825000
vt 0.424940 0.824985
vt 0.525000 0.850000
vt 0.500000 0.850000
vt 0.500000 0.825000
vt 0.524954 0.824990
vt 0.625000 0.850000
vt 0.600000 0.850000
vt 0.600000 0.825000
vt 0.624966 0.824987
vt 0.725000 0.850000
vt 0.700000 0.850000
vt 0.700000 0.825000
vt 0.724934 0.824973
vt 0.825000 0.850000
vt 0.800000 0.850000
vt 0.800000 0.825000
vt 0.824879 0.824997
vt 0.925000 0.850000
vt 0.900000 0.850000
vt 0.900000 0.825000
vt 0.924874 0.824943
vt 0.050000 0.025000
vt 0.050000 0.000000
vt 0.075000 0.000000
vt 0.074996 0.024996
vt 0.075000 0.050000
vt 0.100000 0.075000
vt 0.075004 0.074990
vt 0.150000 0.025000
vt 0.150000 0.000000
vt 0.175000 0.000000
vt 0.175001 0.024899
vt 0.175000 0.050000
vt 0.200000 0.075000
vt 0.174994 0.074948
vt 0.150000 0.075000
vt 0.150000 0.100000
vt 0.125000 0.100000
vt 0.124972 0.074957
vt 0.250000 0.025000
vt 0.250000 0.000000
vt 0.275000 0.000000
vt 0.274962 0.025082
vt 0.275000 0.050000
vt 0.300000 0.075000
vt 0.274968 0.074899
vt 0.250000 0.075000
vt 0.250000 0.100000
vt 0.225000 0.100000
vt 0.225060 0.074957
vt 0.350000 0.025000
vt 0.350000 0.000000
vt 0.375000 0.000000
vt 0.374989 0.025067
vt 0.375000 0.050000
vt 0.400000 0.075000
vt 0.374979 0.074934
vt 0.350000 0.075000
vt 0.350000 0.100000
vt 0.325000 0.100000
vt 0.325059 0.075008
vt 0.450000 0.025000
vt 0.450000 0.000000
vt 0.475000 0.000000
vt 0.475016 0.025028
vt 0.475000 0.050000
vt 0.500000 0.075000
vt 0.475028 0.074968
vt 0.450000 0.075000
vt 0.450000 0.100000
vt 0.425000 0.100000
vt 0.425014 0.075051
vt 0.550000 0.025000
vt 0.550000 0.000000
vt 0.575000 0.000000
vt 0.575004 0.025022
vt 0.575000 0.050000
vt 0.600000 0.075000
vt 0.575035 0.074943
vt 0.550000 0.075000
vt 0.550000 0.100000
vt 0.525000 0.100000
vt 0.524997 0.075025
vt 0.650000 0.025000
vt 0.650000 0.000000
vt 0.675000 0.000000
vt 0.675038 0.025010
vt 0.675000 0.050000
vt 0.700000 0.075000
vt 0.675053 0.074908
vt 0.650000 0.075000
vt 0.650000 0.100000
vt 0.625000 0.100000
vt 0.625008 0.074997
vt 0.750000 0.025000
vt 0.750000 0.000000
vt 0.775000 0.000000
vt 0.774980 0.024963
vt 0.775000 0.050000
vt 0.800000 0.075000
vt 0.774929 0.074879
vt 0.750000 0.075000
vt 0.750000 0.100000
vt 0.725000 0.100000
vt 0.724979 0.074945
vt 0.850000 0.025000
vt 0.850000 0.000000
vt 0.875000 0.000000
vt 0.875001 0.024958
vt 0.875000 0.050000
vt 0.900000 0.075000
vt 0.875035 0.074908
vt 0.850000 0.075000
vt 0.850000 0.100000
vt 0.825000 0.100000
vt 0.824921 0.074875
vt 0.950000 0.075000
vt 0.950000 0.100000
vt 0.925000 0.100000
vt 0.925053 0.074996
vt 0.050000 0.125000
vt 0.050000 0.100000
vt 0.075000 0.100000
vt 0.074983 0.124984
vt 0.075000 0.150000
vt 0.100000 0.175000
vt 0.074982 0.175025
vt 0.150000 0.125000
vt 0.175000 0.100000
vt 0.174984 0.124940
vt 0.175000 0.150000
vt 0.200000 0.175000
vt 0.175005 0.174983
vt 0.150000 0.175000
vt 0.150000 0.200000
vt 0.125000 0.200000
vt 0.124978 0.174935
vt 0.250000 0.125000
vt 0.275000 0.100000
vt 0.275067 0.125030
vt 0.275000 0.150000
vt 0.300000 0.175000
vt 0.275033 0.174986
vt 0.250000 0.175000
vt 0.250000 0.200000
vt 0.225000 0.200000
vt 0.225043 0.174996
vt 0.350000 0.125000
vt 0.375000 0.100000
vt 0.375040 0.125002
vt 0.375000 0.150000
vt 0.400000 0.175000
vt 0.374997 0.174994
vt 0.350000 0.175000
vt 0.350000 0.200000
vt 0.325000 0.200000
vt 0.325033 0.174994
vt 0.450000 0.125000
vt 0.475000 0.100000
vt 0.474998 0.124991
vt 0.475000 0.150000
vt 0.500000 0.175000
vt 0.474980 0.174989
vt 0.450000 0.175000
vt 0.450000 0.200000
vt 0.425000 0.200000
vt 0.424983 0.174971
vt 0.550000 0.125000
vt 0.575000 0.100000
vt 0.574989 0.124995
vt 0.575000 0.150000
vt 0.600000 0.175000
vt 0.574988 0.175005
vt 0.550000 0.175000
vt 0.550000 0.200000
vt 0.525000 0.200000
vt 0.525002 0.174971
vt 0.650000 0.125000
vt 0.675000 0.100000
vt 0.674959 0.124995
vt 0.675000 0.150000
vt 0.700000 0.175000
vt 0.674994 0.175029
vt 0.650000 0.175000
vt 0.650000 0.200000
vt 0.625000 0.200000
vt 0.624988 0.174985
vt 0.750000 0.125000
vt 0.775000 0.100000
vt 0.774906 0.124999
vt 0.775000 0.150000
vt 0.800000 0.175000
vt 0.774963 0.175043
vt 0.750000 0.175000
vt 0.750000 0.200000
vt 0.725000 0.200000
vt 0.724959 0.175016
vt 0.850000 0.125000
vt 0.875000 0.100000
vt 0.875059 0.125063
vt 0.875000 0.150000
vt 0.900000 0.175000
vt 0.875038 0.175022
vt 0.850000 0.175000
vt 0.850000 0.200000
vt 0.825000 0.200000
vt 0.825012 0.175031
vt 0.950000 0.175000
vt 0.950000 0.200000
vt 0.925000 0.200000
vt 0.925050 0.175077
vt 0.050000 0.225000
vt 0.050000 0.200000
vt 0.075000 0.200000
vt 0.074999 0.224957
vt 0.075000 0.250000
vt 0.100000 0.275000
vt 0.074973 0.275034
vt 0.150000 0.225000
vt 0.175000 0.200000
vt 0.174982 0.224951
vt 0.175000 0.250000
vt 0.200000 0.275000
vt 0.174979 0.274982
vt 0.150000 0.275000
vt 0.150000 0.300000
vt 0.125000 0.300000
vt 0.124975 0.274927
vt 0.250000 0.225000
vt 0.275000 0.200000
vt 0.275057 0.225007
vt 0.275000 0.250000
vt 0.300000 0.275000
vt 0.275039 0.275009
vt 0.250000 0.275000
vt 0.250000 0.300000
vt 0.225000 0.300000
vt 0.225042 0.275025
vt 0.350000 0.225000
vt 0.375000 0.200000
vt 0.374987 0.224992
vt 0.375000 0.250000
vt 0.400000 0.275000
vt 0.374993 0.275004
vt 0.350000 0.275000
vt 0.350000 0.300000
vt 0.325000 0.300000
vt 0.324986 0.274998
vt 0.450000 0.225000
vt 0.475000 0.200000
vt 0.474999 0.224979
vt 0.475000 0.250000
vt 0.500000 0.275000
vt 0.474984 0.275008
vt 0.450000 0.275000
vt 0.450000 0.300000
vt 0.425000 0.300000
vt 0.425006 0.274989
vt 0.550000 0.225000
vt 0.575000 0.200000
vt 0.574996 0.224987
vt 0.575000 0.250000
vt 0.600000 0.275000
vt 0.574981 0.275007
vt 0.550000 0.275000
vt 0.550000 0.300000
vt 0.525000 0.300000
vt 0.525010 0.274989
vt 0.650000 0.225000
vt 0.675000 0.200000
vt 0.674991 0.225002
vt 0.675000 0.250000
vt 0.700000 0.275000
vt 0.674983 0.275008
vt 0.650000 0.275000
vt 0.650000 0.300000
vt 0.625000 0.300000
vt 0.624996 0.275001
vt 0.750000 0.225000
vt 0.775000 0.200000
vt 0.774979 0.224996
vt 0.775000 0.250000
vt 0.800000 0.275000
vt 0.774999 0.275014
vt 0.750000 0.275000
vt 0.750000 0.300000
vt 0.725000 0.300000
vt 0.724985 0.275016
vt 0.850000 0.225000
vt 0.875000 0.200000
vt 0.875030 0.225052
vt 0.875000 0.250000
vt 0.900000 0.275000
vt 0.875023 0.275004
vt 0.850000 0.275000
vt 0.850000 0.300000
vt 0.825000 0.300000
vt 0.824991 0.275027
vt 0.950000 0.275000
vt 0.950000 0.300000
vt 0.925000 0.300000
vt 0.925059 0.275059
vt 0.050000 0.325000
vt 0.050000 0.300000
vt 0.075000 0.300000
vt 0.075005 0.324948
vt 0.075000 0.350000
vt 0.100000 0.375000
vt 0.074961 0.375049
vt 0.150000 0.325000
vt 0.175000 0.300000
vt 0.174959 0.324986
vt 0.175000 0.350000
vt 0.200000 0.375000
vt 0.174964 0.375013
vt 0.150000 0.375000
vt 0.150000 0.400000
vt 0.125000 0.400000
vt 0.124983 0.374960
vt 0.250000 0.325000
vt 0.275000 0.300000
vt 0.275034 0.324983
vt 0.275000 0.350000
vt 0.300000 0.375000
vt 0.275025 0.374998
vt 0.250000 0.375000
vt 0.250000 0.400000
vt 0.225000 0.400000
vt 0.225029 0.375021
vt 0.350000 0.325000
vt 0.375000 0.300000
vt 0.375019 0.324992
vt 0.375000 0.350000
vt 0.400000 0.375000
vt 0.374993 0.375005
vt 0.350000 0.375000
vt 0.350000 0.400000
vt 0.325000 0.400000
vt 0.325011 0.374994
vt 0.450000 0.325000
vt 0.475000 0.300000
vt 0.475014 0.324995
vt 0.475000 0.350000
vt 0.500000 0.375000
vt 0.474989 0.375011
vt 0.450000 0.375000
vt 0.450000 0.400000
vt 0.425000 0.400000
vt 0.425011 0.374996
vt 0.550000 0.325000
vt 0.575000 0.300000
vt 0.575001 0.325001
vt 0.575000 0.350000
vt 0.600000 0.375000
vt 0.574989 0.375009
vt 0.550000 0.375000
vt 0.550000 0.400000
vt 0.525000 0.400000
vt 0.525005 0.375001
vt 0.650000 0.325000
vt 0.675000 0.300000
vt 0.674987 0.325002
vt 0.675000 0.350000
vt 0.700000 0.375000
vt 0.674996 0.375006
vt 0.650000 0.375000
vt 0.650000 0.400000
vt 0.625000 0.400000
vt 0.624993 0.375005
vt 0.750000 0.325000
vt 0.775000 0.300000
vt 0.774985 0.324980
vt 0.775000 0.350000
vt 0.800000 0.375000
vt 0.775008 0.375018
vt 0.750000 0.375000
vt 0.750000 0.400000
vt 0.725000 0.400000
vt 0.724987 0.375007
vt 0.850000 0.325000
vt 0.875000 0.300000
vt 0.875028 0.325050
vt 0.875000 0.350000
vt 0.900000 0.375000
vt 0.875015 0.375008
vt 0.850000 0.375000
vt 0.850000 0.400000
vt 0.825000 0.400000
vt 0.824987 0.375028
vt 0.950000 0.375000
vt 0.950000 0.400000
vt 0.925000 0.400000
vt 0.925047 0.375054
vt 0.050000 0.425000
vt 0.050000 0.400000
vt 0.075000 0.400000
vt 0.075008 0.424963
vt 0.075000 0.450000
vt 0.100000 0.475000
vt 0.074961 0.475038
vt 0.150000 0.425000
vt 0.175000 0.400000
vt 0.174970 0.424993
vt 0.175000 0.450000
vt 0.200000 0.475000
vt 0.174996 0.475043
vt 0.150000 0.475000
vt 0.150000 0.500000
vt 0.125000 0.500000
vt 0.124990 0.474982
vt 0.250000 0.425000
vt 0.275000 0.400000
vt 0.275025 0.424992
vt 0.275000 0.450000
vt 0.300000 0.475000
vt 0.275014 0.475008
vt 0.250000 0.475000
vt 0.250000 0.500000
vt 0.225000 0.500000
vt 0.225017 0.475032
vt 0.350000 0.425000
vt 0.375000 0.400000
vt 0.375010 0.424996
vt 0.375000 0.450000
vt 0.400000 0.475000
vt 0.374995 0.475010
vt 0.350000 0.475000
vt 0.350000 0.500000
vt 0.325000 0.500000
vt 0.325002 0.475007
vt 0.450000 0.425000
vt 0.475000 0.400000
vt 0.475004 0.425004
vt 0.475000 0.450000
vt 0.500000 0.475000
vt 0.474995 0.475011
vt 0.450000 0.475000
vt 0.450000 0.500000
vt 0.425000 0.500000
vt 0.424999 0.475006
vt 0.550000 0.425000
vt 0.575000 0.400000
vt 0.574999 0.425008
vt 0.575000 0.450000
vt 0.600000 0.475000
vt 0.574997 0.475005
vt 0.550000 0.475000
vt 0.550000 0.500000
vt 0.525000 0.500000
vt 0.524998 0.475009
vt 0.650000 0.425000
vt 0.675000 0.400000
vt 0.674997 0.425002
vt 0.675000 0.450000
vt 0.700000 0.475000
vt 0.675000 0.475003
vt 0.650000 0.475000
vt 0.650000 0.500000
vt 0.625000 0.500000
vt 0.624999 0.475009
vt 0.750000 0.425000
vt 0.775000 0.400000
vt 0.774988 0.424967
vt 0.775000 0.450000
vt 0.800000 0.475000
vt 0.775005 0.475027
vt 0.750000 0.475000
vt 0.750000 0.500000
vt 0.725000 0.500000
vt 0.725004 0.475001
vt 0.850000 0.425000
vt 0.875000 0.400000
vt 0.875018 0.425067
vt 0.875000 0.450000
vt 0.900000 0.475000
vt 0.875007 0.475011
vt 0.850000 0.475000
vt 0.850000 0.500000
vt 0.825000 0.500000
vt 0.824973 0.475046
vt 0.950000 0.475000
vt 0.950000 0.500000
vt 0.925000 0.500000
vt 0.925033 0.475043
vt 0.050000 0.525000
vt 0.050000 0.500000
vt 0.075000 0.500000
vt 0.074991 0.524986
vt 0.075000 0.550000
vt 0.100000 0.575000
vt 0.074966 0.574988
vt 0.150000 0.525000
vt 0.175000 0.500000
vt 0.175016 0.524995
vt 0.175000 0.550000
vt 0.200000 0.575000
vt 0.175029 0.575024
vt 0.150000 0.575000
vt 0.150000 0.600000
vt 0.125000 0.600000
vt 0.124987 0.574968
vt 0.250000 0.525000
vt 0.275000 0.500000
vt 0.275000 0.525013
vt 0.275000 0.550000
vt 0.300000 0.575000
vt 0.274982 0.574985
vt 0.250000 0.575000
vt 0.250000 0.600000
vt 0.225000 0.600000
vt 0.225024 0.575011
vt 0.350000 0.525000
vt 0.375000 0.500000
vt 0.374998 0.525014
vt 0.375000 0.550000
vt 0.400000 0.575000
vt 0.374997 0.575004
vt 0.350000 0.575000
vt 0.350000 0.600000
vt 0.325000 0.600000
vt 0.324994 0.575017
vt 0.450000 0.525000
vt 0.475000 0.500000
vt 0.474995 0.525016
vt 0.475000 0.550000
vt 0.500000 0.575000
vt 0.475001 0.574989
vt 0.450000 0.575000
vt 0.450000 0.600000
vt 0.425000 0.600000
vt 0.424994 0.575021
vt 0.550000 0.525000
vt 0.575000 0.500000
vt 0.575002 0.525018
vt 0.575000 0.550000
vt 0.600000 0.575000
vt 0.575004 0.574989
vt 0.550000 0.575000
vt 0.550000 0.600000
vt 0.525000 0.600000
vt 0.524996 0.575020
vt 0.650000 0.525000
vt 0.675000 0.500000
vt 0.674999 0.525012
vt 0.675000 0.550000
vt 0.700000 0.575000
vt 0.675003 0.574994
vt 0.650000 0.575000
vt 0.650000 0.600000
vt 0.625000 0.600000
vt 0.625000 0.575017
vt 0.750000 0.525000
vt 0.775000 0.500000
vt 0.774997 0.524968
vt 0.775000 0.550000
vt 0.800000 0.575000
vt 0.774991 0.575023
vt 0.750000 0.575000
vt 0.750000 0.600000
vt 0.725000 0.600000
vt 0.725023 0.574988
vt 0.850000 0.525000
vt 0.875000 0.500000
vt 0.875008 0.525069
vt 0.875000 0.550000
vt 0.900000 0.575000
vt 0.875005 0.574973
vt 0.850000 0.575000
vt 0.850000 0.600000
vt 0.825000 0.600000
vt 0.824967 0.575029
vt 0.950000 0.575000
vt 0.950000 0.600000
vt 0.925000 0.600000
vt 0.925022 0.574989
vt 0.050000 0.625000
vt 0.050000 0.600000
vt 0.075000 0.600000
vt 0.074953 0.625006
vt 0.075000 0.650000
vt 0.100000 0.675000
vt 0.074920 0.674887
vt 0.150000 0.625000
vt 0.175000 0.600000
vt 0.175070 0.624958
vt 0.175000 0.650000
vt 0.200000 0.675000
vt 0.175054 0.674975
vt 0.150000 0.675000
vt 0.150000 0.700000
vt 0.125000 0.700000
vt 0.125009 0.674897
vt 0.250000 0.625000
vt 0.275000 0.600000
vt 0.274993 0.625005
vt 0.275000 0.650000
vt 0.300000 0.675000
vt 0.274965 0.675009
vt 0.250000 0.675000
vt 0.250000 0.700000
vt 0.225000 0.700000
vt 0.224992 0.675085
vt 0.350000 0.625000
vt 0.375000 0.600000
vt 0.374992 0.625021
vt 0.375000 0.650000
vt 0.400000 0.675000
vt 0.375019 0.674978
vt 0.350000 0.675000
vt 0.350000 0.700000
vt 0.325000 0.700000
vt 0.324986 0.675020
vt 0.450000 0.625000
vt 0.475000 0.600000
vt 0.474996 0.625019
vt 0.475000 0.650000
vt 0.500000 0.675000
vt 0.475016 0.674978
vt 0.450000 0.675000
vt 0.450000 0.700000
vt 0.425000 0.700000
vt 0.424987 0.675019
vt 0.550000 0.625000
vt 0.575000 0.600000
vt 0.575003 0.625020
vt 0.575000 0.650000
vt 0.600000 0.675000
vt 0.575008 0.674976
vt 0.550000 0.675000
vt 0.550000 0.700000
vt 0.525000 0.700000
vt 0.524987 0.675015
vt 0.650000 0.625000
vt 0.675000 0.600000
vt 0.675015 0.625009
vt 0.675000 0.650000
vt 0.700000 0.675000
vt 0.675010 0.674988
vt 0.650000 0.675000
vt 0.650000 0.700000
vt 0.625000 0.700000
vt 0.624988 0.675016
vt 0.750000 0.625000
vt 0.775000 0.600000
vt 0.775023 0.624939
vt 0.775000 0.650000
vt 0.800000 0.675000
vt 0.774987 0.675042
vt 0.750000 0.675000
vt 0.750000 0.700000
vt 0.725000 0.700000
vt 0.725045 0.675018
vt 0.850000 0.625000
vt 0.875000 0.600000
vt 0.874984 0.625009
vt 0.875000 0.650000
vt 0.900000 0.675000
vt 0.875005 0.674847
vt 0.850000 0.675000
vt 0.850000 0.700000
vt 0.825000 0.700000
vt 0.824985 0.674996
vt 0.950000 0.675000
vt 0.950000 0.700000
vt 0.925000 0.700000
vt 0.925050 0.674902
vt 0.050000 0.725000
vt 0.050000 0.700000
vt 0.075000 0.700000
vt 0.074914 0.724949
vt 0.075000 0.750000
vt 0.100000 0.775000
vt 0.075012 0.774922
vt 0.150000 0.725000
vt 0.175000 0.700000
vt 0.175073 0.725078
vt 0.175000 0.750000
vt 0.200000 0.775000
vt 0.175035 0.774839
vt 0.150000 0.775000
vt 0.150000 0.800000
vt 0.125000 0.800000
vt 0.125133 0.774873
vt 0.250000 0.725000
vt 0.275000 0.700000
vt 0.274970 0.725045
vt 0.275000 0.750000
vt 0.300000 0.775000
vt 0.274948 0.774951
vt 0.250000 0.775000
vt 0.250000 0.800000
vt 0.225000 0.800000
vt 0.224993 0.774967
vt 0.350000 0.725000
vt 0.375000 0.700000
vt 0.374980 0.725021
vt 0.375000 0.750000
vt 0.400000 0.775000
vt 0.374965 0.774976
vt 0.350000 0.775000
vt 0.350000 0.800000
vt 0.325000 0.800000
vt 0.325028 0.775013
vt 0.450000 0.725000
vt 0.475000 0.700000
vt 0.474993 0.725010
vt 0.475000 0.750000
vt 0.500000 0.775000
vt 0.474980 0.774990
vt 0.450000 0.775000
vt 0.450000 0.800000
vt 0.425000 0.800000
vt 0.425025 0.775023
vt 0.550000 0.725000
vt 0.575000 0.700000
vt 0.574981 0.725014
vt 0.575000 0.750000
vt 0.600000 0.775000
vt 0.574986 0.774987
vt 0.550000 0.775000
vt 0.550000 0.800000
vt 0.525000 0.800000
vt 0.525020 0.775017
vt 0.650000 0.725000
vt 0.675000 0.700000
vt 0.674991 0.725028
vt 0.675000 0.750000
vt 0.700000 0.775000
vt 0.674987 0.774967
vt 0.650000 0.775000
vt 0.650000 0.800000
vt 0.625000 0.800000
vt 0.625018 0.775017
vt 0.750000 0.725000
vt 0.775000 0.700000
vt 0.775119 0.725069
vt 0.775000 0.750000
vt 0.800000 0.775000
vt 0.775013 0.774940
vt 0.750000 0.775000
vt 0.750000 0.800000
vt 0.725000 0.800000
vt 0.725029 0.774995
vt 0.850000 0.725000
vt 0.875000 0.700000
vt 0.874902 0.725052
vt 0.875000 0.750000
vt 0.900000 0.775000
vt 0.874797 0.774781
vt 0.850000 0.775000
vt 0.850000 0.800000
vt 0.825000 0.800000
vt 0.825025 0.774937
vt 0.950000 0.775000
vt 0.950000 0.800000
vt 0.925000 0.800000
vt 0.925002 0.775012
vt 0.050000 0.825000
vt 0.050000 0.800000
vt 0.075000 0.800000
vt 0.075119 0.824968
vt 0.075000 0.850000
vt 0.100000 0.875000
vt 0.074950 0.874969
vt 0.150000 0.825000
vt 0.175000 0.800000
vt 0.175098 0.825043
vt 0.175000 0.850000
vt 0.200000 0.875000
vt 0.175009 0.874986
vt 0.250000 0.825000
vt 0.275000 0.800000
vt 0.275075 0.824987
vt 0.275000 0.850000
vt 0.300000 0.875000
vt 0.275078 0.875004
vt 0.350000 0.825000
vt 0.375000 0.800000
vt 0.375043 0.825003
vt 0.375000 0.850000
vt 0.400000 0.875000
vt 0.374992 0.874988
vt 0.450000 0.825000
vt 0.475000 0.800000
vt 0.475045 0.825006
vt 0.475000 0.850000
vt 0.500000 0.875000
vt 0.474958 0.874990
vt 0.550000 0.825000
vt 0.575000 0.800000
vt 0.575050 0.825004
vt 0.575000 0.850000
vt 0.600000 0.875000
vt 0.574956 0.874993
vt 0.650000 0.825000
vt 0.675000 0.800000
vt 0.675042 0.824986
vt 0.675000 0.850000
vt 0.700000 0.875000
vt 0.674954 0.875015
vt 0.750000 0.825000
vt 0.775000 0.800000
vt 0.775019 0.824980
vt 0.775000 0.850000
vt 0.800000 0.875000
vt 0.774924 0.875029
vt 0.850000 0.825000
vt 0.875000 0.800000
vt 0.874956 0.824972
vt 0.875000 0.850000
vt 0.900000 0.875000
vt 0.874958 0.874985
vt 0.100000 0.000000
vt 0.125000 0.000000
vt 0.150000 0.050000
vt 0.200000 0.000000
vt 0.225000 0.000000
vt 0.250000 0.050000
vt 0.300000 0.000000
vt 0.325000 0.000000
vt 0.350000 0.050000
vt 0.400000 0.000000
vt 0.425000 0.000000
vt 0.450000 0.050000
vt 0.500000 0.000000
vt 0.525000 0.000000
vt 0.550000 0.050000
vt 0.600000 0.000000
vt 0.625000 0.000000
vt 0.650000 0.050000
vt 0.700000 0.000000
vt 0.725000 0.000000
vt 0.750000 0.050000
vt 0.800000 0.000000
vt 0.825000 0.000000
vt 0.850000 0.050000
vt 0.900000 0.000000
vt 0.925000 0.000000
vt 0.950000 0.000000
vt 0.950000 0.025000
vt 0.950000 0.050000
vt 0.100000 0.100000
vt 0.150000 0.150000
vt 0.200000 0.100000
vt 0.250000 0.150000
vt 0.300000 0.100000
vt 0.350000 0.150000
vt 0.400000 0.100000
vt 0.450000 0.150000
vt 0.500000 0.100000
vt 0.550000 0.150000
vt 0.600000 0.100000
vt 0.650000 0.150000
vt 0.700000 0.100000
vt 0.750000 0.150000
vt 0.800000 0.100000
vt 0.850000 0.150000
vt 0.900000 0.100000
vt 0.950000 0.125000
vt 0.950000 0.150000
vt 0.100000 0.200000
vt 0.150000 0.250000
vt 0.200000 0.200000
vt 0.250000 0.250000
vt 0.300000 0.200000
vt 0.350000 0.250000
vt 0.400000 0.200000
vt 0.450000 0.250000
vt 0.500000 0.200000
vt 0.550000 0.250000
vt 0.600000 0.200000
vt 0.650000 0.250000
vt 0.700000 0.200000
vt 0.750000 0.250000
vt 0.800000 0.200000
vt 0.850000 0.250000
vt 0.900000 0.200000
vt 0.950000 0.225000
vt 0.950000 0.250000
vt 0.100000 0.300000
vt 0.150000 0.350000
vt 0.200000 0.300000
vt 0.250000 0.350000
vt 0.300000 0.300000
vt 0.350000 0.350000
vt 0.400000 0.300000
vt 0.450000 0.350000
vt 0.500000 0.300000
vt 0.550000 0.350000
vt 0.600000 0.300000
vt 0.650000 0.350000
vt 0.700000 0.300000
vt 0.750000 0.350000
vt 0.800000 0.300000
vt 0.850000 0.350000
vt 0.900000 0.300000
vt 0.950000 0.325000
vt 0.950000 0.350000
vt 0.100000 0.400000
vt 0.150000 0.450000
vt 0.200000 0.400000
vt 0.250000 0.450000
vt 0.300000 0.400000
vt 0.350000 0.450000
vt 0.400000 0.400000
vt 0.450000 0.450000
vt 0.500000 0.400000
vt 0.550000 0.450000
vt 0.600000 0.400000
vt 0.650000 0.450000
vt 0.700000 0.400000
vt 0.750000 0.450000
vt 0.800000 0.400000
vt 0.850000 0.450000
vt 0.900000 0.400000
vt 0.950000 0.425000
vt 0.950000 0.450000
vt 0.100000 0.500000
vt 0.150000 0.550000
vt 0.200000 0.500000
vt 0.250000 0.550000
vt 0.300000 0.500000
vt 0.350000 0.550000
vt 0.400000 0.500000
vt 0.450000 0.550000
vt 0.500000 0.500000
vt 0.550000 0.550000
vt 0.600000 0.500000
vt 0.650000 0.550000
vt 0.700000 0.500000
vt 0.750000 0.550000
vt 0.800000 0.500000
vt 0.850000 0.550000
vt 0.900000 0.500000
vt 0.950000 0.525000
vt 0.950000 0.550000
vt 0.100000 0.600000
vt 0.150000 0.650000
vt 0.200000 0.600000
vt 0.250000 0.650000
vt 0.300000 0.600000
vt 0.350000 0.650000
vt 0.400000 0.600000
vt 0.450000 0.650000
vt 0.500000 0.600000
vt 0.550000 0.650000
vt 0.600000 0.600000
vt 0.650000 0.650000
vt 0.700000 0.600000
vt 0.750000 0.650000
vt 0.800000 0.600000
vt 0.850000 0.650000
vt 0.900000 0.600000
vt 0.950000 0.625000
vt 0.950000 0.650000
vt 0.100000 0.700000
vt 0.150000 0.750000
vt 0.200000 0.700000
vt 0.250000 0.750000
vt 0.300000 0.700000
vt 0.350000 0.750000
vt 0.400000 0.700000
vt 0.450000 0.750000
vt 0.500000 0.700000
vt 0.550000 0.750000
vt 0.600000 0.700000
vt 0.650000 0.750000
vt 0.700000 0.700000
vt 0.750000 0.750000
vt 0.800000 0.700000
vt 0.850000 0.750000
vt 0.900000 0.700000
vt 0.950000 0.725000
vt 0.950000 0.750000
vt 0.100000 0.800000
vt 0.150000 0.850000
vt 0.200000 0.800000
vt 0.250000 0.850000
vt 0.300000 0.800000
vt 0.350000 0.850000
vt 0.400000 0.800000
vt 0.450000 0.850000
vt 0.500000 0.800000
vt 0.550000 0.850000
vt 0.600000 0.800000
vt 0.650000 0.850000
vt 0.700000 0.800000
vt 0.750000 0.850000
vt 0.800000 0.800000
vt 0.850000 0.850000
vt 0.900000 0.800000
vt 0.950000 0.825000
vt 0.950000 0.850000
vt 0.050000 0.050000
vt 0.050000 0.075000
vt 0.050000 0.150000
vt 0.050000 0.175000
vt 0.050000 0.250000
vt 0.050000 0.275000
vt 0.050000 0.350000
vt 0.050000 0.375000
vt 0.050000 0.450000
vt 0.050000 0.475000
vt 0.050000 0.550000
vt 0.050000 0.575000
vt 0.050000 0.650000
vt 0.050000 0.675000
vt 0.050000 0.750000
vt 0.050000 0.775000
vt 0.050000 0.850000
vt 0.050000 0.875000
vt 0.150000 0.875000
vt 0.125053 0.874976
vt 0.250000 0.875000
vt 0.225089 0.875025
vt 0.350000 0.875000
vt 0.325041 0.875003
vt 0.450000 0.875000
vt 0.425042 0.874992
vt 0.550000 0.875000
vt 0.525042 0.874997
vt 0.650000 0.875000
vt 0.625015 0.874988
vt 0.750000 0.875000
vt 0.724923 0.875002
vt 0.850000 0.875000
vt 0.824982 0.874981
vt 0.925065 0.874976
vt 0.950000 0.875000
vt 0.050000 0.025000
vt 0.050000 0.000000
vt 0.075000 0.000000
vt 0.150000 0.000000
vt 0.175000 0.000000
vt 0.250000 0.000000
vt 0.275000 0.000000
vt 0.350000 0.000000
vt 0.375000 0.000000
vt 0.450000 0.000000
vt 0.475000 0.000000
vt 0.550000 0.000000
vt 0.575000 0.000000
vt 0.650000 0.000000
vt 0.675000 0.000000
vt 0.750000 0.000000
vt 0.775000 0.000000
vt 0.850000 0.000000
vt 0.875000 0.000000
vt 0.950000 0.075000
vt 0.950000 0.100000
vt 0.050000 0.125000
vt 0.050000 0.100000
vt 0.950000 0.175000
vt 0.950000 0.200000
vt 0.050000 0.225000
vt 0.050000 0.200000
vt 0.950000 0.275000
vt 0.950000 0.300000
vt 0.050000 0.325000
vt 0.050000 0.300000
vt 0.950000 0.375000
vt 0.950000 0.400000
vt 0.050000 0.425000
vt 0.050000 0.400000
vt 0.950000 0.475000
vt 0.950000 0.500000
vt 0.050000 0.525000
vt 0.050000 0.500000
vt 0.950000 0.575000
vt 0.950000 0.600000
vt 0.050000 0.625000
vt 0.050000 0.600000
vt 0.950000 0.675000
vt 0.950000 0.700000
vt 0.050000 0.725000
vt 0.050000 0.700000
vt 0.950000 0.775000
vt 0.950000 0.800000
vt 0.050000 0.825000
vt 0.050000 0.800000
vt 0.100000 0.875000
vt 0.074950 0.874969
vt 0.200000 0.875000
vt 0.175009 0.874986
vt 0.300000 0.875000
vt 0.275078 0.875004
vt 0.400000 0.875000
vt 0.374992 0.874988
vt 0.500000 0.875000
vt 0.474958 0.874990
vt 0.600000 0.875000
vt 0.574956 0.874993
vt 0.700000 0.875000
vt 0.674954 0.875015
vt 0.800000 0.875000
vt 0.774924 0.875029
vt 0.900000 0.875000
vt 0.874958 0.874985
vt 0.100000 0.000000
vt 0.125000 0.000000
vt 0.200000 0.000000
vt 0.225000 0.000000
vt 0.300000 0.000000
vt 0.325000 0.000000
vt 0.400000 0.000000
vt 0.425000 0.000000
vt 0.500000 0.000000
vt 0.525000 0.000000
vt 0.600000 0.000000
vt 0.625000 0.000000
vt 0.700000 0.000000
vt 0.725000 0.000000
vt 0.800000 0.000000
vt 0.825000 0.000000
vt 0.900000 0.000000
vt 0.925000 0.000000
vt 0.950000 0.000000
vt 0.950000 0.025000
vt 0.950000 0.050000
vt 0.950000 0.125000
vt 0.950000 0.150000
vt 0.950000 0.225000
vt 0.950000 0.250000
vt 0.950000 0.325000
vt 0.950000 0.350000
vt 0.950000 0.425000
vt 0.950000 0.450000
vt 0.950000 0.525000
vt 0.950000 0.550000
vt 0.950000 0.625000
vt 0.950000 0.650000
vt 0.950000 0.725000
vt 0.950000 0.750000
vt 0.950000 0.825000
vt 0.950000 0.850000
vt 0.050000 0.050000
vt 0.050000 0.075000
vt 0.050000 0.150000
vt 0.050000 0.175000
vt 0.050000 0.250000
vt 0.050000 0.275000
vt 0.050000 0.350000
vt 0.050000 0.375000
vt 0.050000 0.450000
vt 0.050000 0.475000
vt 0.050000 0.550000
vt 0.050000 0.575000
vt 0.050000 0.650000
vt 0.050000 0.675000
vt 0.050000 0.750000
vt 0.050000 0.775000
vt 0.050000 0.850000
vt 0.050000 0.875000
vt 0.150000 0.875000
vt 0.125053 0.874976
vt 0.250000 0.875000
vt 0.225089 0.875025
vt 0.350000 0.875000
vt 0.325041 0.875003
vt 0.450000 0.875000
vt 0.425042 0.874992
vt 0.550000 0.875000
vt 0.525042 0.874997
vt 0.650000 0.875000
vt 0.625015 0.874988
vt 0.750000 0.875000
vt 0.724923 0.875002
vt 0.850000 0.875000
vt 0.824982 0.874981
vt 0.925065 0.874976
vt 0.950000 0.875000
vt 0.050000 0.000000
vt 0.075000 0.000000
vt 0.100000 0.000000
vt 0.125000 0.000000
vt 0.150000 0.000000
vt 0.175000 0.000000
vt 0.200000 0.000000
vt 0.225000 0.000000
vt 0.250000 0.000000
vt 0.275000 0.000000
vt 0.300000 0.000000
vt 0.325000 0.000000
vt 0.350000 0.000000
vt 0.375000 0.000000
vt 0.400000 0.000000
vt 0.425000 0.000000
vt 0.450000 0.000000
vt 0.475000 0.000000
vt 0.500000 0.000000
vt 0.525000 0.000000
vt 0.550000 0.000000
vt 0.575000 0.000000
vt 0.600000 0.000000
vt 0.625000 0.000000
vt 0.650000 0.000000
vt 0.675000 0.000000
vt 0.700000 0.000000
vt 0.725000 0.000000
vt 0.750000 0.000000
vt 0.775000 0.000000
vt 0.800000 0.000000
vt 0.825000 0.000000
vt 0.850000 0.000000
vt 0.875000 0.000000
vt 0.900000 0.000000
vt 0.925000 0.000000
vt 0.950000 0.000000
vt 0.950000 0.025000
vt 0.950000 0.050000
vt 0.950000 0.075000
vt 0.950000 0.100000
vt 0.950000 0.125000
vt 0.950000 0.150000
vt 0.950000 0.175000
vt 0.950000 0.200000
vt 0.950000 0.225000
vt 0.950000 0.250000
vt 0.950000 0.275000
vt 0.950000 0.300000
vt 0.950000 0.325000
vt 0.950000 0.350000
vt 0.950000 0.375000
vt 0.950000 0.400000
vt 0.950000 0.425000
vt 0.950000 0.450000
vt 0.950000 0.475000
vt 0.950000 0.500000
vt 0.950000 0.525000
vt 0.950000 0.550000
vt 0.950000 0.575000
vt 0.950000 0.600000
vt 0.950000 0.625000
vt 0.950000 0.650000
vt 0.950000 0.675000
vt 0.950000 0.700000
vt 0.950000 0.725000
vt 0.950000 0.750000
vt 0.950000 0.775000
vt 0.950000 0.800000
vt 0.950000 0.825000
vt 0.950000 0.850000
vt 0.950000 0.875000
vt 0.925065 0.874976
vt 0.900000 0.875000
vt 0.874958 0.874985
vt 0.850000 0.875000
vt 0.824982 0.874981
vt 0.800000 0.875000
vt 0.774924 0.875029
vt 0.750000 0.875000
vt 0.724923 0.875002
vt 0.700000 0.875000
vt 0.674954 0.875015
vt 0.650000 0.875000
vt 0.625015 0.874988
vt 0.600000 0.875000
vt 0.574956 0.874993
vt 0.550000 0.875000
vt 0.525042 0.874997
vt 0.500000 0.875000
vt 0.474958 0.874990
vt 0.450000 0.875000
vt 0.425042 0.874992
vt 0.400000 0.875000
vt 0.374992 0.874988
vt 0.350000 0.875000
vt 0.325041 0.875003
vt 0.300000 0.875000
vt 0.275078 0.875004
vt 0.250000 0.875000
vt 0.225089 0.875025
vt 0.200000 0.875000
vt 0.175009 0.874986
vt 0.150000 0.875000
vt 0.125053 0.874976
vt 0.100000 0.875000
vt 0.074950 0.874969
vt 0.050000 0.875000
vt 0.050000 0.850000
vt 0.050000 0.825000
vt 0.050000 0.800000
vt 0.050000 0.775000
vt 0.050000 0.750000
vt 0.050000 0.725000
vt 0.050000 0.700000
vt 0.050000 0.675000
vt 0.050000 0.650000
vt 0.050000 0.625000
vt 0.050000 0.600000
vt 0.050000 0.575000
vt 0.050000 0.550000
vt 0.050000 0.525000
vt 0.050000 0.500000
vt 0.050000 0.475000
vt 0.050000 0.450000
vt 0.050000 0.425000
vt 0.050000 0.400000
vt 0.050000 0.375000
vt 0.050000 0.350000
vt 0.050000 0.325000
vt 0.050000 0.300000
vt 0.050000 0.275000
vt 0.050000 0.250000
vt 0.050000 0.225000
vt 0.050000 0.200000
vt 0.050000 0.175000
vt 0.050000 0.150000
vt 0.050000 0.125000
vt 0.050000 0.100000
vt 0.050000 0.075000
vt 0.050000 0.050000
vt 0.050000 0.025000
vn -0.710493 0.703098 -0.029208
vn -0.727299 0.686062 -0.018825
vn -0.730208 0.682447 -0.032575
vn -0.717676 0.695510 -0.034737
vn -0.325826 0.938653 -0.112999
vn -0.459300 0.881341 -0.110825
vn -0.469844 0.873386 -0.128235
vn -0.298189 0.949772 -0.094961
vn -0.040287 0.988660 -0.144666
vn -0.049516 0.990124 -0.131160
vn -0.062590 0.994597 -0.082819
vn -0.044928 0.995312 -0.085646
vn 0.126913 0.972718 -0.194198
vn 0.101533 0.978668 -0.178606
vn 0.078138 0.986709 -0.142474
vn 0.102728 0.980475 -0.167680
vn 0.048094 0.964591 -0.259328
vn 0.073616 0.966274 -0.246769
vn 0.054891 0.970906 -0.233085
vn 0.031416 0.967275 -0.251780
vn -0.008154 0.950508 -0.310592
vn -0.004080 0.955455 -0.295108
vn -0.019123 0.957323 -0.288388
vn -0.026217 0.952936 -0.302036
vn 0.097074 0.920921 -0.377467
vn 0.069464 0.926634 -0.369492
vn 0.050470 0.926041 -0.374033
vn 0.091864 0.918247 -0.385206
vn 0.300284 0.910806 -0.283307
vn 0.278722 0.904405 -0.323056
vn 0.306606 0.877081 -0.369759
vn 0.338829 0.875082 -0.345581
vn 0.357587 0.903740 -0.235344
vn 0.354264 0.904547 -0.237259
vn 0.357826 0.888980 -0.285788
vn 0.357961 0.891376 -0.278052
vn -0.668297 0.743685 0.017658
vn -0.705347 0.708133 0.032159
vn -0.710513 0.703595 0.011230
vn -0.673645 0.738985 0.010212
vn -0.176514 0.976647 -0.122493
vn -0.315424 0.945479 -0.081099
vn -0.356033 0.930097 -0.090334
vn -0.215225 0.969289 -0.118987
vn 0.068916 0.967899 -0.241707
vn 0.055108 0.972997 -0.224141
vn 0.023317 0.975906 -0.216943
vn 0.049114 0.969859 -0.238666
vn 0.125104 0.959074 -0.254021
vn 0.107177 0.957980 -0.266060
vn 0.109926 0.954000 -0.278927
vn 0.145017 0.951624 -0.270890
vn 0.075396 0.974472 -0.211472
vn 0.091270 0.971931 -0.216841
vn 0.095587 0.966075 -0.239921
vn 0.071920 0.966963 -0.244562
vn 0.051921 0.976163 -0.210735
vn 0.043988 0.976295 -0.211926
vn 0.040148 0.965783 -0.256225
vn 0.046003 0.963085 -0.265238
vn 0.065449 0.984454 -0.162991
vn 0.061669 0.980578 -0.186180
vn 0.080503 0.965075 -0.249298
vn 0.090030 0.967497 -0.236313
vn 0.115057 0.993161 -0.019805
vn 0.062881 0.997106 -0.042736
vn 0.109115 0.990704 -0.081240
vn 0.139383 0.989749 -0.031135
vn 0.458327 0.888244 -0.030973
vn 0.431158 0.902269 -0.003574
vn 0.405767 0.913723 -0.021530
vn 0.416023 0.907434 -0.059070
vn -0.613797 0.788527 0.038440
vn -0.673756 0.736326 0.062275
vn -0.681523 0.730130 0.049361
vn -0.620491 0.783153 0.040788
vn 0.024689 0.990056 -0.138492
vn -0.130488 0.986491 -0.099037
vn -0.175507 0.977957 -0.113122
vn -0.010602 0.988414 -0.151414
vn 0.096466 0.978231 -0.183735
vn 0.117265 0.974252 -0.192565
vn 0.111513 0.969941 -0.216283
vn 0.103905 0.969171 -0.223408
vn 0.047408 0.990990 -0.125267
vn 0.048401 0.988723 -0.141718
vn 0.067265 0.980660 -0.183799
vn 0.064060 0.983349 -0.170063
vn 0.028312 0.997592 -0.063319
vn 0.027891 0.996800 -0.074913
vn 0.045239 0.993050 -0.108654
vn 0.037194 0.994560 -0.097303
vn 0.012032 0.999560 -0.027124
vn 0.011353 0.999370 -0.033637
vn 0.022196 0.998119 -0.057148
vn 0.017418 0.998655 -0.048837
vn -0.030016 0.999516 0.008229
vn -0.011827 0.999930 -0.000731
vn -0.000747 0.999984 -0.005564
vn -0.025835 0.999666 -0.000300
vn 0.126719 0.991937 0.001773
vn 0.038251 0.999184 0.012953
vn 0.034219 0.999372 -0.009178
vn 0.122471 0.992469 -0.002679
vn 0.550780 0.832571 -0.058883
vn 0.499124 0.865514 -0.041956
vn 0.480262 0.876261 -0.038916
vn 0.536526 0.842399 -0.050039
vn -0.573258 0.819288 0.011915
vn -0.649840 0.759649 0.025333
vn -0.652379 0.757430 0.026476
vn -0.568482 0.822385 0.022625
vn 0.115906 0.991653 -0.056482
vn -0.029937 0.998412 -0.047716
vn -0.041630 0.995184 -0.088748
vn 0.116109 0.987400 -0.107522
vn 0.008057 0.999724 -0.022064
vn 0.051409 0.998201 -0.030863
vn 0.067159 0.996051 -0.058077
vn 0.017460 0.998970 -0.041873
vn -0.000426 0.999999 -0.001472
vn 0.001972 0.999994 -0.002801
vn 0.007511 0.999957 -0.005510
vn -0.001757 0.999994 -0.002926
vn 0.000002 1.000000 0.000011
vn 0.000320 1.000000 -0.000268
vn 0.001252 0.999999 -0.000558
vn -0.000004 1.000000 -0.000003
vn 0.000017 1.000000 -0.000001
vn 0.000001 1.000000 0.000001
vn -0.000001 1.000000 0.000015
vn 0.000009 1.000000 0.000009
vn -0.080927 0.996549 0.018443
vn -0.046729 0.998856 0.010121
vn -0.038982 0.999161 0.012541
vn -0.071291 0.997249 0.020283
vn 0.198583 0.980083 -0.001803
vn 0.082970 0.996416 0.016450
vn 0.073275 0.997309 -0.002337
vn 0.189180 0.981914 -0.007466
vn 0.626595 0.772187 -0.105391
vn 0.578824 0.811245 -0.082731
vn 0.555678 0.826589 -0.089289
vn 0.611262 0.784054 -0.107788
vn -0.591980 0.804809 -0.042914
vn -0.659298 0.750125 -0.051372
vn -0.653074 0.755937 -0.045312
vn -0.572794 0.819227 -0.027832
vn 0.065154 0.997683 0.019589
vn -0.081206 0.996677 0.006411
vn -0.066009 0.997634 -0.019236
vn 0.085115 0.996332 -0.008811
vn 0.022700 0.999642 0.014190
vn 0.057713 0.998025 0.024790
vn 0.050759 0.998593 0.015347
vn 0.010304 0.999908 0.008823
vn -0.000022 1.000000 -0.000006
vn 0.000249 1.000000 0.000219
vn -0.000013 1.000000 -0.000020
vn -0.000008 1.000000 -0.000011
vn 0.000002 1.000000 0.000000
vn 0.000001 1.000000 -0.000001
vn 0.000000 1.000000 -0.000003
vn 0.000005 1.000000 -0.000002
vn -0.000992 0.999998 0.001646
vn -0.000484 1.000000 0.000425
vn 0.000004 1.000000 0.000004
vn -0.000022 1.000000 0.000006
vn -0.114548 0.992941 0.030780
vn -0.085965 0.995974 0.025429
vn -0.075005 0.996688 0.031418
vn -0.110014 0.993109 0.040387
vn 0.276406 0.961040 0.001214
vn 0.134622 0.990727 0.018349
vn 0.121912 0.992541 0.000007
vn 0.266840 0.963713 -0.007408
vn 0.699629 0.708388 -0.093301
vn 0.666520 0.741688 -0.075163
vn 0.643521 0.759311 -0.096574
vn 0.686265 0.718055 -0.115922
vn -0.648698 0.759337 -0.050974
vn -0.687812 0.722956 -0.065193
vn -0.679003 0.729707 -0.080508
vn -0.625245 0.778676 -0.052268
vn -0.030532 0.999417 0.015317
vn -0.184260 0.982875 0.002109
vn -0.163484 0.986539 -0.003799
vn -0.000931 0.999686 0.025020
vn 0.100792 0.994289 0.035073
vn 0.109341 0.993174 0.040619
vn 0.100792 0.993564 0.051689
vn 0.082556 0.995994 0.034371
vn 0.000126 0.999999 0.001209
vn 0.010725 0.999933 0.004254
vn 0.005615 0.999983 0.001602
vn 0.000018 1.000000 0.000015
vn -0.000577 0.999999 -0.000997
vn 0.000161 0.999999 -0.001362
vn 0.000000 1.000000 -0.000023
vn 0.000000 1.000000 -0.000023
vn -0.012127 0.999903 0.006824
vn -0.006088 0.999980 0.001639
vn -0.003958 0.999992 0.000037
vn -0.007925 0.999969 0.000115
vn -0.117851 0.993001 0.007789
vn -0.108382 0.994013 0.013833
vn -0.105828 0.994182 0.020056
vn -0.120363 0.992398 0.025664
vn 0.334211 0.942467 -0.007642
vn 0.179124 0.983816 -0.004516
vn 0.170530 0.985269 -0.012844
vn 0.333691 0.942626 -0.010317
vn 0.733259 0.679383 -0.027754
vn 0.721633 0.691697 -0.028284
vn 0.711528 0.700446 -0.055715
vn 0.733392 0.676732 -0.064574
vn -0.668086 0.743414 0.031562
vn -0.668377 0.741531 0.058341
vn -0.684988 0.728536 0.005203
vn -0.671326 0.741051 0.012851
vn -0.044253 0.998701 -0.025258
vn -0.198042 0.980042 -0.017221
vn -0.206822 0.978062 -0.024896
vn -0.038714 0.999052 -0.019912
vn 0.081059 0.996705 0.002806
vn 0.072176 0.997375 -0.005822
vn 0.081939 0.996624 0.005258
vn 0.091425 0.995714 0.013935
vn 0.024625 0.999637 0.010909
vn 0.039032 0.999096 0.016863
vn 0.036269 0.998951 0.027957
vn 0.014387 0.999651 0.022181
vn 0.000643 1.000000 -0.000675
vn 0.003708 0.999991 0.002306
vn 0.002405 0.999907 0.013420
vn -0.002819 0.999921 0.012225
vn -0.030392 0.999538 0.001007
vn -0.022891 0.999727 0.004620
vn -0.022998 0.999593 0.016908
vn -0.037994 0.999181 0.013909
vn -0.055621 0.997665 -0.039639
vn -0.058816 0.997934 -0.025865
vn -0.070546 0.997439 -0.011770
vn -0.069689 0.997344 -0.021183
vn 0.310769 0.950217 -0.022593
vn 0.174420 0.983690 -0.043962
vn 0.181906 0.981794 -0.054688
vn 0.337023 0.941157 -0.025261
vn 0.657422 0.741273 0.135319
vn 0.675821 0.731516 0.090278
vn 0.703085 0.709897 0.041447
vn 0.695686 0.715662 0.062042
vn -0.442469 0.896719 0.010847
vn -0.439943 0.891541 0.107723
vn -0.481375 0.845077 0.232642
vn -0.500780 0.852250 0.151296
vn 0.023322 0.972789 -0.230516
vn -0.078386 0.974701 -0.209317
vn -0.116383 0.990489 -0.073397
vn 0.011682 0.995293 -0.096208
vn 0.036397 0.969449 -0.242576
vn 0.041177 0.968974 -0.243708
vn 0.042823 0.990982 -0.126969
vn 0.047256 0.991678 -0.119759
vn 0.032499 0.969680 -0.242209
vn 0.052664 0.969472 -0.239479
vn 0.049747 0.989484 -0.135819
vn 0.037012 0.990255 -0.134258
vn -0.012483 0.968277 -0.249568
vn 0.012662 0.968587 -0.248354
vn 0.011036 0.987875 -0.154856
vn -0.003416 0.988956 -0.148171
vn -0.041191 0.968003 -0.247536
vn -0.026858 0.968755 -0.246561
vn -0.025804 0.988820 -0.146866
vn -0.032500 0.990037 -0.137004
vn -0.027064 0.966097 -0.256758
vn -0.020427 0.966982 -0.254026
vn -0.023107 0.989318 -0.143933
vn -0.021841 0.990034 -0.139125
vn 0.139523 0.974013 -0.178417
vn 0.062062 0.972135 -0.226058
vn 0.099155 0.989777 -0.102522
vn 0.201307 0.978891 -0.035318
vn 0.408655 0.899453 0.154874
vn 0.419599 0.903797 0.084185
vn 0.466293 0.857237 0.218440
vn 0.441411 0.850997 0.284537
vn -0.133421 0.914426 -0.382131
vn -0.171301 0.916485 -0.361541
vn -0.213965 0.931803 -0.293191
vn -0.164269 0.928168 -0.333945
vn 0.153831 0.856517 -0.492662
vn 0.096882 0.879887 -0.465201
vn 0.047742 0.889444 -0.454544
vn 0.107416 0.867428 -0.485830
vn 0.020462 0.794933 -0.606351
vn 0.050110 0.802022 -0.595189
vn 0.035409 0.822713 -0.567353
vn 0.031590 0.825004 -0.564243
vn 0.018683 0.787565 -0.615949
vn 0.030059 0.786922 -0.616321
vn 0.034870 0.824872 -0.564243
vn 0.036419 0.831532 -0.554281
vn -0.009396 0.787417 -0.616349
vn 0.012423 0.786405 -0.617586
vn 0.013000 0.828636 -0.559638
vn 0.004144 0.833378 -0.552688
vn -0.017246 0.790492 -0.612229
vn -0.009724 0.787912 -0.615711
vn -0.012517 0.825434 -0.564360
vn -0.006886 0.828033 -0.560637
vn -0.058396 0.820754 -0.568289
vn -0.029268 0.804225 -0.593603
vn -0.014852 0.822606 -0.568418
vn -0.017060 0.831997 -0.554518
vn -0.062587 0.901487 -0.428256
vn -0.106752 0.880370 -0.462118
vn -0.056415 0.887127 -0.458065
vn -0.006622 0.911645 -0.410925
vn 0.183545 0.921116 -0.343302
vn 0.150201 0.921372 -0.358488
vn 0.191534 0.936961 -0.292264
vn 0.238302 0.942868 -0.232837
vn -0.904801 0.424646 -0.031802
vn -0.874265 0.458760 0.158747
vn -0.719880 0.665329 0.197764
vn -0.742113 0.669529 -0.031615
vn -0.742899 0.669153 -0.018309
vn -0.721139 0.692787 -0.001853
vn -0.746692 0.665168 -0.001270
vn -0.677050 0.734258 -0.049677
vn -0.655915 0.727096 0.202746
vn -0.632377 0.755170 0.172678
vn -0.628466 0.771581 -0.098453
vn -0.585453 0.806244 -0.084943
vn -0.434356 0.896151 -0.090817
vn -0.557319 0.827706 -0.065558
vn -0.629196 0.775982 -0.044324
vn -0.608595 0.793151 -0.022878
vn -0.677832 0.735187 -0.006688
vn -0.693757 0.719899 -0.021141
vn -0.190522 0.980012 -0.057247
vn -0.167001 0.942856 0.288330
vn -0.084626 0.950872 0.297794
vn -0.081055 0.994764 -0.062248
vn -0.059067 0.991245 -0.118087
vn -0.033308 0.983092 -0.180056
vn -0.053153 0.983361 -0.173712
vn -0.176047 0.969784 -0.168900
vn -0.145716 0.976650 -0.157865
vn -0.250523 0.959928 -0.125608
vn -0.300232 0.944776 -0.131376
vn 0.004627 0.995958 -0.089704
vn 0.003568 0.955976 0.293425
vn 0.040406 0.958359 0.282694
vn 0.053982 0.992248 -0.111942
vn 0.076804 0.982989 -0.166836
vn 0.109422 0.970635 -0.214230
vn 0.073666 0.972378 -0.221482
vn 0.031679 0.973855 -0.224949
vn 0.045424 0.969687 -0.240091
vn 0.023656 0.974873 -0.221501
vn -0.012889 0.978768 -0.204565
vn 0.090458 0.977282 -0.191668
vn 0.080390 0.967664 0.239091
vn 0.071214 0.972185 0.223124
vn 0.077989 0.973945 -0.212954
vn 0.098919 0.967883 -0.231124
vn 0.086131 0.961676 -0.260308
vn 0.115661 0.961556 -0.249064
vn 0.130836 0.963059 -0.235370
vn 0.139295 0.959248 -0.245846
vn 0.153856 0.957120 -0.245457
vn 0.145781 0.964455 -0.220398
vn 0.009548 0.963606 -0.267156
vn 0.015551 0.981512 0.190768
vn -0.001583 0.983593 0.180394
vn -0.012581 0.960464 -0.278119
vn -0.000370 0.959377 -0.282129
vn 0.013236 0.953271 -0.301826
vn 0.015455 0.958061 -0.286146
vn 0.035952 0.961220 -0.273429
vn 0.046153 0.963814 -0.262551
vn 0.062564 0.964753 -0.255611
vn 0.056348 0.962146 -0.266648
vn -0.008381 0.946963 -0.321233
vn 0.004919 0.988606 0.150444
vn 0.019670 0.991746 0.126699
vn 0.010067 0.937035 -0.349091
vn 0.042325 0.935444 -0.350933
vn 0.082540 0.927573 -0.364411
vn 0.065143 0.933788 -0.351849
vn 0.037780 0.941215 -0.335688
vn 0.053454 0.951297 -0.303607
vn 0.030397 0.955868 -0.292221
vn 0.010755 0.947717 -0.318932
vn 0.182732 0.903362 -0.388003
vn 0.179064 0.981870 0.062188
vn 0.268778 0.961316 0.060252
vn 0.274611 0.882325 -0.382219
vn 0.257562 0.899440 -0.353085
vn 0.235481 0.931574 -0.276980
vn 0.220881 0.919199 -0.326013
vn 0.159048 0.919103 -0.360489
vn 0.126199 0.949910 -0.285910
vn 0.099303 0.947647 -0.303488
vn 0.100533 0.923701 -0.369688
vn 0.348741 0.881089 -0.319473
vn 0.343755 0.934235 0.095064
vn 0.357329 0.928515 0.100878
vn 0.356904 0.884772 -0.299663
vn 0.350566 0.905755 -0.238142
vn 0.359536 0.913940 -0.188277
vn 0.359510 0.916438 -0.175767
vn 0.306396 0.934613 -0.180610
vn 0.287493 0.953751 -0.087791
vn 0.191071 0.973644 -0.124539
vn 0.249406 0.942731 -0.221484
vn 0.713897 0.685116 -0.144802
vn 0.713304 0.695938 -0.082873
vn 0.377474 0.917459 -0.125626
vn 0.359878 0.912859 -0.192809
vn -0.892983 0.448866 0.033172
vn -0.899308 0.437090 0.014020
vn -0.748990 0.662537 0.007675
vn -0.744853 0.666975 0.018401
vn -0.740238 0.671288 0.037680
vn -0.696117 0.716016 0.052358
vn -0.742111 0.667819 0.057356
vn -0.586088 0.810247 -0.000755
vn -0.530722 0.845814 -0.054150
vn -0.487812 0.871831 -0.044166
vn -0.445199 0.894413 -0.042709
vn -0.271109 0.959723 -0.073705
vn -0.418253 0.907418 -0.040715
vn -0.539603 0.841835 -0.011941
vn -0.513873 0.857857 0.003942
vn -0.626672 0.778609 0.032413
vn -0.647872 0.761394 0.023259
vn -0.110050 0.983025 -0.146804
vn -0.042277 0.983443 -0.176218
vn -0.004249 0.983705 -0.179741
vn 0.039751 0.979769 -0.196143
vn 0.077986 0.969721 -0.231427
vn 0.069877 0.974527 -0.213105
vn -0.021001 0.982244 -0.186428
vn 0.022665 0.982899 -0.182746
vn -0.050901 0.988777 -0.140464
vn -0.113934 0.985052 -0.129199
vn 0.062561 0.964829 -0.255326
vn 0.065648 0.966952 -0.246362
vn 0.075158 0.959530 -0.271392
vn 0.090218 0.960150 -0.264523
vn 0.098465 0.962444 -0.252993
vn 0.096131 0.961445 -0.257648
vn 0.090908 0.962929 -0.253975
vn 0.093794 0.966998 -0.236892
vn 0.097422 0.967313 -0.234125
vn 0.085180 0.965818 -0.244826
vn 0.132259 0.957408 -0.256666
vn 0.124291 0.961013 -0.246995
vn 0.119078 0.962143 -0.245154
vn 0.106997 0.968412 -0.225235
vn 0.079929 0.977755 -0.193923
vn 0.096021 0.973963 -0.205367
vn 0.099166 0.970935 -0.217834
vn 0.079595 0.979242 -0.186411
vn 0.079793 0.975794 -0.203615
vn 0.102170 0.966155 -0.236866
vn 0.053142 0.966365 -0.251623
vn 0.029616 0.962402 -0.270010
vn 0.034238 0.966692 -0.253643
vn 0.036143 0.976949 -0.210391
vn 0.041603 0.985041 -0.167224
vn 0.041554 0.985089 -0.166953
vn 0.052784 0.984571 -0.166835
vn 0.044210 0.990845 -0.127559
vn 0.047244 0.989321 -0.137888
vn 0.063778 0.981885 -0.178421
vn 0.058501 0.960824 -0.270916
vn 0.076876 0.948325 -0.307847
vn 0.071304 0.962057 -0.263368
vn 0.058861 0.978093 -0.199674
vn 0.037500 0.991766 -0.122446
vn 0.052669 0.989373 -0.135523
vn 0.047415 0.988763 -0.141772
vn 0.035128 0.995238 -0.090923
vn 0.026411 0.994400 -0.102332
vn 0.041863 0.986934 -0.155591
vn 0.082885 0.974449 -0.208756
vn 0.156919 0.958654 -0.237399
vn 0.077161 0.986136 -0.146911
vn 0.007850 0.996535 -0.082806
vn 0.040079 0.999192 -0.003012
vn -0.036833 0.999142 -0.018954
vn -0.007660 0.998741 -0.049578
vn -0.033788 0.999072 -0.026696
vn -0.013271 0.998904 -0.044896
vn 0.022656 0.995780 -0.088931
vn 0.270820 0.962630 0.000420
vn 0.378292 0.921825 -0.084466
vn 0.395714 0.918367 0.003587
vn 0.404956 0.914318 0.005807
vn 0.448138 0.893877 0.012503
vn 0.400750 0.916157 0.007438
vn 0.262383 0.964946 -0.005867
vn 0.266709 0.963776 -0.001459
vn 0.124274 0.992239 -0.004175
vn 0.115511 0.993286 -0.006412
vn 0.754123 0.656702 0.006490
vn 0.769684 0.638234 -0.015617
vn 0.521939 0.852583 -0.026124
vn 0.495713 0.868467 -0.005707
vn -0.878081 0.469189 0.094000
vn -0.884882 0.458562 0.081888
vn -0.743672 0.665553 0.063180
vn -0.736622 0.673080 0.065963
vn -0.728843 0.680494 0.075603
vn -0.662677 0.745518 0.071146
vn -0.730588 0.677814 0.082518
vn -0.484693 0.874524 0.016741
vn -0.387608 0.920887 -0.041551
vn -0.333376 0.941607 -0.047295
vn -0.279543 0.958771 -0.051123
vn -0.094434 0.991895 -0.085010
vn -0.252014 0.966215 -0.054018
vn -0.431134 0.902116 -0.017611
vn -0.408848 0.912589 -0.005021
vn -0.567761 0.822733 0.027524
vn -0.589904 0.806866 0.031332
vn 0.054886 0.982368 -0.178722
vn 0.094400 0.973925 -0.206296
vn 0.118904 0.972678 -0.199397
vn 0.138387 0.972444 -0.187620
vn 0.107688 0.979752 -0.168791
vn 0.146931 0.973393 -0.175835
vn 0.107583 0.980673 -0.163421
vn 0.122114 0.983550 -0.133107
vn 0.103409 0.987693 -0.117343
vn 0.067967 0.989645 -0.126427
vn 0.087190 0.971627 -0.219861
vn 0.090251 0.968894 -0.230431
vn 0.071218 0.976514 -0.203341
vn 0.049894 0.986528 -0.155801
vn 0.031343 0.994551 -0.099432
vn 0.039588 0.993343 -0.108177
vn 0.054234 0.991386 -0.119216
vn 0.034392 0.996618 -0.074633
vn 0.036965 0.995023 -0.092535
vn 0.069073 0.987167 -0.143984
vn 0.058432 0.986202 -0.154894
vn 0.079442 0.982543 -0.168221
vn 0.053007 0.989943 -0.131162
vn 0.027300 0.995527 -0.090451
vn 0.013956 0.999061 -0.041010
vn 0.012982 0.998693 -0.049445
vn 0.018342 0.997996 -0.060563
vn 0.005402 0.999469 -0.032124
vn 0.004040 0.999123 -0.041681
vn 0.023578 0.996492 -0.080298
vn 0.031988 0.995584 -0.088261
vn 0.041063 0.991952 -0.119775
vn 0.026860 0.997003 -0.072548
vn 0.010594 0.999021 -0.042951
vn 0.004441 0.999940 -0.010029
vn 0.002871 0.999908 -0.013266
vn 0.008911 0.999789 -0.018533
vn 0.002311 0.999954 -0.009289
vn 0.003855 0.999885 -0.014661
vn 0.014927 0.999460 -0.029259
vn 0.020600 0.998994 -0.039830
vn 0.043975 0.995898 -0.079074
vn 0.023944 0.999462 -0.022432
vn 0.006195 0.999917 -0.011273
vn -0.021953 0.999750 0.004216
vn -0.000136 1.000000 0.000050
vn 0.002934 0.999995 -0.001309
vn -0.000176 1.000000 0.000088
vn 0.001525 0.999995 -0.002682
vn 0.005991 0.999968 -0.005364
vn -0.040519 0.999175 -0.002685
vn -0.053841 0.998446 -0.014405
vn -0.055158 0.998442 -0.008449
vn -0.051325 0.998561 0.015521
vn 0.050085 0.998152 0.034408
vn -0.054308 0.997764 0.038966
vn -0.049055 0.998345 0.030010
vn -0.057406 0.998013 0.025984
vn -0.059859 0.998038 0.018337
vn -0.043844 0.998902 0.016499
vn 0.276040 0.961146 0.001141
vn 0.400280 0.916390 -0.002238
vn 0.420058 0.907380 -0.014618
vn 0.443525 0.895935 -0.024217
vn 0.516808 0.854886 -0.045595
vn 0.454593 0.890040 -0.034258
vn 0.309498 0.950626 -0.022824
vn 0.329401 0.943935 -0.021961
vn 0.180564 0.983562 -0.001348
vn 0.153291 0.988165 0.005564
vn 0.804749 0.588581 -0.077147
vn 0.818347 0.566207 -0.098578
vn 0.597561 0.796753 -0.090035
vn 0.574799 0.815416 -0.068583
vn -0.874409 0.478563 0.079916
vn -0.878118 0.469573 0.091710
vn -0.733563 0.676294 0.067173
vn -0.726187 0.685902 0.046813
vn -0.718234 0.694808 0.037162
vn -0.647003 0.762209 0.020610
vn -0.722999 0.690409 0.024658
vn -0.391540 0.920145 0.005419
vn -0.229735 0.972095 -0.047474
vn -0.194159 0.980023 -0.043099
vn -0.170643 0.984741 -0.034148
vn -0.037002 0.999296 -0.006143
vn -0.183739 0.982667 -0.024616
vn -0.385022 0.922478 -0.028142
vn -0.391881 0.919791 -0.020351
vn -0.556867 0.830473 -0.014592
vn -0.563317 0.826237 -0.002542
vn 0.117280 0.987882 -0.101657
vn 0.140849 0.981481 -0.129834
vn 0.118041 0.989558 -0.082715
vn 0.095986 0.994477 -0.042458
vn 0.046120 0.998929 -0.003810
vn 0.090300 0.995912 -0.002530
vn 0.101697 0.994814 -0.001715
vn 0.098016 0.995175 0.004352
vn 0.103374 0.994620 -0.006738
vn 0.112595 0.993629 -0.004840
vn 0.017128 0.999383 -0.030653
vn 0.031604 0.997560 -0.062247
vn 0.016770 0.999722 -0.016589
vn 0.004365 0.999956 -0.008348
vn -0.000001 1.000000 0.000016
vn -0.000018 1.000000 0.000007
vn 0.001355 0.999999 -0.000602
vn 0.001637 0.999998 0.000840
vn 0.003237 0.999990 0.003236
vn 0.002687 0.999994 -0.002352
vn 0.000416 0.999994 -0.003573
vn 0.006614 0.999643 -0.025892
vn 0.002520 0.999994 -0.002253
vn 0.000639 0.999999 -0.001113
vn 0.000000 1.000000 0.000024
vn -0.000005 1.000000 0.000021
vn 0.000000 1.000000 0.000020
vn -0.000000 1.000000 0.000010
vn 0.000005 1.000000 0.000006
vn 0.000007 1.000000 0.000021
vn -0.000003 1.000000 -0.000002
vn 0.000754 0.999978 -0.006643
vn -0.000011 1.000000 0.000009
vn -0.000015 1.000000 0.000005
vn 0.000006 1.000000 -0.000014
vn -0.000001 1.000000 -0.000001
vn 0.000001 1.000000 0.000014
vn 0.000011 1.000000 0.000007
vn 0.000008 1.000000 0.000011
vn 0.000005 1.000000 0.000023
vn -0.003506 0.999993 0.001491
vn -0.001862 0.999994 0.002949
vn -0.007029 0.999958 0.005825
vn -0.012964 0.999907 0.004253
vn -0.054101 0.998506 0.007633
vn -0.017028 0.999852 0.002683
vn -0.008472 0.999964 0.000706
vn -0.012149 0.999923 0.002552
vn -0.000012 1.000000 0.000006
vn 0.000009 1.000000 -0.000009
vn -0.057535 0.998103 0.021932
vn -0.054779 0.998183 0.025087
vn -0.043800 0.998981 0.010853
vn -0.033961 0.999126 0.024374
vn 0.095326 0.994827 0.035096
vn -0.039285 0.998518 0.037671
vn -0.065739 0.997496 0.026075
vn -0.072368 0.996856 0.032258
vn -0.102186 0.994354 0.028588
vn -0.091738 0.995647 0.016478
vn 0.348644 0.937053 -0.019488
vn 0.467745 0.882751 -0.044328
vn 0.496828 0.866278 -0.052199
vn 0.527728 0.847688 -0.054103
vn 0.600313 0.796351 -0.073820
vn 0.546154 0.835946 -0.053942
vn 0.393670 0.918668 -0.032752
vn 0.418044 0.908032 -0.026766
vn 0.257006 0.966407 -0.002552
vn 0.228079 0.973636 0.003666
vn 0.845884 0.520647 -0.115786
vn 0.857541 0.500694 -0.118020
vn 0.672832 0.731672 -0.109332
vn 0.650730 0.752599 -0.100728
vn -0.880727 0.473344 -0.016317
vn -0.882320 0.470480 0.012624
vn -0.729285 0.684191 -0.005120
vn -0.725350 0.687327 -0.038057
vn -0.720609 0.691447 -0.051230
vn -0.663682 0.746210 -0.051927
vn -0.725649 0.685634 -0.057786
vn -0.402438 0.915339 -0.014090
vn -0.206421 0.978245 -0.020664
vn -0.212705 0.976957 -0.017673
vn -0.224525 0.974353 -0.014986
vn -0.106784 0.993769 0.031941
vn -0.263601 0.964569 -0.010996
vn -0.438048 0.897606 -0.049168
vn -0.460187 0.886992 -0.038396
vn -0.602631 0.796226 -0.053486
vn -0.596559 0.800777 -0.053608
vn 0.088386 0.996036 0.010027
vn 0.092160 0.995718 0.007254
vn 0.091470 0.995672 0.016471
vn 0.093030 0.995168 0.031390
vn 0.070010 0.996964 0.034087
vn 0.101180 0.993800 0.046093
vn 0.076733 0.995713 0.051646
vn 0.072910 0.995854 0.054389
vn 0.034011 0.998776 0.035903
vn 0.051918 0.997552 0.046855
vn 0.005183 0.999984 0.002283
vn -0.000021 1.000000 0.000001
vn -0.000012 1.000000 -0.000013
vn 0.000530 0.999999 0.000903
vn 0.001036 0.999999 0.000460
vn 0.002100 0.999996 0.001804
vn 0.020608 0.999761 0.007302
vn 0.032295 0.999408 0.011895
vn 0.059050 0.997890 0.026977
vn 0.039013 0.999048 0.019523
vn -0.000005 1.000000 -0.000000
vn -0.000007 1.000000 0.000012
vn -0.000004 1.000000 0.000000
vn 0.000001 1.000000 0.000000
vn 0.000001 1.000000 0.000001
vn 0.000002 1.000000 0.000001
vn -0.000013 1.000000 0.000001
vn -0.000009 1.000000 -0.000008
vn -0.000016 1.000000 0.000006
vn -0.000027 1.000000 -0.000000
vn 0.000014 1.000000 0.000001
vn 0.000016 1.000000 0.000000
vn 0.000022 1.000000 0.000001
vn 0.000024 1.000000 0.000001
vn -0.001934 0.999998 0.000843
vn 0.000024 1.000000 0.000000
vn 0.000013 1.000000 0.000001
vn 0.000011 1.000000 -0.000010
vn 0.000001 1.000000 -0.000012
vn 0.000001 1.000000 0.000001
vn -0.020058 0.999789 0.004362
vn -0.024458 0.999653 0.009823
vn -0.040451 0.999038 0.016915
vn -0.057626 0.998218 0.015519
vn -0.092343 0.995536 0.019515
vn -0.069172 0.997505 0.014122
vn -0.036187 0.999315 0.007764
vn -0.042492 0.999082 0.005370
vn -0.006865 0.999975 0.001708
vn -0.003913 0.999987 0.003288
vn -0.068043 0.996950 0.038231
vn -0.042018 0.998710 0.028508
vn -0.025510 0.999489 0.019272
vn -0.008975 0.999596 0.026959
vn 0.147022 0.988451 0.036730
vn -0.012906 0.999314 0.034708
vn -0.064843 0.997602 0.024198
vn -0.067085 0.997444 0.024613
vn -0.116980 0.992843 0.024059
vn -0.115800 0.993046 0.021224
vn 0.440763 0.897411 -0.019504
vn 0.565608 0.822863 -0.054629
vn 0.598615 0.799191 -0.054356
vn 0.631284 0.774180 -0.046105
vn 0.683640 0.727905 -0.052831
vn 0.649557 0.759417 -0.036915
vn 0.486588 0.873378 -0.021053
vn 0.506811 0.861954 -0.013343
vn 0.329502 0.944155 0.000692
vn 0.304261 0.952540 0.009610
vn 0.880436 0.468121 -0.075466
vn 0.887396 0.456398 -0.065026
vn 0.728221 0.682096 -0.066622
vn 0.715795 0.694773 -0.070203
vn -0.883645 0.462654 -0.071574
vn -0.884316 0.462555 -0.063472
vn -0.731495 0.678134 -0.071061
vn -0.730091 0.678297 -0.082952
vn -0.725379 0.685457 -0.063031
vn -0.689250 0.722826 -0.049569
vn -0.719346 0.693338 -0.042706
vn -0.480459 0.876605 -0.026869
vn -0.304098 0.952539 -0.013956
vn -0.322125 0.946562 -0.015964
vn -0.335891 0.941766 -0.015955
vn -0.199652 0.979833 0.008128
vn -0.363152 0.931589 -0.016219
vn -0.517747 0.854434 -0.043363
vn -0.528853 0.848602 -0.013729
vn -0.663050 0.748346 -0.018504
vn -0.658076 0.751296 -0.049905
vn 0.059187 0.996634 0.056727
vn 0.111261 0.992324 0.053978
vn 0.118851 0.991006 0.061496
vn 0.117577 0.992369 0.037148
vn 0.103887 0.994142 0.029830
vn 0.101717 0.994727 0.013116
vn 0.034339 0.999409 0.001434
vn 0.027209 0.999627 -0.002502
vn -0.028896 0.999558 -0.006973
vn -0.032950 0.999439 0.005985
vn 0.046904 0.998765 0.016359
vn 0.005432 0.999978 0.003947
vn 0.011158 0.999920 0.006040
vn 0.021378 0.999690 0.012793
vn 0.019984 0.999791 0.004397
vn 0.038677 0.999077 0.018709
vn 0.072256 0.996867 0.032180
vn 0.077477 0.996555 0.029593
vn 0.101335 0.994503 0.026368
vn 0.105927 0.993727 0.035862
vn 0.000007 1.000000 -0.000015
vn 0.000000 1.000000 -0.000013
vn 0.000000 1.000000 -0.000023
vn 0.000831 1.000000 -0.000493
vn 0.000715 0.999955 -0.009409
vn 0.003457 0.999967 -0.007405
vn 0.002613 0.999987 -0.004350
vn 0.006587 0.999962 0.005630
vn 0.005895 0.999926 0.010658
vn 0.001259 0.999997 -0.001999
vn 0.000007 1.000000 -0.000019
vn 0.000021 1.000000 -0.000005
vn 0.000011 1.000000 -0.000009
vn 0.000105 1.000000 -0.000089
vn -0.012781 0.999916 -0.002210
vn 0.000193 0.999979 -0.006464
vn -0.001193 0.999974 -0.007112
vn -0.002677 0.999995 0.002001
vn -0.003595 0.999993 0.001190
vn -0.002266 0.999959 -0.008745
vn -0.048904 0.998799 0.002896
vn -0.078932 0.996800 0.012665
vn -0.090819 0.995806 0.011111
vn -0.098043 0.995068 0.015099
vn -0.098194 0.995150 0.005885
vn -0.093624 0.995460 0.017156
vn -0.059791 0.998020 0.019518
vn -0.061482 0.997995 0.015038
vn -0.037919 0.999198 0.012880
vn -0.025332 0.999633 0.009615
vn -0.059536 0.997965 0.022823
vn -0.015898 0.999675 0.019930
vn 0.002490 0.999994 0.002373
vn 0.020330 0.999789 -0.003107
vn 0.183706 0.982970 0.004650
vn 0.014196 0.999868 -0.007860
vn -0.044108 0.998854 -0.018610
vn -0.037949 0.998948 -0.025732
vn -0.083766 0.996366 -0.015442
vn -0.102957 0.994626 -0.010917
vn 0.522157 0.852818 -0.007359
vn 0.665277 0.745983 -0.030273
vn 0.688962 0.724362 -0.025126
vn 0.709269 0.704774 -0.015198
vn 0.721310 0.692612 -0.000690
vn 0.715177 0.698922 -0.005524
vn 0.544528 0.838662 -0.011598
vn 0.546143 0.837692 0.000174
vn 0.355834 0.934433 -0.014718
vn 0.348461 0.937314 -0.004160
vn 0.893040 0.449301 0.024672
vn 0.890081 0.452825 0.052020
vn 0.714167 0.699061 0.035774
vn 0.726877 0.686708 0.009060
vn -0.879189 0.475977 0.021744
vn -0.880871 0.473288 -0.008091
vn -0.710622 0.703435 -0.013982
vn -0.698363 0.715583 0.015166
vn -0.668456 0.737624 0.095280
vn -0.627576 0.770743 0.110019
vn -0.612564 0.770673 0.175579
vn -0.528069 0.849059 0.015566
vn -0.382091 0.924065 -0.010510
vn -0.370974 0.928630 -0.004955
vn -0.350494 0.936561 -0.002650
vn -0.184732 0.982739 -0.009869
vn -0.341315 0.939949 0.000276
vn -0.495700 0.868398 0.012867
vn -0.452475 0.890550 0.046776
vn -0.584576 0.805300 0.098810
vn -0.640301 0.766639 0.047743
vn 0.017633 0.999824 -0.006342
vn 0.082960 0.996532 0.006426
vn 0.073941 0.997263 -0.000344
vn 0.064291 0.997772 -0.017825
vn 0.058222 0.998125 -0.018869
vn 0.043340 0.998358 -0.037461
vn 0.006976 0.998829 -0.047870
vn 0.011214 0.996951 -0.077215
vn -0.002848 0.997971 -0.063599
vn -0.026081 0.999182 -0.030914
vn 0.074214 0.996986 0.022618
vn 0.053838 0.998226 0.025406
vn 0.056345 0.998028 0.027665
vn 0.051519 0.998550 0.015604
vn 0.041542 0.999106 0.007844
vn 0.044360 0.999001 0.005423
vn 0.059566 0.998223 -0.001459
vn 0.054794 0.996758 -0.058913
vn 0.062796 0.995898 -0.065149
vn 0.072395 0.997340 -0.008504
vn 0.011414 0.999810 0.015818
vn 0.006314 0.999976 0.002731
vn 0.007206 0.999880 0.013713
vn 0.006351 0.999977 0.002450
vn 0.006104 0.999961 -0.006342
vn 0.004015 0.999972 -0.006361
vn 0.021256 0.999759 -0.005457
vn 0.025961 0.997151 -0.070824
vn 0.042876 0.996770 -0.067906
vn 0.036714 0.999324 0.001819
vn -0.004279 0.999918 0.012073
vn -0.001271 0.999992 0.003873
vn -0.005176 0.999877 0.014837
vn -0.011227 0.999936 0.001391
vn -0.022872 0.999722 -0.005696
vn -0.020150 0.999750 -0.009737
vn -0.006656 0.999877 -0.014220
vn -0.007904 0.996877 -0.078577
vn 0.009490 0.996630 -0.081482
vn 0.007746 0.999909 -0.011016
vn -0.055849 0.998417 0.006655
vn -0.083013 0.996504 0.009390
vn -0.071833 0.997414 -0.002521
vn -0.061272 0.997996 -0.015792
vn -0.042642 0.998379 -0.037686
vn -0.051501 0.998331 -0.026133
vn -0.036616 0.999165 -0.018100
vn -0.030372 0.996705 -0.075207
vn -0.018571 0.996971 -0.075525
vn -0.020871 0.999734 -0.009789
vn -0.023366 0.999213 -0.032060
vn 0.007061 0.999510 -0.030479
vn 0.020800 0.998459 -0.051451
vn 0.033438 0.998070 -0.052335
vn 0.162368 0.986195 -0.032489
vn 0.020456 0.998347 -0.053704
vn -0.005590 0.997675 -0.067922
vn -0.008109 0.994909 -0.100454
vn -0.016708 0.994867 -0.099799
vn -0.032824 0.997818 -0.057280
vn 0.535478 0.844474 0.011254
vn 0.713053 0.700987 0.013152
vn 0.709383 0.704147 0.030875
vn 0.692797 0.719629 0.046554
vn 0.624693 0.768989 0.135700
vn 0.652639 0.755371 0.058971
vn 0.483934 0.875078 0.006824
vn 0.434388 0.900295 0.027857
vn 0.273507 0.961537 -0.025292
vn 0.297920 0.954419 -0.018099
vn 0.849956 0.473720 0.230574
vn 0.823175 0.506469 0.256655
vn 0.523545 0.815998 0.245047
vn 0.594361 0.777266 0.206380
vn -0.786568 0.543091 0.293877
vn -0.831947 0.506916 0.225610
vn -0.544118 0.805489 0.234782
vn -0.464530 0.835234 0.294274
vn -0.434797 0.882852 0.177549
vn -0.362947 0.931592 -0.020164
vn -0.388151 0.919902 0.055854
vn -0.374855 0.923801 0.077947
vn -0.317491 0.948261 -0.000896
vn -0.242175 0.970214 -0.005973
vn -0.178602 0.971503 -0.155830
vn -0.042481 0.938130 -0.343668
vn -0.124665 0.944497 -0.303948
vn -0.227644 0.943208 -0.241945
vn -0.142648 0.940739 -0.307672
vn -0.219028 0.945359 -0.241502
vn -0.334628 0.932150 -0.138277
vn 0.022728 0.993995 -0.107041
vn 0.028631 0.996463 -0.079011
vn 0.036529 0.992112 -0.119915
vn 0.043760 0.968542 -0.244973
vn 0.036925 0.933228 -0.357384
vn 0.030101 0.929669 -0.367164
vn 0.036730 0.926276 -0.375051
vn 0.045113 0.892351 -0.449082
vn 0.070370 0.902043 -0.425871
vn 0.041860 0.930290 -0.364430
vn 0.055076 0.991986 -0.113710
vn 0.043875 0.997185 -0.060809
vn 0.059886 0.990493 -0.123846
vn 0.069742 0.968428 -0.239341
vn 0.049650 0.939693 -0.338397
vn 0.051690 0.935155 -0.350446
vn 0.047867 0.930294 -0.363679
vn 0.039179 0.885522 -0.462943
vn 0.045120 0.884190 -0.464944
vn 0.041315 0.931598 -0.361135
vn 0.031741 0.990659 -0.132617
vn 0.007230 0.996983 -0.077279
vn 0.024761 0.989191 -0.144528
vn 0.037028 0.968281 -0.247107
vn 0.013418 0.941479 -0.336806
vn 0.024926 0.938467 -0.344469
vn 0.035603 0.935165 -0.352418
vn 0.033271 0.891474 -0.451849
vn 0.052580 0.890294 -0.452340
vn 0.044467 0.937656 -0.344708
vn -0.010557 0.990207 -0.139208
vn -0.023793 0.996647 -0.078287
vn -0.015308 0.989594 -0.143070
vn -0.009113 0.968744 -0.247896
vn -0.023763 0.939744 -0.341053
vn -0.020870 0.937533 -0.347270
vn -0.011666 0.934964 -0.354551
vn -0.009754 0.891405 -0.453103
vn 0.014398 0.891807 -0.452186
vn 0.001209 0.938364 -0.345647
vn -0.029039 0.991309 -0.128312
vn -0.040748 0.995753 -0.082558
vn -0.023903 0.990499 -0.135424
vn -0.012834 0.967635 -0.252027
vn -0.016016 0.932944 -0.359666
vn -0.018489 0.931598 -0.363021
vn -0.021718 0.930496 -0.365658
vn -0.014538 0.886221 -0.463034
vn -0.003973 0.888224 -0.459393
vn -0.023663 0.935404 -0.352788
vn -0.015154 0.991418 -0.129846
vn 0.001130 0.995906 -0.090393
vn -0.008231 0.992226 -0.124173
vn -0.016874 0.968899 -0.246881
vn 0.029332 0.937865 -0.345758
vn -0.037115 0.929787 -0.366222
vn -0.025132 0.925300 -0.378403
vn -0.034024 0.891387 -0.451964
vn 0.000426 0.886170 -0.463361
vn -0.012254 0.928864 -0.370218
vn 0.353709 0.934142 0.047626
vn 0.587279 0.804078 0.092535
vn 0.494631 0.859587 0.128256
vn 0.428423 0.903449 -0.015277
vn 0.343462 0.937871 -0.049305
vn 0.319089 0.933219 -0.165180
vn 0.207304 0.941684 -0.265061
vn 0.128141 0.939097 -0.318869
vn 0.049988 0.929979 -0.364197
vn 0.095666 0.943954 -0.315910
vn 0.690197 0.720590 0.066163
vn 0.634884 0.771984 -0.031022
vn 0.308847 0.945400 -0.104076
vn 0.364762 0.930831 0.022423
vn -0.567717 0.804779 -0.173288
vn -0.649992 0.759828 -0.013124
vn -0.332875 0.938937 -0.087130
vn -0.265533 0.935170 -0.234413
vn -0.209020 0.916109 -0.342133
vn -0.141620 0.757766 -0.636973
vn -0.186900 0.751845 -0.632296
vn -0.088196 0.925850 -0.367455
vn -0.066656 0.931383 -0.357887
vn -0.009012 0.912007 -0.410075
vn 0.043694 0.900044 -0.433603
vn 0.120510 0.666843 -0.735389
vn 0.066075 0.700500 -0.710587
vn 0.072646 0.849598 -0.522404
vn 0.018231 0.887201 -0.461023
vn 0.036046 0.832747 -0.552480
vn 0.077376 0.818216 -0.569681
vn 0.036284 0.573957 -0.818081
vn 0.079979 0.590510 -0.803058
vn 0.032606 0.829700 -0.557256
vn 0.030212 0.888070 -0.458714
vn 0.030687 0.827030 -0.561319
vn 0.038927 0.788740 -0.613494
vn 0.015298 0.554705 -0.831906
vn 0.025766 0.556319 -0.830569
vn 0.029825 0.837539 -0.545562
vn 0.011892 0.892215 -0.451454
vn 0.021280 0.833343 -0.552346
vn 0.033642 0.786832 -0.616250
vn 0.008936 0.549427 -0.835494
vn 0.027951 0.546438 -0.837033
vn -0.007387 0.837654 -0.546151
vn -0.030129 0.890584 -0.453820
vn -0.015659 0.831783 -0.554880
vn 0.000670 0.787916 -0.615783
vn -0.001002 0.555436 -0.831559
vn 0.009388 0.549264 -0.835596
vn -0.009465 0.830943 -0.556278
vn -0.023427 0.884735 -0.465505
vn -0.010398 0.825676 -0.564050
vn 0.001049 0.796717 -0.604352
vn -0.020245 0.575154 -0.817795
vn 0.011466 0.567316 -0.823420
vn -0.061039 0.848591 -0.525517
vn -0.067990 0.900889 -0.428691
vn -0.104625 0.865324 -0.490172
vn -0.149938 0.858030 -0.491227
vn -0.127870 0.662241 -0.738300
vn -0.158458 0.628523 -0.761479
vn 0.073854 0.927358 -0.366815
vn 0.201828 0.945760 -0.254565
vn 0.146377 0.931458 -0.333107
vn 0.116419 0.918794 -0.377179
vn 0.121527 0.756579 -0.642510
vn 0.094899 0.748521 -0.656286
vn -0.704887 0.680118 0.201429
vn -0.691742 0.692694 0.204128
vn -0.651740 0.756891 -0.048493
vn -0.444416 0.877672 0.179405
vn -0.259517 0.934406 0.244000
vn -0.193925 0.974487 -0.112993
vn -0.057906 0.955956 0.287743
vn -0.035176 0.954899 0.294840
vn 0.019260 0.987352 -0.157367
vn 0.066772 0.962841 0.261684
vn 0.089757 0.963585 0.251889
vn 0.112953 0.970350 -0.213689
vn 0.052472 0.975409 0.214065
vn 0.032482 0.979496 0.198828
vn 0.023913 0.962460 -0.270369
vn -0.006650 0.984228 0.176779
vn -0.010723 0.986041 0.166158
vn 0.016815 0.944273 -0.328735
vn 0.058420 0.993489 0.097814
vn 0.103910 0.990770 0.087050
vn 0.176113 0.910579 -0.373938
vn 0.299211 0.952149 0.062325
vn 0.338084 0.938065 0.075725
vn 0.327074 0.911165 -0.250604
vn 0.357721 0.927073 0.112119
vn 0.358717 0.926161 0.116394
vn 0.668456 0.742269 0.046934
vn 0.730794 0.642211 -0.231312
vn 0.723746 0.665112 -0.183896
vn -0.714655 0.699468 0.003613
vn -0.563364 0.826186 -0.006149
vn -0.396347 0.913668 -0.090111
vn -0.068131 0.983792 -0.165868
vn -0.009073 0.980148 -0.198058
vn 0.079986 0.963734 -0.254596
vn 0.109678 0.962906 -0.246544
vn 0.116166 0.964472 -0.237277
vn 0.093501 0.963683 -0.250146
vn 0.055881 0.976228 -0.209418
vn 0.030057 0.959777 -0.279150
vn 0.055444 0.976834 -0.206692
vn 0.087909 0.947580 -0.307188
vn 0.036188 0.990921 -0.129485
vn 0.174940 0.968097 -0.179399
vn 0.264301 0.964435 -0.003184
vn 0.377891 0.919862 -0.105125
vn 0.722738 0.690069 -0.038132
vn 0.739875 0.672695 -0.008151
vn -0.687581 0.724264 0.051712
vn -0.456982 0.889476 0.000465
vn -0.224125 0.970156 -0.092554
vn 0.082160 0.981834 -0.171031
vn 0.096219 0.969854 -0.223885
vn 0.072731 0.982839 -0.169519
vn 0.084389 0.972192 -0.218450
vn 0.037353 0.993457 -0.107922
vn 0.063469 0.986435 -0.151387
vn 0.019432 0.998381 -0.053464
vn 0.033704 0.993097 -0.112353
vn 0.009114 0.999747 -0.020580
vn 0.015541 0.997823 -0.064094
vn -0.040532 0.999081 0.013965
vn 0.035525 0.999349 -0.006240
vn 0.291113 0.956630 -0.010600
vn 0.462658 0.886460 -0.011654
vn 0.779020 0.625863 -0.037723
vn 0.789596 0.610861 -0.058198
vn -0.655305 0.753693 0.050219
vn -0.384489 0.923066 -0.010835
vn -0.065701 0.994049 -0.086892
vn 0.106139 0.993017 -0.051488
vn 0.088376 0.989611 -0.113398
vn 0.006195 0.999859 -0.015633
vn 0.017724 0.998461 -0.052545
vn 0.000101 0.999998 -0.001765
vn 0.005215 0.999770 -0.020830
vn -0.000007 1.000000 0.000009
vn 0.001135 0.999987 -0.005011
vn -0.006440 0.999979 0.001087
vn -0.030738 0.999493 0.008361
vn -0.057454 0.998058 0.024052
vn 0.063494 0.997854 0.015993
vn 0.369915 0.928687 -0.026513
vn 0.535074 0.841998 -0.068811
vn 0.825043 0.553650 -0.113025
vn 0.833138 0.540693 -0.116330
vn -0.648053 0.761510 -0.011369
vn -0.418660 0.907535 -0.033245
vn -0.053267 0.998504 -0.012340
vn 0.079175 0.996375 0.031108
vn 0.047456 0.998856 0.005943
vn 0.011647 0.999921 0.004803
vn -0.000010 1.000000 0.000002
vn -0.000010 1.000000 -0.000000
vn 0.000000 1.000000 0.000011
vn 0.000013 1.000000 0.000002
vn 0.000008 1.000000 -0.000004
vn -0.029029 0.999560 0.006072
vn -0.062998 0.997821 0.019605
vn -0.062122 0.997581 0.031185
vn 0.108867 0.993905 0.017325
vn 0.463379 0.885925 -0.020407
vn 0.621011 0.779086 -0.085852
vn 0.864254 0.488940 -0.118334
vn 0.872419 0.478987 -0.097250
vn -0.669499 0.739794 -0.066894
vn -0.499768 0.865449 -0.035069
vn -0.136854 0.990494 0.013869
vn 0.043554 0.998632 0.028942
vn 0.085077 0.995450 0.042921
vn 0.061152 0.997833 0.024299
vn 0.002710 0.999996 0.001028
vn 0.000537 1.000000 0.000686
vn 0.000001 1.000000 -0.000012
vn -0.000278 1.000000 -0.000249
vn -0.003398 0.999994 0.000434
vn -0.054754 0.998422 0.012443
vn -0.097843 0.995002 0.019929
vn -0.048839 0.998805 0.002080
vn 0.159016 0.987186 0.013344
vn 0.534318 0.845229 -0.009641
vn 0.697425 0.714653 -0.053569
vn 0.890858 0.450756 -0.056493
vn 0.895275 0.445166 -0.017593
vn -0.687154 0.726168 -0.022351
vn -0.516254 0.856311 0.014615
vn -0.207649 0.978168 -0.008336
vn 0.009124 0.999600 -0.026757
vn 0.091871 0.995606 0.018106
vn 0.067230 0.997688 0.009922
vn 0.030366 0.999382 0.017698
vn 0.016225 0.999861 0.003992
vn 0.001551 0.999998 0.001471
vn -0.005599 0.999982 -0.002379
vn -0.020253 0.999767 0.007535
vn -0.046393 0.998898 -0.007067
vn -0.082812 0.996564 -0.001317
vn -0.009505 0.998720 -0.049681
vn 0.184611 0.982480 -0.025536
vn 0.513606 0.857976 0.009297
vn 0.713800 0.700043 0.020725
vn 0.885222 0.457773 0.082615
vn 0.879317 0.452935 0.147143
vn -0.564610 0.807203 0.172158
vn -0.311118 0.946847 -0.081768
vn -0.160915 0.986076 -0.041947
vn 0.033371 0.969794 -0.241633
vn 0.046509 0.996179 -0.073926
vn 0.054475 0.968946 -0.241196
vn 0.044442 0.996853 -0.065646
vn 0.035604 0.968751 -0.245465
vn 0.008636 0.996556 -0.082467
vn -0.012379 0.968218 -0.249802
vn -0.023346 0.996658 -0.078285
vn -0.027728 0.967865 -0.249936
vn -0.028987 0.995287 -0.092539
vn -0.022152 0.966462 -0.255853
vn 0.140403 0.987746 -0.068159
vn 0.286421 0.951748 -0.110177
vn 0.555593 0.812248 0.177681
vn 0.776052 0.554373 0.300689
vn 0.739506 0.639633 0.209764
vn -0.276905 0.947143 -0.162000
vn -0.046415 0.912684 -0.406021
vn 0.000141 0.916766 -0.399424
vn 0.116908 0.838015 -0.532977
vn 0.033025 0.885084 -0.464259
vn 0.031105 0.792199 -0.609470
vn 0.042819 0.889717 -0.454499
vn 0.027020 0.788029 -0.615044
vn 0.013444 0.892100 -0.451638
vn -0.005606 0.788461 -0.615059
vn -0.018337 0.889819 -0.455944
vn -0.008911 0.794151 -0.607656
vn -0.012286 0.884721 -0.465959
vn -0.104797 0.840561 -0.531484
vn -0.009215 0.915561 -0.402073
vn 0.031050 0.915806 -0.400419
vn 0.256178 0.950448 -0.176128
vn 0.553134 0.815021 -0.172578
vn 0.487620 0.825490 -0.284241
vn -0.902770 0.429730 -0.018405
vn -0.901872 0.431997 -0.002358
vn -0.888103 0.456921 0.049958
vn -0.886810 0.457167 0.067570
vn -0.873778 0.476389 0.097808
vn -0.875973 0.471932 0.099753
vn -0.871878 0.486038 0.059973
vn -0.877541 0.477970 0.038302
vn -0.878323 0.476431 -0.039530
vn -0.881087 0.469740 -0.055049
vn -0.883578 0.465138 -0.054184
vn -0.881591 0.470805 -0.033756
vn -0.879452 0.467535 0.089306
vn -0.855546 0.483798 0.184339
vn -0.754319 0.619235 0.218062
vn -0.706570 0.701647 0.091927
vn -0.502499 0.817723 -0.280754
vn -0.397062 0.703343 -0.589619
vn -0.009470 0.727455 -0.686091
vn -0.111135 0.749447 -0.652670
vn 0.113703 0.608354 -0.785479
vn 0.162646 0.630375 -0.759061
vn 0.017972 0.559427 -0.828685
vn 0.004649 0.566511 -0.824041
vn 0.017436 0.544775 -0.838401
vn 0.004301 0.549054 -0.835776
vn -0.001783 0.544982 -0.838446
vn -0.010375 0.546734 -0.837242
vn -0.001691 0.560465 -0.828177
vn -0.010185 0.557367 -0.830204
vn -0.103004 0.608804 -0.786605
vn -0.064117 0.592015 -0.803372
vn -0.006451 0.724847 -0.688880
vn -0.085210 0.695786 -0.713177
vn 0.164880 0.747162 -0.643866
vn 0.378124 0.699995 -0.605830
vn 0.710447 -0.703163 0.028757
vn 0.717549 -0.695646 0.034639
vn 0.730224 -0.682426 0.032665
vn 0.727319 -0.686029 0.019279
vn 0.328429 -0.937810 0.112463
vn 0.297520 -0.950173 0.093023
vn 0.471938 -0.873068 0.122583
vn 0.462330 -0.880186 0.107351
vn 0.040021 -0.988679 0.144614
vn 0.045021 -0.995307 0.085657
vn 0.063472 -0.994531 0.082939
vn 0.049384 -0.990127 0.131185
vn -0.126656 -0.972646 0.194726
vn -0.101949 -0.980413 0.168511
vn -0.077004 -0.986761 0.142732
vn -0.101284 -0.978732 0.178399
vn -0.047955 -0.964623 0.259234
vn -0.031316 -0.967267 0.251821
vn -0.054513 -0.970901 0.233194
vn -0.073372 -0.966289 0.246786
vn 0.008130 -0.950639 0.310192
vn 0.026326 -0.953019 0.301764
vn 0.019155 -0.957319 0.288400
vn 0.004028 -0.955449 0.295130
vn -0.097235 -0.920988 0.377263
vn -0.091858 -0.918313 0.385050
vn -0.050291 -0.926163 0.373754
vn -0.069389 -0.926794 0.369105
vn -0.301215 -0.909994 0.284922
vn -0.337367 -0.875763 0.345287
vn -0.306207 -0.877356 0.369437
vn -0.280124 -0.903965 0.323075
vn -0.357401 -0.903809 0.235358
vn -0.357727 -0.891468 0.278058
vn -0.357147 -0.889226 0.285875
vn -0.353744 -0.904745 0.237282
vn 0.668422 -0.743555 -0.018377
vn 0.673381 -0.739227 -0.010121
vn 0.710613 -0.703493 -0.011290
vn 0.705597 -0.707911 -0.031552
vn 0.177912 -0.976031 0.125345
vn 0.215748 -0.969041 0.120055
vn 0.357651 -0.929561 0.089449
vn 0.316346 -0.945104 0.081881
vn -0.068903 -0.967891 0.241742
vn -0.049448 -0.969795 0.238856
vn -0.022926 -0.975933 0.216861
vn -0.054865 -0.973068 0.223895
vn -0.125091 -0.959195 0.253570
vn -0.144482 -0.951855 0.270364
vn -0.109978 -0.954068 0.278675
vn -0.107400 -0.958057 0.265693
vn -0.075619 -0.974423 0.211615
vn -0.072039 -0.966952 0.244569
vn -0.095470 -0.966099 0.239871
vn -0.091351 -0.971914 0.216884
vn -0.052526 -0.976153 0.210633
vn -0.046341 -0.963110 0.265089
vn -0.040372 -0.965739 0.256355
vn -0.044338 -0.976302 0.211824
vn -0.065898 -0.984594 0.161964
vn -0.090017 -0.967713 0.235431
vn -0.080440 -0.965096 0.249239
vn -0.062308 -0.980627 0.185711
vn -0.113493 -0.993323 0.020704
vn -0.142134 -0.989226 0.035080
vn -0.110735 -0.990369 0.083113
vn -0.059976 -0.997245 0.043644
vn -0.457862 -0.888439 0.032237
vn -0.414021 -0.908317 0.059557
vn -0.404485 -0.914271 0.022373
vn -0.431996 -0.901866 0.004236
vn 0.614192 -0.788150 -0.039848
vn 0.620203 -0.783373 -0.040919
vn 0.681749 -0.729904 -0.049580
vn 0.674199 -0.735975 -0.061622
vn -0.023979 -0.989582 0.141958
vn 0.009834 -0.988027 0.153969
vn 0.176071 -0.978037 0.111549
vn 0.130193 -0.986597 0.098367
vn -0.096725 -0.978172 0.183911
vn -0.103838 -0.969198 0.223324
vn -0.111511 -0.969923 0.216367
vn -0.117458 -0.974226 0.192582
vn -0.047494 -0.990984 0.125279
vn -0.063901 -0.983370 0.170003
vn -0.066921 -0.980663 0.183906
vn -0.048373 -0.988734 0.141649
vn -0.028313 -0.997590 0.063338
vn -0.037253 -0.994551 0.097365
vn -0.045099 -0.993038 0.108815
vn -0.027684 -0.996802 0.074960
vn -0.011985 -0.999561 0.027111
vn -0.017643 -0.998649 0.048877
vn -0.022421 -0.998107 0.057269
vn -0.011215 -0.999371 0.033651
vn 0.030016 -0.999517 -0.008061
vn 0.025678 -0.999670 0.000382
vn 0.000216 -0.999984 0.005628
vn 0.011841 -0.999930 0.000685
vn -0.125514 -0.992089 -0.002244
vn -0.122191 -0.992502 0.002896
vn -0.033750 -0.999389 0.009120
vn -0.037482 -0.999223 -0.012174
vn -0.550432 -0.832702 0.060265
vn -0.536541 -0.842343 0.050816
vn -0.480222 -0.876286 0.038849
vn -0.499181 -0.865475 0.042082
vn 0.573931 -0.818809 -0.012421
vn 0.568116 -0.822655 -0.021988
vn 0.652275 -0.757495 -0.027186
vn 0.649948 -0.759553 -0.025420
vn -0.116115 -0.991671 0.055732
vn -0.116714 -0.987324 0.107560
vn 0.040221 -0.995398 0.086974
vn 0.027124 -0.998530 0.046922
vn -0.007974 -0.999719 0.022337
vn -0.018015 -0.998933 0.042519
vn -0.067769 -0.996006 0.058135
vn -0.051516 -0.998199 0.030751
vn 0.000436 -0.999999 0.001464
vn 0.001753 -0.999994 0.002952
vn -0.007774 -0.999954 0.005574
vn -0.001942 -0.999994 0.002776
vn -0.000001 -1.000000 -0.000011
vn 0.000000 -1.000000 0.000000
vn -0.001280 -0.999999 0.000558
vn -0.000320 -1.000000 0.000268
vn -0.000018 -1.000000 0.000000
vn -0.000012 -1.000000 -0.000011
vn 0.000000 -1.000000 -0.000016
vn -0.000001 -1.000000 -0.000001
vn 0.080892 -0.996561 -0.017991
vn 0.071210 -0.997262 -0.019944
vn 0.038941 -0.999164 -0.012484
vn 0.046726 -0.998857 -0.010052
vn -0.197374 -0.980327 0.001392
vn -0.189198 -0.981912 0.007340
vn -0.073432 -0.997298 0.002226
vn -0.082751 -0.996452 -0.015359
vn -0.626187 -0.772313 0.106877
vn -0.611266 -0.783923 0.108715
vn -0.555716 -0.826603 0.088916
vn -0.578954 -0.811165 0.082608
vn 0.592762 -0.804182 0.043886
vn 0.572601 -0.819291 0.029839
vn 0.652724 -0.756290 0.044468
vn 0.659297 -0.750163 0.050832
vn -0.064840 -0.997667 -0.021345
vn -0.084654 -0.996391 0.006283
vn 0.065485 -0.997682 0.018521
vn 0.079921 -0.996786 -0.005526
vn -0.022731 -0.999638 -0.014406
vn -0.010362 -0.999905 -0.009086
vn -0.050901 -0.998584 -0.015463
vn -0.057847 -0.998016 -0.024848
vn 0.000022 -1.000000 0.000006
vn 0.000008 -1.000000 0.000011
vn 0.000012 -1.000000 0.000020
vn -0.000249 -1.000000 -0.000220
vn -0.000001 -1.000000 -0.000000
vn -0.000005 -1.000000 0.000001
vn -0.000001 -1.000000 0.000003
vn -0.000001 -1.000000 0.000001
vn 0.000995 -0.999998 -0.001693
vn 0.000015 -1.000000 -0.000012
vn -0.000004 -1.000000 -0.000003
vn 0.000482 -1.000000 -0.000423
vn 0.114514 -0.992948 -0.030655
vn 0.109860 -0.993141 -0.040015
vn 0.074885 -0.996693 -0.031544
vn 0.085895 -0.995975 -0.025615
vn -0.275143 -0.961402 -0.001559
vn -0.266967 -0.963678 0.007284
vn -0.122257 -0.992498 -0.000517
vn -0.135021 -0.990690 -0.017428
vn -0.699357 -0.708555 0.094079
vn -0.686335 -0.717885 0.116554
vn -0.643749 -0.759204 0.095904
vn -0.666714 -0.741567 0.074632
vn 0.649310 -0.758704 0.052574
vn 0.625195 -0.778524 0.055055
vn 0.678966 -0.729845 0.079573
vn 0.688105 -0.722758 0.064291
vn 0.031611 -0.999358 -0.016862
vn 0.001108 -0.999604 -0.028120
vn 0.163833 -0.986484 0.002753
vn 0.184938 -0.982749 -0.001783
vn -0.100596 -0.994313 -0.034954
vn -0.082314 -0.996025 -0.034045
vn -0.100575 -0.993582 -0.051755
vn -0.109118 -0.993192 -0.040776
vn -0.000109 -0.999999 -0.001203
vn -0.000014 -1.000000 -0.000013
vn -0.005621 -0.999983 -0.001580
vn -0.010690 -0.999934 -0.004172
vn 0.000570 -0.999999 0.000997
vn -0.000001 -1.000000 0.000023
vn -0.000000 -1.000000 0.000023
vn -0.000159 -0.999999 0.001362
vn 0.012163 -0.999902 -0.006943
vn 0.007966 -0.999968 -0.000152
vn 0.003959 -0.999992 -0.000026
vn 0.006049 -0.999981 -0.001581
vn 0.117949 -0.992986 -0.008215
vn 0.120394 -0.992396 -0.025589
vn 0.105761 -0.994189 -0.020086
vn 0.108224 -0.994030 -0.013858
vn -0.333160 -0.942841 0.007470
vn -0.333941 -0.942536 0.010448
vn -0.171252 -0.985157 0.011788
vn -0.180093 -0.983639 0.004663
vn -0.733305 -0.679342 0.027548
vn -0.733380 -0.676746 0.064562
vn -0.711685 -0.700326 0.055214
vn -0.721912 -0.691429 0.027723
vn 0.669330 -0.742180 -0.034163
vn 0.671763 -0.740676 -0.011520
vn 0.684992 -0.728529 -0.005539
vn 0.669825 -0.740231 -0.058253
vn 0.045127 -0.998644 0.025971
vn 0.038943 -0.999063 0.018859
vn 0.207790 -0.977900 0.023112
vn 0.198667 -0.979927 0.016597
vn -0.081103 -0.996701 -0.002991
vn -0.091444 -0.995709 -0.014205
vn -0.081952 -0.996622 -0.005251
vn -0.072127 -0.997378 0.005849
vn -0.024638 -0.999637 -0.010932
vn -0.014222 -0.999648 -0.022418
vn -0.036140 -0.998950 -0.028144
vn -0.039030 -0.999094 -0.016976
vn -0.000652 -1.000000 0.000746
vn 0.002839 -0.999920 -0.012349
vn -0.002390 -0.999905 -0.013544
vn -0.003723 -0.999990 -0.002295
vn 0.030368 -0.999538 -0.000944
vn 0.037998 -0.999180 -0.013990
vn 0.022915 -0.999592 -0.017077
vn 0.022865 -0.999727 -0.004701
vn 0.055686 -0.997672 0.039370
vn 0.069843 -0.997344 0.020683
vn 0.070600 -0.997436 0.011734
vn 0.058712 -0.997939 0.025907
vn -0.309878 -0.950485 0.023532
vn -0.337231 -0.941043 0.026696
vn -0.182671 -0.981782 0.052299
vn -0.175235 -0.983608 0.042530
vn -0.658044 -0.741009 -0.133730
vn -0.694785 -0.716575 -0.061590
vn -0.702773 -0.710200 -0.041543
vn -0.676793 -0.730714 -0.089485
vn 0.439669 -0.898010 -0.016405
vn 0.511128 -0.844380 -0.160533
vn 0.492371 -0.838899 -0.231990
vn 0.437082 -0.892943 -0.107760
vn -0.023424 -0.972250 0.232770
vn -0.010422 -0.995171 0.097604
vn 0.123206 -0.989780 0.071806
vn 0.079925 -0.974590 0.209253
vn -0.037099 -0.969353 0.242853
vn -0.048052 -0.991650 0.119673
vn -0.042786 -0.990925 0.127422
vn -0.041011 -0.968915 0.243972
vn -0.033209 -0.969578 0.242521
vn -0.037295 -0.990240 0.134288
vn -0.049353 -0.989426 0.136382
vn -0.052119 -0.969485 0.239548
vn 0.011283 -0.968185 0.249982
vn 0.002920 -0.988936 0.148312
vn -0.010930 -0.987777 0.155492
vn -0.012584 -0.968522 0.248610
vn 0.039782 -0.967976 0.247873
vn 0.031787 -0.990051 0.137071
vn 0.025553 -0.988744 0.147420
vn 0.026437 -0.968730 0.246706
vn 0.025873 -0.965920 0.257546
vn 0.021044 -0.990022 0.139336
vn 0.023200 -0.989242 0.144436
vn 0.020288 -0.966902 0.254340
vn -0.140020 -0.973335 0.181694
vn -0.210888 -0.976724 0.039197
vn -0.105299 -0.989267 0.101310
vn -0.063441 -0.971981 0.226336
vn -0.408174 -0.899674 -0.154858
vn -0.449948 -0.846542 -0.284453
vn -0.477695 -0.851013 -0.218137
vn -0.416822 -0.905029 -0.084746
vn 0.133778 -0.914725 0.381289
vn 0.162115 -0.928809 0.333214
vn 0.212206 -0.932000 0.293846
vn 0.172837 -0.916421 0.360970
vn -0.154274 -0.855120 0.494943
vn -0.109961 -0.865820 0.488124
vn -0.048937 -0.889607 0.454098
vn -0.096848 -0.880147 0.464716
vn -0.021101 -0.794940 0.606321
vn -0.030870 -0.824944 0.564371
vn -0.035868 -0.822270 0.567967
vn -0.050562 -0.801487 0.595871
vn -0.019611 -0.787840 0.615567
vn -0.035801 -0.831706 0.554061
vn -0.034788 -0.824672 0.564540
vn -0.030549 -0.786857 0.616379
vn 0.008694 -0.787759 0.615923
vn -0.003643 -0.833482 0.552535
vn -0.013001 -0.828385 0.560008
vn -0.012406 -0.786424 0.617563
vn 0.017224 -0.790683 0.611983
vn 0.007355 -0.828157 0.560448
vn 0.012428 -0.825253 0.564626
vn 0.010160 -0.787887 0.615736
vn 0.058269 -0.821036 0.567896
vn 0.019561 -0.832506 0.553671
vn 0.015278 -0.822285 0.568870
vn 0.029757 -0.803776 0.594187
vn 0.062990 -0.901319 0.428551
vn 0.008365 -0.911141 0.412010
vn 0.057894 -0.887257 0.457628
vn 0.106669 -0.880623 0.461655
vn -0.187371 -0.920996 0.341554
vn -0.235785 -0.944388 0.229207
vn -0.190678 -0.936944 0.292880
vn -0.152243 -0.921350 0.357683
vn 0.134519 -0.990760 0.017301
vn 0.741992 -0.669663 0.031597
vn 0.625899 -0.521439 0.579959
vn 0.218053 -0.872345 0.437570
vn 0.742711 -0.669358 0.018463
vn 0.746439 -0.665452 0.001598
vn 0.721072 -0.692855 0.002570
vn 0.676067 -0.735076 0.050953
vn 0.628558 -0.772074 0.093898
vn 0.560298 -0.550638 0.618760
vn 0.590534 -0.542078 0.597847
vn 0.584033 -0.807702 0.080770
vn 0.557064 -0.827970 0.064384
vn 0.435475 -0.895584 0.091058
vn 0.629286 -0.775891 0.044631
vn 0.693449 -0.720222 0.020229
vn 0.677193 -0.735779 0.006184
vn 0.608783 -0.792964 0.024306
vn 0.191694 -0.979670 0.059169
vn 0.082374 -0.994545 0.063985
vn 0.104536 -0.852244 0.512594
vn 0.160562 -0.833988 0.527905
vn 0.058803 -0.991179 0.118769
vn 0.053271 -0.983321 0.173901
vn 0.032398 -0.983142 0.179953
vn 0.177360 -0.969811 0.167362
vn 0.300343 -0.944625 0.132201
vn 0.249699 -0.960068 0.126175
vn 0.146729 -0.976639 0.156995
vn -0.004302 -0.995942 0.089894
vn -0.052332 -0.992257 0.112641
vn -0.017557 -0.851068 0.524762
vn 0.009105 -0.855829 0.517179
vn -0.076392 -0.983024 0.166820
vn -0.073451 -0.972391 0.221498
vn -0.109523 -0.970625 0.214226
vn -0.031873 -0.973880 0.224817
vn 0.011708 -0.978886 0.204071
vn -0.023801 -0.974905 0.221345
vn -0.045257 -0.969727 0.239960
vn -0.089839 -0.977315 0.191795
vn -0.077656 -0.973916 0.213205
vn -0.049895 -0.814340 0.578240
vn -0.060641 -0.822564 0.565430
vn -0.098805 -0.967863 0.231257
vn -0.115818 -0.961489 0.249251
vn -0.086148 -0.961656 0.260378
vn -0.130867 -0.963040 0.235430
vn -0.145863 -0.964330 0.220888
vn -0.153702 -0.957143 0.245466
vn -0.138951 -0.959302 0.245831
vn -0.009369 -0.963587 0.267230
vn 0.012578 -0.960495 0.278014
vn 0.027886 -0.787100 0.616195
vn 0.009926 -0.792609 0.609650
vn 0.000335 -0.959423 0.281971
vn -0.015789 -0.958118 0.285938
vn -0.013753 -0.953259 0.301842
vn -0.036170 -0.961224 0.273386
vn -0.056419 -0.962152 0.266611
vn -0.062594 -0.964757 0.255590
vn -0.046163 -0.963820 0.262527
vn 0.008208 -0.946906 0.321407
vn -0.009897 -0.937145 0.348801
vn 0.031729 -0.749651 0.661072
vn 0.041001 -0.762536 0.645646
vn -0.042478 -0.935559 0.350606
vn -0.066048 -0.933694 0.351929
vn -0.083056 -0.927610 0.364201
vn -0.038612 -0.941180 0.335694
vn -0.011436 -0.947843 0.318531
vn -0.030593 -0.955964 0.291884
vn -0.053917 -0.951380 0.303263
vn -0.183149 -0.903471 0.387551
vn -0.274777 -0.882446 0.381820
vn -0.235450 -0.647703 0.724599
vn -0.140712 -0.675884 0.723450
vn -0.258523 -0.899575 0.352038
vn -0.218065 -0.920686 0.323707
vn -0.233253 -0.932265 0.276540
vn -0.159047 -0.919805 0.358697
vn -0.100746 -0.923800 0.369384
vn -0.100301 -0.947808 0.302655
vn -0.128768 -0.950276 0.283538
vn -0.347055 -0.881632 0.319810
vn -0.355808 -0.885195 0.299718
vn -0.304822 -0.662298 0.684430
vn -0.305379 -0.643834 0.701585
vn -0.349676 -0.905880 0.238971
vn -0.359231 -0.916255 0.177287
vn -0.359733 -0.913918 0.188008
vn -0.304987 -0.934371 0.184212
vn -0.248155 -0.942369 0.224412
vn -0.191031 -0.972958 0.129847
vn -0.286429 -0.953507 0.093714
vn 0.131143 -0.970691 0.201397
vn -0.359942 -0.912854 0.192718
vn -0.376442 -0.917756 0.126555
vn 0.126089 -0.979302 0.158334
vn 0.132879 -0.991131 0.001829
vn 0.744485 -0.667375 -0.018799
vn 0.748743 -0.662816 -0.007713
vn 0.138337 -0.990371 0.005260
vn 0.739819 -0.671756 -0.037574
vn 0.741731 -0.668290 -0.056781
vn 0.696272 -0.715949 -0.051204
vn 0.586497 -0.809946 0.003149
vn 0.488039 -0.871763 0.042976
vn 0.531346 -0.845474 0.053339
vn 0.444213 -0.894956 0.041584
vn 0.418405 -0.907366 0.040312
vn 0.271711 -0.959388 0.075814
vn 0.540624 -0.841180 0.011921
vn 0.647407 -0.761736 -0.024945
vn 0.625623 -0.779412 -0.033365
vn 0.514895 -0.857251 -0.002001
vn 0.110826 -0.982906 0.147016
vn 0.004958 -0.983179 0.182576
vn 0.043072 -0.983069 0.178104
vn -0.039890 -0.979333 0.198285
vn -0.070418 -0.974133 0.214725
vn -0.078244 -0.969710 0.231387
vn 0.021596 -0.982455 0.185247
vn 0.114423 -0.984514 0.132815
vn 0.050138 -0.988433 0.143127
vn -0.022628 -0.983122 0.181545
vn -0.062929 -0.964828 0.255240
vn -0.075606 -0.959548 0.271204
vn -0.065592 -0.966944 0.246409
vn -0.090390 -0.960193 0.264310
vn -0.096161 -0.961462 0.257572
vn -0.098393 -0.962506 0.252788
vn -0.091023 -0.962925 0.253949
vn -0.085403 -0.965791 0.244856
vn -0.097518 -0.967321 0.234054
vn -0.093975 -0.967002 0.236802
vn -0.131688 -0.957506 0.256595
vn -0.118811 -0.962196 0.245077
vn -0.124146 -0.961027 0.247012
vn -0.107051 -0.968413 0.225203
vn -0.095811 -0.974009 0.205246
vn -0.079717 -0.977789 0.193842
vn -0.098809 -0.970958 0.217894
vn -0.101779 -0.966249 0.236651
vn -0.079736 -0.975831 0.203458
vn -0.079686 -0.979234 0.186416
vn -0.053175 -0.966370 0.251598
vn -0.034261 -0.966694 0.253632
vn -0.029698 -0.962444 0.269852
vn -0.036209 -0.976950 0.210376
vn -0.041552 -0.985097 0.166904
vn -0.041666 -0.985089 0.166927
vn -0.052643 -0.984554 0.166981
vn -0.063635 -0.981874 0.178535
vn -0.047212 -0.989303 0.138025
vn -0.044327 -0.990829 0.127645
vn -0.058595 -0.960941 0.270478
vn -0.071081 -0.962145 0.263105
vn -0.077618 -0.948321 0.307672
vn -0.058853 -0.978184 0.199229
vn -0.052740 -0.989411 0.135220
vn -0.038539 -0.991781 0.122002
vn -0.047428 -0.988734 0.141972
vn -0.041888 -0.986934 0.155583
vn -0.026299 -0.994405 0.102307
vn -0.035248 -0.995236 0.090897
vn -0.084861 -0.974570 0.207394
vn -0.079345 -0.985613 0.149235
vn -0.157846 -0.958584 0.237070
vn -0.006813 -0.996328 0.085343
vn 0.035428 -0.999141 0.021524
vn -0.039494 -0.999211 0.004120
vn 0.005811 -0.998736 0.049928
vn -0.024008 -0.995799 0.088364
vn 0.013759 -0.998920 0.044373
vn 0.034092 -0.999070 0.026386
vn -0.271167 -0.962527 0.003175
vn -0.394635 -0.918837 -0.001207
vn -0.377536 -0.921821 0.087823
vn -0.405487 -0.914084 -0.005538
vn -0.400685 -0.916181 -0.008065
vn -0.448186 -0.893863 -0.011760
vn -0.261843 -0.965096 0.005292
vn -0.114934 -0.993356 0.005772
vn -0.124819 -0.992172 0.003915
vn -0.266152 -0.963929 0.001898
vn 0.074115 -0.994696 0.071326
vn -0.494436 -0.869184 0.007171
vn -0.521763 -0.852669 0.026805
vn 0.060497 -0.995693 0.070251
vn 0.124218 -0.992242 -0.005109
vn 0.736042 -0.673627 -0.066855
vn 0.743324 -0.665922 -0.063387
vn 0.132392 -0.991193 -0.002887
vn 0.728266 -0.681099 -0.075709
vn 0.730217 -0.678280 -0.081973
vn 0.662852 -0.745480 -0.069903
vn 0.485391 -0.874196 -0.013280
vn 0.333261 -0.941646 0.047333
vn 0.389089 -0.920252 0.041780
vn 0.277899 -0.959264 0.050846
vn 0.251524 -0.966319 0.054434
vn 0.093874 -0.991854 0.086102
vn 0.431614 -0.901900 0.016927
vn 0.589207 -0.807271 -0.033895
vn 0.566200 -0.823772 -0.028572
vn 0.408867 -0.912574 0.006090
vn -0.055311 -0.982407 0.178373
vn -0.119088 -0.972385 0.200714
vn -0.094288 -0.973658 0.207603
vn -0.138618 -0.972294 0.188227
vn -0.146891 -0.973423 0.175702
vn -0.107306 -0.979784 0.168847
vn -0.107725 -0.980764 0.162780
vn -0.068093 -0.989088 0.130648
vn -0.104520 -0.987316 0.119507
vn -0.122927 -0.983575 0.132171
vn -0.086949 -0.971676 0.219742
vn -0.070725 -0.976525 0.203463
vn -0.090435 -0.968869 0.230467
vn -0.049746 -0.986522 0.155883
vn -0.039617 -0.993331 0.108274
vn -0.031540 -0.994561 0.099268
vn -0.053902 -0.991377 0.119442
vn -0.068598 -0.987115 0.144565
vn -0.036867 -0.994959 0.093260
vn -0.034152 -0.996613 0.074808
vn -0.058411 -0.986225 0.154750
vn -0.052937 -0.989950 0.131135
vn -0.079619 -0.982524 0.168248
vn -0.027057 -0.995536 0.090423
vn -0.013140 -0.998685 0.049549
vn -0.014160 -0.999060 0.040976
vn -0.018443 -0.997984 0.060730
vn -0.023752 -0.996483 0.080363
vn -0.003723 -0.999124 0.041676
vn -0.005108 -0.999470 0.032135
vn -0.032213 -0.995586 0.088154
vn -0.027180 -0.996993 0.072570
vn -0.041412 -0.991930 0.119835
vn -0.010444 -0.999023 0.042946
vn -0.002959 -0.999907 0.013308
vn -0.004521 -0.999940 0.010018
vn -0.009069 -0.999786 0.018580
vn -0.015181 -0.999458 0.029216
vn -0.003778 -0.999886 0.014607
vn -0.002256 -0.999954 0.009285
vn -0.021251 -0.998986 0.039687
vn -0.024850 -0.999449 0.021993
vn -0.044146 -0.995925 0.078646
vn -0.006164 -0.999921 0.010929
vn 0.000103 -1.000000 -0.000091
vn 0.021831 -0.999753 -0.004142
vn -0.002990 -0.999995 0.001312
vn -0.006086 -0.999967 0.005348
vn -0.001520 -0.999995 0.002667
vn 0.000175 -1.000000 -0.000087
vn 0.040464 -0.999178 0.002587
vn 0.055189 -0.998444 0.008024
vn 0.054194 -0.998416 0.015096
vn 0.051106 -0.998574 -0.015439
vn 0.054221 -0.997784 -0.038575
vn -0.049809 -0.998208 -0.033157
vn 0.048906 -0.998353 -0.029997
vn 0.043712 -0.998912 -0.016264
vn 0.059794 -0.998047 -0.018065
vn 0.057406 -0.998012 -0.026003
vn -0.275527 -0.961293 0.000301
vn -0.419934 -0.907404 0.016540
vn -0.399448 -0.916751 0.003042
vn -0.443978 -0.895679 0.025361
vn -0.454417 -0.890106 0.034893
vn -0.516765 -0.854892 0.045971
vn -0.308772 -0.950883 0.021964
vn -0.152872 -0.988221 -0.007037
vn -0.181564 -0.983379 0.000369
vn -0.329404 -0.943923 0.022423
vn 0.016338 -0.996666 0.079932
vn -0.574233 -0.815671 0.070271
vn -0.597448 -0.796707 0.091184
vn -0.001083 -0.996850 0.079305
vn 0.112095 -0.993586 0.014903
vn 0.725582 -0.686448 -0.048171
vn 0.733290 -0.676537 -0.067697
vn 0.119520 -0.992773 0.010782
vn 0.717731 -0.695312 -0.037467
vn 0.722747 -0.690697 -0.023960
vn 0.646826 -0.762373 -0.020094
vn 0.390960 -0.920404 -0.002514
vn 0.193311 -0.980117 0.044733
vn 0.230962 -0.971750 0.048558
vn 0.167862 -0.985211 0.034366
vn 0.182924 -0.982850 0.023356
vn 0.035970 -0.999328 0.007004
vn 0.383666 -0.923120 0.025487
vn 0.562882 -0.826537 0.001237
vn 0.555530 -0.831360 0.015111
vn 0.390772 -0.920281 0.019505
vn -0.117387 -0.987915 0.101219
vn -0.118096 -0.989656 0.081457
vn -0.141117 -0.981602 0.128622
vn -0.095710 -0.994533 0.041759
vn -0.090320 -0.995910 0.002559
vn -0.046359 -0.998918 0.003784
vn -0.101752 -0.994808 0.001766
vn -0.112865 -0.993602 0.004176
vn -0.103619 -0.994604 0.005123
vn -0.097958 -0.995181 -0.004299
vn -0.017603 -0.999375 0.030641
vn -0.017321 -0.999713 0.016553
vn -0.031634 -0.997554 0.062335
vn -0.004325 -0.999956 0.008270
vn 0.000016 -1.000000 -0.000014
vn 0.000005 -1.000000 -0.000024
vn -0.001376 -0.999999 0.000602
vn -0.002777 -0.999993 0.002429
vn -0.003283 -0.999989 -0.003329
vn -0.001627 -0.999998 -0.000831
vn -0.000404 -0.999994 0.003543
vn -0.002560 -0.999994 0.002239
vn -0.006501 -0.999644 0.025899
vn -0.000638 -0.999999 0.001109
vn 0.000005 -1.000000 -0.000022
vn -0.000000 -1.000000 -0.000025
vn -0.000000 -1.000000 -0.000021
vn -0.000006 -1.000000 -0.000024
vn -0.000005 -1.000000 -0.000006
vn 0.000001 -1.000000 -0.000011
vn 0.000006 -1.000000 -0.000003
vn 0.000012 -1.000000 -0.000011
vn -0.000735 -0.999978 0.006649
vn 0.000015 -1.000000 -0.000005
vn 0.000002 -1.000000 0.000001
vn -0.000006 -1.000000 0.000013
vn -0.000001 -1.000000 -0.000014
vn -0.000005 -1.000000 -0.000023
vn -0.000007 -1.000000 -0.000011
vn -0.000011 -1.000000 -0.000008
vn 0.003484 -0.999993 -0.001484
vn 0.007010 -0.999958 -0.005962
vn 0.001876 -0.999994 -0.003021
vn 0.012950 -0.999907 -0.004366
vn 0.017104 -0.999850 -0.002781
vn 0.054238 -0.998499 -0.007577
vn 0.008484 -0.999964 -0.000679
vn -0.000012 -1.000000 0.000011
vn 0.000001 -1.000000 -0.000002
vn 0.012143 -0.999923 -0.002474
vn 0.057372 -0.998114 -0.021826
vn 0.043428 -0.998985 -0.011980
vn 0.054989 -0.998159 -0.025591
vn 0.033402 -0.999143 -0.024432
vn 0.039247 -0.998547 -0.036931
vn -0.095320 -0.994893 -0.033183
vn 0.065734 -0.997499 -0.025991
vn 0.091816 -0.995649 -0.015931
vn 0.102145 -0.994374 -0.028048
vn 0.072645 -0.996845 -0.031995
vn -0.348925 -0.936908 0.021313
vn -0.496711 -0.866166 0.055087
vn -0.466928 -0.883084 0.046280
vn -0.528085 -0.847332 0.056169
vn -0.545830 -0.836056 0.055500
vn -0.600286 -0.796344 0.074114
vn -0.393713 -0.918671 0.032158
vn -0.227719 -0.973715 -0.004765
vn -0.258223 -0.966084 0.001740
vn -0.418856 -0.907630 0.027722
vn -0.050719 -0.994698 0.089466
vn -0.650044 -0.752952 0.102502
vn -0.672618 -0.731704 0.110423
vn -0.069073 -0.993474 0.090770
vn 0.110593 -0.992309 0.055604
vn 0.725142 -0.687579 0.037468
vn 0.729301 -0.684174 0.005064
vn 0.111515 -0.992488 0.050327
vn 0.720396 -0.691666 0.051256
vn 0.725557 -0.685670 0.058508
vn 0.663528 -0.746343 0.051981
vn 0.401444 -0.915758 0.015160
vn 0.212397 -0.977025 0.017594
vn 0.207642 -0.978007 0.019662
vn 0.222709 -0.974772 0.014839
vn 0.263188 -0.964693 0.009971
vn 0.106441 -0.993861 -0.030172
vn 0.437163 -0.898183 0.046438
vn 0.596467 -0.800838 0.053728
vn 0.601745 -0.796784 0.055110
vn 0.460151 -0.887054 0.037361
vn -0.088027 -0.996069 -0.009939
vn -0.091438 -0.995675 -0.016443
vn -0.092126 -0.995721 -0.007199
vn -0.092946 -0.995186 -0.031084
vn -0.101063 -0.993834 -0.045601
vn -0.070105 -0.996954 -0.034189
vn -0.076785 -0.995726 -0.051321
vn -0.052442 -0.997466 -0.048071
vn -0.034628 -0.998675 -0.038067
vn -0.073007 -0.995886 -0.053677
vn -0.005168 -0.999984 -0.002265
vn 0.000016 -1.000000 0.000014
vn 0.000024 -1.000000 0.000000
vn -0.000522 -0.999999 -0.000913
vn -0.002099 -0.999996 -0.001839
vn -0.001035 -0.999999 -0.000459
vn -0.020589 -0.999762 -0.007203
vn -0.039097 -0.999041 -0.019707
vn -0.059085 -0.997891 -0.026888
vn -0.032243 -0.999411 -0.011714
vn 0.000006 -1.000000 -0.000000
vn 0.000004 -1.000000 0.000000
vn 0.000007 -1.000000 -0.000012
vn -0.000001 -1.000000 -0.000000
vn -0.000001 -1.000000 -0.000001
vn -0.000001 -1.000000 -0.000001
vn 0.000013 -1.000000 0.000000
vn 0.000027 -1.000000 0.000000
vn 0.000016 -1.000000 -0.000006
vn 0.000008 -1.000000 0.000007
vn -0.000014 -1.000000 -0.000002
vn -0.000023 -1.000000 -0.000001
vn -0.000016 -1.000000 0.000000
vn -0.000024 -1.000000 -0.000001
vn -0.000025 -1.000000 -0.000000
vn 0.001926 -0.999998 -0.000841
vn -0.000013 -1.000000 -0.000001
vn -0.000001 -1.000000 -0.000001
vn -0.000001 -1.000000 0.000011
vn -0.000012 -1.000000 0.000010
vn 0.019956 -0.999792 -0.004254
vn 0.040337 -0.999040 -0.017117
vn 0.024537 -0.999649 -0.009963
vn 0.057545 -0.998221 -0.015620
vn 0.069143 -0.997508 -0.014060
vn 0.092361 -0.995533 -0.019609
vn 0.036160 -0.999317 -0.007675
vn 0.003900 -0.999987 -0.003370
vn 0.006845 -0.999975 -0.001757
vn 0.042497 -0.999083 -0.005243
vn 0.067877 -0.996975 -0.037864
vn 0.025214 -0.999460 -0.021077
vn 0.042676 -0.998666 -0.029080
vn 0.008044 -0.999590 -0.027486
vn 0.012783 -0.999341 -0.033963
vn -0.147479 -0.988459 -0.034612
vn 0.064749 -0.997607 -0.024248
vn 0.115779 -0.993049 -0.021199
vn 0.116920 -0.992854 -0.023895
vn 0.067399 -0.997428 -0.024380
vn -0.441956 -0.896765 0.022070
vn -0.598445 -0.798999 0.058852
vn -0.564596 -0.823334 0.057900
vn -0.631548 -0.773771 0.049256
vn -0.649218 -0.759597 0.039084
vn -0.683607 -0.727932 0.052880
vn -0.487514 -0.872875 0.020483
vn -0.303919 -0.952640 -0.010550
vn -0.330913 -0.943660 -0.001405
vn -0.508556 -0.860911 0.014229
vn -0.110566 -0.991366 0.070489
vn -0.715353 -0.695142 0.071043
vn -0.728100 -0.682190 0.066991
vn -0.122248 -0.990209 0.067388
vn 0.122962 -0.989766 0.072412
vn 0.730060 -0.678365 0.082662
vn 0.731572 -0.678021 0.071344
vn 0.119936 -0.990128 0.072546
vn 0.725384 -0.685499 0.062527
vn 0.719279 -0.693428 0.042377
vn 0.689345 -0.722764 0.049152
vn 0.480767 -0.876405 0.027862
vn 0.322387 -0.946475 0.015861
vn 0.305540 -0.952091 0.012962
vn 0.334944 -0.942101 0.016063
vn 0.363800 -0.931337 0.016180
vn 0.200774 -0.979617 -0.006298
vn 0.518548 -0.854010 0.042130
vn 0.658352 -0.751020 0.050409
vn 0.662842 -0.748505 0.019525
vn 0.530349 -0.847663 0.014037
vn -0.059002 -0.996682 -0.056063
vn -0.118786 -0.991027 -0.061288
vn -0.111195 -0.992361 -0.053445
vn -0.117610 -0.992346 -0.037639
vn -0.101510 -0.994734 -0.014115
vn -0.103700 -0.994159 -0.029921
vn -0.034190 -0.999414 -0.001827
vn 0.033242 -0.999432 -0.005517
vn 0.028303 -0.999577 0.006744
vn -0.027338 -0.999624 0.002260
vn -0.046764 -0.998774 -0.016213
vn -0.011232 -0.999918 -0.006224
vn -0.005431 -0.999977 -0.004032
vn -0.021439 -0.999686 -0.012984
vn -0.038688 -0.999073 -0.018862
vn -0.019992 -0.999791 -0.004269
vn -0.072155 -0.996869 -0.032338
vn -0.105849 -0.993734 -0.035912
vn -0.101333 -0.994498 -0.026570
vn -0.077342 -0.996560 -0.029785
vn -0.000007 -1.000000 0.000014
vn -0.000000 -1.000000 0.000023
vn -0.000000 -1.000000 0.000011
vn -0.000821 -1.000000 0.000497
vn -0.003514 -0.999966 0.007516
vn -0.000729 -0.999954 0.009525
vn -0.002675 -0.999987 0.004441
vn -0.001331 -0.999997 0.002010
vn -0.005895 -0.999925 -0.010768
vn -0.006574 -0.999962 -0.005646
vn -0.000007 -1.000000 0.000020
vn -0.000013 -1.000000 0.000011
vn -0.000022 -1.000000 0.000005
vn -0.000117 -1.000000 0.000098
vn -0.000164 -0.999979 0.006544
vn 0.012781 -0.999916 0.002332
vn 0.001219 -0.999973 0.007220
vn 0.002292 -0.999958 0.008863
vn 0.003610 -0.999993 -0.001216
vn 0.002681 -0.999994 -0.002025
vn 0.048927 -0.998798 -0.002794
vn 0.090779 -0.995812 -0.010868
vn 0.078950 -0.996800 -0.012495
vn 0.097929 -0.995080 -0.015041
vn 0.093653 -0.995454 -0.017363
vn 0.098068 -0.995162 -0.005948
vn 0.059749 -0.998018 -0.019768
vn 0.025341 -0.999631 -0.009816
vn 0.037886 -0.999197 -0.013012
vn 0.061374 -0.997998 -0.015241
vn 0.059457 -0.997978 -0.022476
vn -0.002680 -0.999987 -0.004333
vn 0.016817 -0.999647 -0.020551
vn -0.021429 -0.999767 0.002540
vn -0.014445 -0.999855 0.008971
vn -0.184722 -0.982785 -0.003360
vn 0.044032 -0.998864 0.018193
vn 0.102855 -0.994646 0.010051
vn 0.083729 -0.996380 0.014702
vn 0.038145 -0.998945 0.025572
vn -0.524109 -0.851593 0.009933
vn -0.688772 -0.724360 0.029923
vn -0.664361 -0.746642 0.033923
vn -0.709554 -0.704429 0.017659
vn -0.715035 -0.699067 0.005521
vn -0.721407 -0.692511 0.000470
vn -0.546622 -0.837311 0.010664
vn -0.348756 -0.937207 0.003503
vn -0.357706 -0.933711 0.015146
vn -0.548914 -0.835879 0.000150
vn -0.129893 -0.991469 0.010807
vn -0.726852 -0.686734 -0.009136
vn -0.714160 -0.699067 -0.035789
vn -0.125231 -0.992070 -0.010655
vn 0.112115 -0.993492 -0.020080
vn 0.697760 -0.716169 -0.015271
vn 0.710622 -0.703443 0.013538
vn 0.120496 -0.992661 0.010232
vn 0.669132 -0.737064 -0.094864
vn 0.612793 -0.770840 -0.174042
vn 0.627176 -0.770958 -0.110792
vn 0.529374 -0.848276 -0.013791
vn 0.371572 -0.928391 0.005032
vn 0.384093 -0.923236 0.010417
vn 0.349660 -0.936873 0.002650
vn 0.342235 -0.939614 -0.000003
vn 0.186051 -0.982487 0.010202
vn 0.497963 -0.867056 -0.015717
vn 0.638869 -0.767263 -0.056160
vn 0.583554 -0.804723 -0.109021
vn 0.456760 -0.888295 -0.047983
vn -0.017541 -0.999826 0.006304
vn -0.073995 -0.997259 0.000086
vn -0.082839 -0.996538 -0.007114
vn -0.064339 -0.997774 0.017556
vn -0.043643 -0.998358 0.037103
vn -0.058566 -0.998108 0.018706
vn -0.006642 -0.998843 0.047635
vn 0.026823 -0.999083 0.033388
vn 0.002488 -0.997846 0.065548
vn -0.011173 -0.996950 0.077240
vn -0.074168 -0.996986 -0.022768
vn -0.056324 -0.998026 -0.027766
vn -0.053764 -0.998228 -0.025509
vn -0.051515 -0.998551 -0.015593
vn -0.044716 -0.998984 -0.005592
vn -0.041426 -0.999108 -0.008175
vn -0.059925 -0.998202 0.001302
vn -0.072809 -0.997312 0.008183
vn -0.062883 -0.995897 0.065070
vn -0.055081 -0.996758 0.058646
vn -0.011293 -0.999810 -0.015912
vn -0.007191 -0.999879 -0.013827
vn -0.006332 -0.999976 -0.002754
vn -0.006362 -0.999977 -0.002411
vn -0.004150 -0.999972 0.006232
vn -0.005968 -0.999964 0.006118
vn -0.020963 -0.999765 0.005449
vn -0.036129 -0.999345 -0.001943
vn -0.042524 -0.996771 0.068114
vn -0.026043 -0.997148 0.070841
vn 0.004242 -0.999917 -0.012194
vn 0.005111 -0.999874 -0.015017
vn 0.001290 -0.999991 -0.003937
vn 0.011248 -0.999936 -0.001377
vn 0.019740 -0.999759 0.009608
vn 0.022868 -0.999724 0.005370
vn 0.006611 -0.999877 0.014230
vn -0.007334 -0.999913 0.010954
vn -0.008947 -0.996602 0.081885
vn 0.007993 -0.996870 0.078655
vn 0.055821 -0.998418 -0.006796
vn 0.071917 -0.997408 0.002333
vn 0.083109 -0.996494 -0.009614
vn 0.061292 -0.997997 0.015653
vn 0.051951 -0.998316 0.025810
vn 0.043048 -0.998369 0.037508
vn 0.037055 -0.999152 0.017939
vn 0.021286 -0.999727 0.009650
vn 0.019079 -0.996946 0.075731
vn 0.030631 -0.996714 0.074990
vn 0.023121 -0.999221 0.031999
vn -0.021093 -0.998537 0.049798
vn -0.006279 -0.999518 0.030421
vn -0.034335 -0.998048 0.052164
vn -0.021126 -0.998232 0.055551
vn -0.164129 -0.985911 0.032273
vn 0.005372 -0.997682 0.067830
vn 0.033309 -0.997818 0.057002
vn 0.017029 -0.994849 0.099931
vn 0.008178 -0.994888 0.100650
vn -0.537655 -0.843103 -0.010206
vn -0.709299 -0.704161 -0.032458
vn -0.712620 -0.701416 -0.013692
vn -0.692975 -0.719016 -0.052927
vn -0.650188 -0.756363 -0.071911
vn -0.624650 -0.768941 -0.136168
vn -0.486863 -0.873402 -0.011576
vn -0.298943 -0.954086 0.018784
vn -0.275796 -0.960792 0.028553
vn -0.438801 -0.898059 -0.030719
vn -0.056781 -0.980368 -0.188822
vn -0.595395 -0.777072 -0.204117
vn -0.522937 -0.816656 -0.244153
vn -0.005669 -0.976291 -0.216387
vn -0.023629 -0.960484 -0.277330
vn 0.472670 -0.830757 -0.293984
vn 0.543394 -0.806074 -0.234454
vn 0.031429 -0.972795 -0.229524
vn 0.434034 -0.883245 -0.177462
vn 0.387474 -0.919961 -0.059459
vn 0.358984 -0.933138 0.019597
vn 0.386665 -0.918874 -0.078489
vn 0.252777 -0.967496 0.007426
vn 0.319940 -0.947434 0.002808
vn 0.178827 -0.971141 0.157815
vn 0.120596 -0.944491 0.305603
vn 0.041104 -0.938429 0.343018
vn 0.226282 -0.943766 0.241045
vn 0.329287 -0.935017 0.131576
vn 0.220565 -0.946477 0.235654
vn 0.144160 -0.941095 0.305873
vn -0.021581 -0.994045 0.106816
vn -0.035445 -0.992130 0.120088
vn -0.028907 -0.996448 0.079090
vn -0.042481 -0.968422 0.245671
vn -0.029633 -0.929579 0.367431
vn -0.036835 -0.933485 0.356719
vn -0.037008 -0.925864 0.376040
vn -0.043458 -0.929486 0.366288
vn -0.071527 -0.900682 0.428552
vn -0.046916 -0.891547 0.450491
vn -0.055104 -0.992056 0.113085
vn -0.059044 -0.990532 0.123936
vn -0.044432 -0.997150 0.060970
vn -0.068195 -0.968486 0.239550
vn -0.051759 -0.935197 0.350325
vn -0.049645 -0.939986 0.337581
vn -0.048022 -0.930013 0.364376
vn -0.041456 -0.931585 0.361152
vn -0.044550 -0.884005 0.465351
vn -0.039499 -0.885376 0.463195
vn -0.031636 -0.990726 0.132141
vn -0.024133 -0.989188 0.144651
vn -0.007756 -0.996951 0.077641
vn -0.035723 -0.968237 0.247470
vn -0.025110 -0.938460 0.344475
vn -0.013424 -0.941716 0.336141
vn -0.035617 -0.934900 0.353120
vn -0.044377 -0.937666 0.344692
vn -0.051310 -0.890373 0.452331
vn -0.033226 -0.891464 0.451872
vn 0.010507 -0.990268 0.138778
vn 0.015648 -0.989583 0.143110
vn 0.023446 -0.996635 0.078540
vn 0.009883 -0.968646 0.248249
vn 0.020722 -0.937521 0.347312
vn 0.023715 -0.940020 0.340293
vn 0.011680 -0.934689 0.355274
vn -0.000997 -0.938353 0.345677
vn -0.013055 -0.891804 0.452235
vn 0.009711 -0.891376 0.453161
vn 0.029078 -0.991381 0.127743
vn 0.024696 -0.990483 0.135405
vn 0.040789 -0.995752 0.082548
vn 0.013554 -0.967523 0.252419
vn 0.018534 -0.931595 0.363025
vn 0.015891 -0.933201 0.359003
vn 0.021816 -0.930228 0.366334
vn 0.023748 -0.935426 0.352724
vn 0.005150 -0.888183 0.459462
vn 0.014766 -0.886099 0.463260
vn 0.014549 -0.991440 0.129748
vn 0.007564 -0.992090 0.125304
vn -0.000602 -0.995760 0.091990
vn 0.017157 -0.968306 0.249176
vn 0.038430 -0.929105 0.367813
vn -0.027962 -0.938133 0.345143
vn 0.025408 -0.924899 0.379363
vn 0.011886 -0.928757 0.370499
vn 0.001596 -0.885843 0.463982
vn 0.035935 -0.890577 0.453410
vn -0.365615 -0.929454 -0.049395
vn -0.504236 -0.852066 -0.140465
vn -0.584593 -0.804309 -0.106479
vn -0.425172 -0.905075 0.008291
vn -0.311753 -0.936985 0.157699
vn -0.337695 -0.939994 0.048707
vn -0.206488 -0.942399 0.263149
vn -0.092623 -0.943629 0.317781
vn -0.050115 -0.929274 0.365977
vn -0.129891 -0.939500 0.316968
vn 0.186166 -0.982354 -0.017998
vn -0.362815 -0.931504 -0.025811
vn -0.307877 -0.945802 0.103298
vn 0.261163 -0.963145 0.064381
vn -0.312661 -0.933831 0.173790
vn 0.261973 -0.937060 0.230842
vn 0.332447 -0.939198 0.085949
vn -0.240245 -0.969816 0.041702
vn 0.212014 -0.915988 0.340611
vn 0.191864 -0.971978 -0.135823
vn 0.147170 -0.978982 -0.141195
vn 0.085874 -0.926094 0.367391
vn 0.007365 -0.911684 0.410825
vn 0.066946 -0.930937 0.358992
vn -0.044136 -0.899988 0.433675
vn -0.048460 -0.996943 -0.061290
vn -0.105911 -0.993562 -0.040213
vn -0.075438 -0.849416 0.522304
vn -0.038427 -0.833036 0.551882
vn -0.020088 -0.886807 0.461704
vn -0.077316 -0.818373 0.569463
vn -0.115043 -0.991465 0.061331
vn -0.082396 -0.992378 0.091638
vn -0.032545 -0.830040 0.556754
vn -0.031163 -0.827091 0.561203
vn -0.031427 -0.888003 0.458762
vn -0.038941 -0.788862 0.613336
vn -0.058523 -0.992543 0.106931
vn -0.050118 -0.992552 0.111038
vn -0.029811 -0.837977 0.544891
vn -0.021791 -0.833422 0.552207
vn -0.013168 -0.892178 0.451492
vn -0.032937 -0.787179 0.615845
vn -0.035114 -0.992431 0.117681
vn -0.014924 -0.992994 0.117217
vn 0.007319 -0.838099 0.545469
vn 0.015020 -0.831971 0.554616
vn 0.028856 -0.890619 0.453833
vn 0.000226 -0.788228 0.615383
vn 0.014702 -0.993227 0.115260
vn 0.026189 -0.993517 0.110629
vn 0.009319 -0.831345 0.555678
vn 0.009571 -0.825687 0.564047
vn 0.022724 -0.884582 0.465831
vn -0.000323 -0.796825 0.604211
vn 0.025273 -0.995510 0.091221
vn 0.059192 -0.994321 0.088438
vn 0.064105 -0.848549 0.525219
vn 0.107229 -0.863893 0.492130
vn 0.069077 -0.899587 0.431245
vn 0.149976 -0.856785 0.493383
vn 0.156490 -0.987672 0.003914
vn 0.114309 -0.992746 -0.037281
vn -0.072012 -0.927608 0.366547
vn -0.144535 -0.932036 0.332293
vn -0.202723 -0.947094 0.248829
vn -0.116870 -0.919157 0.376154
vn -0.097913 -0.987749 -0.121511
vn -0.132720 -0.981516 -0.137885
vn 0.611019 -0.535898 0.582640
vn 0.615765 -0.528401 0.584488
vn 0.651341 -0.757185 0.049246
vn 0.218793 -0.804290 0.552492
vn 0.378653 -0.669916 0.638619
vn 0.195203 -0.974194 0.113318
vn 0.038726 -0.856820 0.514160
vn 0.069226 -0.852624 0.517920
vn -0.019295 -0.987345 0.157406
vn -0.071461 -0.829904 0.553310
vn -0.044830 -0.838701 0.542744
vn -0.112777 -0.970380 0.213644
vn -0.006995 -0.798475 0.601987
vn -0.028466 -0.807430 0.589277
vn -0.023872 -0.962471 0.270334
vn 0.048891 -0.773795 0.631546
vn 0.037384 -0.781371 0.622946
vn -0.016963 -0.944278 0.328711
vn -0.063291 -0.710250 0.701099
vn -0.011099 -0.724941 0.688721
vn -0.177408 -0.910735 0.372945
vn -0.302569 -0.630689 0.714621
vn -0.265677 -0.634549 0.725785
vn -0.326346 -0.910812 0.252825
vn -0.294581 -0.683300 0.668075
vn -0.301220 -0.673036 0.675491
vn 0.114521 -0.958801 0.259973
vn 0.059047 -0.822246 0.566061
vn 0.123891 -0.966408 0.225181
vn 0.714610 -0.699515 -0.003341
vn 0.564043 -0.825715 0.007094
vn 0.397327 -0.913231 0.090228
vn 0.068907 -0.983772 0.165667
vn 0.009110 -0.980110 0.198248
vn -0.080006 -0.963755 0.254510
vn -0.109672 -0.962908 0.246539
vn -0.116102 -0.964464 0.237338
vn -0.093416 -0.963705 0.250092
vn -0.055989 -0.976205 0.209498
vn -0.030228 -0.959766 0.279168
vn -0.055760 -0.976856 0.206502
vn -0.088738 -0.947569 0.306983
vn -0.036541 -0.991022 0.128612
vn -0.174664 -0.967927 0.180582
vn -0.263773 -0.964577 0.004001
vn -0.377210 -0.920077 0.105693
vn 0.111805 -0.985831 0.125047
vn 0.088433 -0.991448 0.095970
vn 0.687665 -0.724207 -0.051383
vn 0.457737 -0.889087 0.000624
vn 0.225239 -0.969872 0.092816
vn -0.081934 -0.981945 0.170501
vn -0.096133 -0.969878 0.223818
vn -0.072834 -0.982813 0.169630
vn -0.084521 -0.972187 0.218424
vn -0.037280 -0.993463 0.107892
vn -0.063437 -0.986418 0.151509
vn -0.019382 -0.998384 0.053428
vn -0.033862 -0.993100 0.112279
vn -0.009073 -0.999749 0.020485
vn -0.015478 -0.997843 0.063791
vn 0.040505 -0.999083 -0.013912
vn -0.035259 -0.999356 0.006634
vn -0.290406 -0.956841 0.010927
vn -0.462607 -0.886484 0.011869
vn 0.047216 -0.996372 0.070801
vn 0.037335 -0.996454 0.075409
vn 0.655195 -0.753792 -0.050163
vn 0.383335 -0.923547 0.010724
vn 0.065490 -0.994104 0.086421
vn -0.105974 -0.993048 0.051242
vn -0.088564 -0.989591 0.113431
vn -0.006126 -0.999860 0.015588
vn -0.017629 -0.998466 0.052491
vn -0.000101 -0.999999 0.001762
vn -0.005140 -0.999771 0.020788
vn 0.000007 -1.000000 -0.000009
vn -0.001127 -0.999987 0.005004
vn 0.006429 -0.999979 -0.001077
vn 0.030696 -0.999495 -0.008280
vn 0.057290 -0.998071 -0.023928
vn -0.063796 -0.997841 -0.015585
vn -0.369921 -0.928664 0.027230
vn -0.534980 -0.842043 0.068990
vn -0.017726 -0.996586 0.080639
vn -0.030183 -0.995940 0.084803
vn 0.647648 -0.761858 0.011162
vn 0.417562 -0.908062 0.032646
vn 0.053484 -0.998492 0.012367
vn -0.078917 -0.996403 -0.030861
vn -0.047533 -0.998852 -0.005976
vn -0.011613 -0.999921 -0.004737
vn 0.000010 -1.000000 -0.000002
vn 0.000011 -1.000000 0.000000
vn -0.000000 -1.000000 -0.000012
vn -0.000013 -1.000000 -0.000002
vn -0.000008 -1.000000 0.000005
vn 0.028962 -0.999563 -0.005976
vn 0.063095 -0.997815 -0.019612
vn 0.061785 -0.997606 -0.031068
vn -0.109119 -0.993888 -0.016716
vn -0.464269 -0.885434 0.021459
vn -0.620931 -0.779150 0.085849
vn -0.085017 -0.992180 0.091389
vn -0.099673 -0.991725 0.080916
vn 0.669177 -0.740111 0.066629
vn 0.499957 -0.865342 0.035001
vn 0.137356 -0.990427 -0.013714
vn -0.043230 -0.998647 -0.028912
vn -0.085169 -0.995439 -0.042993
vn -0.061069 -0.997837 -0.024349
vn -0.002706 -0.999996 -0.001020
vn -0.000529 -1.000000 -0.000682
vn -0.000001 -1.000000 0.000011
vn 0.000274 -1.000000 0.000247
vn 0.003394 -0.999994 -0.000432
vn 0.054745 -0.998422 -0.012495
vn 0.097894 -0.994996 -0.019973
vn 0.048578 -0.998817 -0.002171
vn -0.159535 -0.987107 -0.012973
vn -0.535995 -0.844156 0.010521
vn -0.697349 -0.714740 0.053391
vn -0.128873 -0.989492 0.065551
vn -0.140283 -0.989321 0.039559
vn 0.687139 -0.726197 0.021854
vn 0.517721 -0.855421 -0.014848
vn 0.208790 -0.977925 0.008380
vn -0.008933 -0.999608 0.026534
vn -0.091849 -0.995608 -0.018142
vn -0.067188 -0.997691 -0.009954
vn -0.030306 -0.999384 -0.017692
vn -0.016202 -0.999861 -0.003907
vn -0.001553 -0.999998 -0.001496
vn 0.005591 -0.999981 0.002461
vn 0.020230 -0.999767 -0.007545
vn 0.046345 -0.998901 0.007059
vn 0.082832 -0.996563 0.001269
vn 0.009260 -0.998729 0.049546
vn -0.185474 -0.982329 0.025097
vn -0.515797 -0.856643 -0.010819
vn -0.713943 -0.699893 -0.020866
vn -0.109499 -0.993349 -0.035609
vn -0.106862 -0.988326 -0.108593
vn 0.564699 -0.807185 -0.171954
vn 0.312386 -0.946372 0.082426
vn 0.162857 -0.985793 0.041094
vn -0.032608 -0.969594 0.242536
vn -0.046742 -0.996157 0.074075
vn -0.054108 -0.968893 0.241492
vn -0.044549 -0.996823 0.066022
vn -0.035342 -0.968645 0.245921
vn -0.008616 -0.996506 0.083081
vn 0.012204 -0.968087 0.250316
vn 0.023442 -0.996622 0.078714
vn 0.027389 -0.967760 0.250380
vn 0.029221 -0.995261 0.092745
vn 0.021756 -0.966163 0.257013
vn -0.142405 -0.987515 0.067338
vn -0.288436 -0.951120 0.110346
vn -0.555269 -0.812522 -0.177438
vn 0.051534 -0.966599 -0.251057
vn 0.138882 -0.980352 -0.140077
vn 0.277619 -0.947279 0.159970
vn 0.045942 -0.912773 0.405876
vn 0.000566 -0.916763 0.399432
vn -0.117145 -0.837953 0.533022
vn -0.033568 -0.884802 0.464757
vn -0.031452 -0.792433 0.609147
vn -0.042793 -0.889751 0.454436
vn -0.027153 -0.788566 0.614350
vn -0.013425 -0.892079 0.451680
vn 0.005740 -0.789018 0.614343
vn 0.018305 -0.889844 0.455897
vn 0.009262 -0.794479 0.607221
vn 0.012811 -0.884505 0.466356
vn 0.105027 -0.840535 0.531479
vn 0.009053 -0.915402 0.402440
vn -0.030973 -0.915945 0.400107
vn -0.256558 -0.950639 0.174536
vn 0.326448 -0.929953 0.169171
vn 0.426513 -0.863719 0.268471
vn 0.135527 -0.990676 0.013911
vn 0.137994 -0.990387 0.009530
vn 0.129354 -0.991595 0.002512
vn 0.133795 -0.991008 0.001639
vn 0.117201 -0.993105 0.002715
vn 0.121755 -0.992526 0.008186
vn 0.102263 -0.994272 0.031067
vn 0.109758 -0.992928 0.045239
vn 0.105333 -0.992394 0.063705
vn 0.114347 -0.990886 0.071204
vn 0.125705 -0.990556 0.054752
vn 0.118989 -0.992249 0.035828
vn 0.119181 -0.987917 -0.099075
vn 0.074235 -0.979046 -0.189624
vn -0.105229 -0.978608 -0.176788
vn -0.152731 -0.986204 -0.063830
vn -0.408180 -0.871621 0.271414
vn -0.302579 -0.952636 0.030511
vn 0.025080 -0.994231 -0.104292
vn 0.110445 -0.986351 -0.122119
vn -0.137826 -0.989613 0.040877
vn -0.162392 -0.986716 0.004471
vn -0.055436 -0.993324 0.101161
vn -0.050588 -0.994305 0.093799
vn -0.037747 -0.992496 0.116304
vn -0.038211 -0.992605 0.115219
vn 0.011685 -0.993098 0.116702
vn 0.006194 -0.993019 0.117795
vn 0.029243 -0.994582 0.099759
vn 0.033027 -0.993804 0.106128
vn 0.124330 -0.991447 0.039678
vn 0.094956 -0.993737 0.058916
vn -0.012827 -0.994406 -0.104847
vn 0.066828 -0.996005 -0.059222
vn -0.176516 -0.976092 -0.126836
vn 0.319974 -0.946496 0.041982
vn -0.656418 -0.754313 -0.011268
vn -0.359191 -0.555122 0.750214
vn 0.008120 0.069359 0.997559
vn -0.001708 0.127816 0.991796
vn -0.016150 0.172797 0.984825
vn -0.022588 0.149351 0.988526
vn 0.021713 0.108561 0.993853
vn 0.012911 0.140067 0.990058
vn 0.027224 0.148069 0.988602
vn 0.027557 0.222523 0.974538
vn 0.030175 0.251292 0.967441
vn 0.031219 0.309534 0.950376
vn 0.030307 0.332895 0.942477
vn 0.053862 0.402033 0.914040
vn 0.059822 0.432374 0.899708
vn 0.075286 0.517382 0.852436
vn 0.068801 0.469478 0.880260
vn 0.071319 0.378328 0.922920
vn 0.077659 0.350659 0.933278
vn 0.922118 -0.380812 0.068418
vn 0.909021 -0.406808 0.090487
vn -0.650328 -0.759191 0.026519
vn -0.649191 -0.760486 0.014552
vn 0.863563 -0.495390 0.094063
vn 0.852650 -0.517161 0.074384
vn -0.653622 -0.752875 0.077184
vn -0.649332 -0.757303 0.069721
vn 0.815162 -0.578888 0.019987
vn 0.796975 -0.604011 0.001176
vn -0.669843 -0.736876 0.091233
vn -0.661864 -0.743184 0.098049
vn 0.746280 -0.665604 -0.006135
vn 0.726462 -0.687192 -0.004551
vn -0.679207 -0.732205 0.050544
vn -0.677582 -0.731984 0.071286
vn 0.681198 -0.731976 0.013440
vn 0.669460 -0.742586 0.019730
vn -0.665173 -0.746430 0.019681
vn -0.668278 -0.743434 0.026672
vn 0.669490 -0.741956 0.035852
vn 0.676714 -0.735267 0.037961
vn -0.692918 -0.720993 -0.005794
vn -0.676651 -0.736283 0.005589
vn 0.790676 -0.611983 0.017545
vn 0.830573 -0.556467 0.022190
vn -0.881965 -0.471019 0.016691
vn -0.814006 -0.580296 -0.025506
vn 0.949594 -0.309712 0.048469
vn 0.980420 -0.196162 0.017235
vn -0.978366 -0.205755 0.021544
vn -0.976728 -0.213841 0.016539
vn 0.042862 -0.484368 -0.873814
vn 0.061293 -0.526664 -0.847861
vn -0.000275 -0.517099 -0.855925
vn 0.014092 -0.508591 -0.860893
vn -0.066929 -0.710575 -0.700431
vn -0.064584 -0.661092 -0.747520
vn -0.049359 -0.746935 -0.663062
vn -0.050425 -0.739131 -0.671671
vn -0.010764 -0.758848 -0.651178
vn -0.019037 -0.756344 -0.653897
vn 0.032201 -0.747024 -0.664016
vn 0.027924 -0.751767 -0.658838
vn 0.053356 -0.710224 -0.701951
vn 0.044613 -0.721441 -0.691037
vn 0.002381 -0.517881 -0.855450
vn 0.022692 -0.567435 -0.823106
vn -0.045519 -0.485760 -0.872906
vn -0.030518 -0.486312 -0.873252
vn -0.003502 0.083405 0.996510
vn 0.008746 0.088019 0.996080
vn -0.117855 0.300000 0.946631
vn -0.053154 0.182294 0.981806
vn 0.018493 0.123655 0.992153
vn 0.004301 0.118486 0.992946
vn 0.030043 0.191722 0.980989
vn 0.026254 0.205288 0.978349
vn 0.031954 0.265114 0.963688
vn 0.032759 0.297060 0.954297
vn 0.035428 0.344921 0.937963
vn 0.042427 0.370323 0.927934
vn 0.061035 0.478911 0.875739
vn 0.060914 0.477349 0.876600
vn 0.074378 0.459648 0.884981
vn 0.061986 0.412744 0.908735
vn 0.084256 0.330800 0.939932
vn 0.091158 0.323513 0.941822
vn 0.716932 -0.061035 0.694466
vn 0.924284 -0.380037 0.035659
vn 0.916252 -0.396990 0.053684
vn 0.902389 -0.418208 0.103901
vn 0.877934 -0.466790 0.106485
vn 0.840543 -0.539538 0.048847
vn 0.831872 -0.553931 0.033891
vn 0.779302 -0.626474 -0.014778
vn 0.765495 -0.643312 -0.012946
vn 0.708554 -0.705647 -0.003730
vn 0.690790 -0.723040 0.004727
vn 0.662242 -0.748838 0.026041
vn 0.651385 -0.758025 0.033092
vn 0.697948 -0.715334 0.034161
vn 0.711481 -0.702522 0.016053
vn 0.893770 -0.445366 0.053144
vn 0.944023 -0.323598 0.064062
vn 0.984002 -0.177645 0.013516
vn 0.996754 -0.078979 -0.015638
vn -0.654720 -0.755857 -0.004694
vn -0.652841 -0.757480 0.004794
vn -0.655000 -0.754380 0.043436
vn -0.652245 -0.755669 0.059502
vn -0.662220 -0.743730 0.091267
vn -0.659625 -0.744826 0.100648
vn -0.682915 -0.724643 0.092305
vn -0.678193 -0.729490 0.088872
vn -0.682621 -0.729757 0.038516
vn -0.674085 -0.737901 0.033352
vn -0.663054 -0.748408 0.015610
vn -0.674513 -0.738184 0.010818
vn -0.699739 -0.713787 -0.029552
vn -0.779112 -0.626014 -0.033029
vn -0.932125 -0.360459 0.034823
vn -0.941379 -0.335998 0.030172
vn -0.993556 -0.113330 -0.001418
vn -0.670773 -0.581853 -0.459903
vn 0.014123 -0.456388 -0.889669
vn 0.030033 -0.489672 -0.871389
vn -0.051646 -0.635101 -0.770701
vn -0.024660 -0.567890 -0.822735
vn -0.054454 -0.729707 -0.681588
vn -0.061258 -0.721558 -0.689639
vn -0.032514 -0.751603 -0.658813
vn -0.044993 -0.751111 -0.658641
vn 0.014133 -0.752721 -0.658188
vn -0.001372 -0.756925 -0.653501
vn 0.036680 -0.729703 -0.682780
vn 0.032645 -0.739231 -0.672660
vn 0.045452 -0.635579 -0.770697
vn 0.055604 -0.661144 -0.748195
vn -0.015854 -0.447000 -0.894393
vn -0.013771 -0.499890 -0.865980
vn -0.061417 -0.538644 -0.840292
vn 0.681289 -0.569409 -0.460021
s 1
g couette
f 2216/1310/883 2215/1046/884 2217/1307/885 2218/1306/886
f 2220/1315/887 2219/1050/888 2221/1312/889 2222/1311/890
f 2224/1320/891 2223/1054/892 2225/1317/893 2226/1316/894
f 2228/1325/895 2227/1058/896 2229/1322/897 2230/1321/898
f 2232/1330/899 2231/1062/900 2233/1327/901 2234/1326/902
f 2236/1335/903 2235/1066/904 2237/1332/905 2238/1331/906
f 2240/1340/907 2239/1070/908 2241/1337/909 2242/1336/910
f 2244/1345/911 2243/1074/912 2245/1342/913 2246/1341/914
f 2248/1350/915 2247/1078/916 2249/1347/917 2250/1346/918
f 2252/1356/919 2251/1084/920 2253/1353/921 2254/1352/922
f 2256/1361/923 2255/1087/924 2257/1358/925 2258/1357/926
f 2260/1366/927 2259/1090/928 2261/1363/929 2262/1362/930
f 2264/1371/931 2263/1093/932 2265/1368/933 2266/1367/934
f 2268/1376/935 2267/1096/936 2269/1373/937 2270/1372/938
f 2272/1381/939 2271/1099/940 2273/1378/941 2274/1377/942
f 2276/1386/943 2275/1102/944 2277/1383/945 2278/1382/946
f 2280/1391/947 2279/1105/948 2281/1388/949 2282/1387/950
f 2284/1396/951 2283/1108/952 2285/1393/953 2286/1392/954
f 2288/1402/955 2287/1113/956 2289/1399/957 2290/1398/958
f 2292/1407/959 2291/1116/960 2293/1404/961 2294/1403/962
f 2296/1412/963 2295/1119/964 2297/1409/965 2298/1408/966
f 2300/1417/967 2299/1122/968 2301/1414/969 2302/1413/970
f 2304/1422/971 2303/1125/972 2305/1419/973 2306/1418/974
f 2308/1427/975 2307/1128/976 2309/1424/977 2310/1423/978
f 2312/1432/979 2311/1131/980 2313/1429/981 2314/1428/982
f 2316/1437/983 2315/1134/984 2317/1434/985 2318/1433/986
f 2320/1442/987 2319/1137/988 2321/1439/989 2322/1438/990
f 2324/1448/991 2323/1142/992 2325/1445/993 2326/1444/994
f 2328/1453/995 2327/1145/996 2329/1450/997 2330/1449/998
f 2332/1458/999 2331/1148/1000 2333/1455/1001 2334/1454/1002
f 2336/1463/1003 2335/1151/1004 2337/1460/1005 2338/1459/1006
f 2340/1468/1007 2339/1154/1008 2341/1465/1009 2342/1464/1010
f 2344/1473/1011 2343/1157/1012 2345/1470/1013 2346/1469/1014
f 2348/1478/1015 2347/1160/1016 2349/1475/1017 2350/1474/1018
f 2352/1483/1019 2351/1163/1020 2353/1480/1021 2354/1479/1022
f 2356/1488/1023 2355/1166/1024 2357/1485/1025 2358/1484/1026
f 2360/1494/1027 2359/1171/1028 2361/1491/1029 2362/1490/1030
f 2364/1499/1031 2363/1174/1032 2365/1496/1033 2366/1495/1034
f 2368/1504/1035 2367/1177/1036 2369/1501/1037 2370/1500/1038
f 2372/1509/1039 2371/1180/1040 2373/1506/1041 2374/1505/1042
f 2376/1514/1043 2375/1183/1044 2377/1511/1045 2378/1510/1046
f 2380/1519/1047 2379/1186/1048 2381/1516/1049 2382/1515/1050
f 2384/1524/1051 2383/1189/1052 2385/1521/1053 2386/1520/1054
f 2388/1529/1055 2387/1192/1056 2389/1526/1057 2390/1525/1058
f 2392/1534/1059 2391/1195/1060 2393/1531/1061 2394/1530/1062
f 2396/1540/1063 2395/1200/1064 2397/1537/1065 2398/1536/1066
f 2400/1545/1067 2399/1203/1068 2401/1542/1069 2402/1541/1070
f 2404/1550/1071 2403/1206/1072 2405/1547/1073 2406/1546/1074
f 2408/1555/1075 2407/1209/1076 2409/1552/1077 2410/1551/1078
f 2412/1560/1079 2411/1212/1080 2413/1557/1081 2414/1556/1082
f 2416/1565/1083 2415/1215/1084 2417/1562/1085 2418/1561/1086
f 2420/1570/1087 2419/1218/1088 2421/1567/1089 2422/1566/1090
f 2424/1575/1091 2423/1221/1092 2425/1572/1093 2426/1571/1094
f 2428/1580/1095 2427/1224/1096 2429/1577/1097 2430/1576/1098
f 2432/1586/1099 2431/1229/1100 2433/1583/1101 2434/1582/1102
f 2436/1591/1103 2435/1232/1104 2437/1588/1105 2438/1587/1106
f 2440/1596/1107 2439/1235/1108 2441/1593/1109 2442/1592/1110
f 2444/1601/1111 2443/1238/1112 2445/1598/1113 2446/1597/1114
f 2448/1606/1115 2447/1241/1116 2449/1603/1117 2450/1602/1118
f 2452/1611/1119 2451/1244/1120 2453/1608/1121 2454/1607/1122
f 2456/1616/1123 2455/1247/1124 2457/1613/1125 2458/1612/1126
f 2460/1621/1127 2459/1250/1128 2461/1618/1129 2462/1617/1130
f 2464/1626/1131 2463/1253/1132 2465/1623/1133 2466/1622/1134
f 2468/1632/1135 2467/1258/1136 2469/1629/1137 2470/1628/1138
f 2472/1637/1139 2471/1261/1140 2473/1634/1141 2474/1633/1142
f 2476/1642/1143 2475/1264/1144 2477/1639/1145 2478/1638/1146
f 2480/1647/1147 2479/1267/1148 2481/1644/1149 2482/1643/1150
f 2484/1652/1151 2483/1270/1152 2485/1649/1153 2486/1648/1154
f 2488/1657/1155 2487/1273/1156 2489/1654/1157 2490/1653/1158
f 2492/1662/1159 2491/1276/1160 2493/1659/1161 2494/1658/1162
f 2496/1667/1163 2495/1279/1164 2497/1664/1165 2498/1663/1166
f 2500/1672/1167 2499/1282/1168 2501/1669/1169 2502/1668/1170
f 2504/1678/1171 2503/1287/1172 2505/1675/1173 2506/1674/1174
f 2508/1683/1175 2507/1289/1176 2509/1680/1177 2510/1679/1178
f 2512/1688/1179 2511/1291/1180 2513/1685/1181 2514/1684/1182
f 2516/1693/1183 2515/1293/1184 2517/1690/1185 2518/1689/1186
f 2520/1698/1187 2519/1295/1188 2521/1695/1189 2522/1694/1190
f 2524/1703/1191 2523/1297/1192 2525/1700/1193 2526/1699/1194
f 2528/1708/1195 2527/1299/1196 2529/1705/1197 2530/1704/1198
f 2532/1713/1199 2531/1301/1200 2533/1710/1201 2534/1709/1202
f 2536/1718/1203 2535/1303/1204 2537/1715/1205 2538/1714/1206
f 2540/3627/1207 2539/3628/1208 2541/3629/1209 2542/1719/1210
f 2543/1721/1211 2215/1046/884 2544/1723/1212 2545/1722/1213
f 2547/1309/1214 2546/3630/1215 2548/3631/1216 2549/1726/1217
f 2550/1728/1218 2219/1050/888 2551/1730/1219 2552/1729/1220
f 2554/1732/1221 2553/1051/1222 2555/1354/1223 2556/1733/1224
f 2558/1314/1225 2557/3632/1226 2559/3633/1227 2560/1734/1228
f 2561/1736/1229 2223/1054/892 2562/1738/1230 2563/1737/1231
f 2565/1740/1232 2564/1055/1233 2566/1359/1234 2567/1741/1235
f 2569/1319/1236 2568/3634/1237 2570/3635/1238 2571/1742/1239
f 2572/1744/1240 2227/1058/896 2573/1746/1241 2574/1745/1242
f 2576/1748/1243 2575/1059/1244 2577/1364/1245 2578/1749/1246
f 2580/1324/1247 2579/3636/1248 2581/3637/1249 2582/1750/1250
f 2583/1752/1251 2231/1062/900 2584/1754/1252 2585/1753/1253
f 2587/1756/1254 2586/1063/1255 2588/1369/1256 2589/1757/1257
f 2591/1329/1258 2590/3638/1259 2592/3639/1260 2593/1758/1261
f 2594/1760/1262 2235/1066/904 2595/1762/1263 2596/1761/1264
f 2598/1764/1265 2597/1067/1266 2599/1374/1267 2600/1765/1268
f 2602/1334/1269 2601/3640/1270 2603/3641/1271 2604/1766/1272
f 2605/1768/1273 2239/1070/908 2606/1770/1274 2607/1769/1275
f 2609/1772/1276 2608/1071/1277 2610/1379/1278 2611/1773/1279
f 2613/1339/1280 2612/3642/1281 2614/3643/1282 2615/1774/1283
f 2616/1776/1284 2243/1074/912 2617/1778/1285 2618/1777/1286
f 2620/1780/1287 2619/1075/1288 2621/1384/1289 2622/1781/1290
f 2624/1344/1291 2623/3644/1292 2625/3645/1293 2626/1782/1294
f 2627/1784/1295 2247/1078/916 2628/1786/1296 2629/1785/1297
f 2631/1788/1298 2630/1079/1299 2632/1389/1300 2633/1789/1301
f 2635/3646/1302 2634/3647/1303 2636/1394/1304 2637/1791/1305
f 2639/3648/1306 2638/3649/1307 2640/1724/1308 2641/1792/1309
f 2642/1793/1310 2251/1084/920 2643/1795/1311 2644/1794/1312
f 2645/1355/1313 2553/1051/1222 2646/1731/1314 2647/1798/1315
f 2648/1799/1316 2255/1087/924 2649/1801/1317 2650/1800/1318
f 2652/1803/1319 2651/1088/1320 2653/1400/1321 2654/1804/1322
f 2655/1360/1323 2564/1055/1233 2656/1739/1324 2657/1805/1325
f 2658/1806/1326 2259/1090/928 2659/1808/1327 2660/1807/1328
f 2662/1810/1329 2661/1091/1330 2663/1405/1331 2664/1811/1332
f 2665/1365/1333 2575/1059/1244 2666/1747/1334 2667/1812/1335
f 2668/1813/1336 2263/1093/932 2669/1815/1337 2670/1814/1338
f 2672/1817/1339 2671/1094/1340 2673/1410/1341 2674/1818/1342
f 2675/1370/1343 2586/1063/1255 2676/1755/1344 2677/1819/1345
f 2678/1820/1346 2267/1096/936 2679/1822/1347 2680/1821/1348
f 2682/1824/1349 2681/1097/1350 2683/1415/1351 2684/1825/1352
f 2685/1375/1353 2597/1067/1266 2686/1763/1354 2687/1826/1355
f 2688/1827/1356 2271/1099/940 2689/1829/1357 2690/1828/1358
f 2692/1831/1359 2691/1100/1360 2693/1420/1361 2694/1832/1362
f 2695/1380/1363 2608/1071/1277 2696/1771/1364 2697/1833/1365
f 2698/1834/1366 2275/1102/944 2699/1836/1367 2700/1835/1368
f 2702/1838/1369 2701/1103/1370 2703/1425/1371 2704/1839/1372
f 2705/1385/1373 2619/1075/1288 2706/1779/1374 2707/1840/1375
f 2708/1841/1376 2279/1105/948 2709/1843/1377 2710/1842/1378
f 2712/1845/1379 2711/1106/1380 2713/1430/1381 2714/1846/1382
f 2715/1390/1383 2630/1079/1299 2716/1787/1384 2717/1847/1385
f 2718/1848/1386 2283/1108/952 2719/1850/1387 2720/1849/1388
f 2722/1852/1389 2721/1109/1390 2723/1435/1391 2724/1853/1392
f 2726/3650/1393 2725/3651/1394 2727/1440/1395 2728/1855/1396
f 2730/3652/1397 2729/3653/1398 2731/1796/1399 2732/1856/1400
f 2733/1857/1401 2287/1113/956 2734/1859/1402 2735/1858/1403
f 2736/1401/1404 2651/1088/1320 2737/1802/1405 2738/1862/1406
f 2739/1863/1407 2291/1116/960 2740/1865/1408 2741/1864/1409
f 2743/1867/1410 2742/1117/1411 2744/1446/1412 2745/1868/1413
f 2746/1406/1414 2661/1091/1330 2747/1809/1415 2748/1869/1416
f 2749/1870/1417 2295/1119/964 2750/1872/1418 2751/1871/1419
f 2753/1874/1420 2752/1120/1421 2754/1451/1422 2755/1875/1423
f 2756/1411/1424 2671/1094/1340 2757/1816/1425 2758/1876/1426
f 2759/1877/1427 2299/1122/968 2760/1879/1428 2761/1878/1429
f 2763/1881/1430 2762/1123/1431 2764/1456/1432 2765/1882/1433
f 2766/1416/1434 2681/1097/1350 2767/1823/1435 2768/1883/1436
f 2769/1884/1437 2303/1125/972 2770/1886/1438 2771/1885/1439
f 2773/1888/1440 2772/1126/1441 2774/1461/1442 2775/1889/1443
f 2776/1421/1444 2691/1100/1360 2777/1830/1445 2778/1890/1446
f 2779/1891/1447 2307/1128/976 2780/1893/1448 2781/1892/1449
f 2783/1895/1450 2782/1129/1451 2784/1466/1452 2785/1896/1453
f 2786/1426/1454 2701/1103/1370 2787/1837/1455 2788/1897/1456
f 2789/1898/1457 2311/1131/980 2790/1900/1458 2791/1899/1459
f 2793/1902/1460 2792/1132/1461 2794/1471/1462 2795/1903/1463
f 2796/1431/1464 2711/1106/1380 2797/1844/1465 2798/1904/1466
f 2799/1905/1467 2315/1134/984 2800/1907/1468 2801/1906/1469
f 2803/1909/1470 2802/1135/1471 2804/1476/1472 2805/1910/1473
f 2806/1436/1474 2721/1109/1390 2807/1851/1475 2808/1911/1476
f 2809/1912/1477 2319/1137/988 2810/1914/1478 2811/1913/1479
f 2813/1916/1480 2812/1138/1481 2814/1481/1482 2815/1917/1483
f 2817/3654/1484 2816/3655/1485 2818/1486/1486 2819/1919/1487
f 2821/3656/1488 2820/3657/1489 2822/1860/1490 2823/1920/1491
f 2824/1921/1492 2323/1142/992 2825/1923/1493 2826/1922/1494
f 2827/1447/1495 2742/1117/1411 2828/1866/1496 2829/1926/1497
f 2830/1927/1498 2327/1145/996 2831/1929/1499 2832/1928/1500
f 2834/1931/1501 2833/1146/1502 2835/1492/1503 2836/1932/1504
f 2837/1452/1505 2752/1120/1421 2838/1873/1506 2839/1933/1507
f 2840/1934/1508 2331/1148/1000 2841/1936/1509 2842/1935/1510
f 2844/1938/1511 2843/1149/1512 2845/1497/1513 2846/1939/1514
f 2847/1457/1515 2762/1123/1431 2848/1880/1516 2849/1940/1517
f 2850/1941/1518 2335/1151/1004 2851/1943/1519 2852/1942/1520
f 2854/1945/1521 2853/1152/1522 2855/1502/1523 2856/1946/1524
f 2857/1462/1525 2772/1126/1441 2858/1887/1526 2859/1947/1527
f 2860/1948/1528 2339/1154/1008 2861/1950/1529 2862/1949/1530
f 2864/1952/1531 2863/1155/1532 2865/1507/1533 2866/1953/1534
f 2867/1467/1535 2782/1129/1451 2868/1894/1536 2869/1954/1537
f 2870/1955/1538 2343/1157/1012 2871/1957/1539 2872/1956/1540
f 2874/1959/1541 2873/1158/1542 2875/1512/1543 2876/1960/1544
f 2877/1472/1545 2792/1132/1461 2878/1901/1546 2879/1961/1547
f 2880/1962/1548 2347/1160/1016 2881/1964/1549 2882/1963/1550
f 2884/1966/1551 2883/1161/1552 2885/1517/1553 2886/1967/1554
f 2887/1477/1555 2802/1135/1471 2888/1908/1556 2889/1968/1557
f 2890/1969/1558 2351/1163/1020 2891/1971/1559 2892/1970/1560
f 2894/1973/1561 2893/1164/1562 2895/1522/1563 2896/1974/1564
f 2897/1482/1565 2812/1138/1481 2898/1915/1566 2899/1975/1567
f 2900/1976/1568 2355/1166/1024 2901/1978/1569 2902/1977/1570
f 2904/1980/1571 2903/1167/1572 2905/1527/1573 2906/1981/1574
f 2908/3658/1575 2907/3659/1576 2909/1532/1577 2910/1983/1578
f 2912/3660/1579 2911/3661/1580 2913/1924/1581 2914/1984/1582
f 2915/1985/1583 2359/1171/1028 2916/1987/1584 2917/1986/1585
f 2918/1493/1586 2833/1146/1502 2919/1930/1587 2920/1990/1588
f 2921/1991/1589 2363/1174/1032 2922/1993/1590 2923/1992/1591
f 2925/1995/1592 2924/1175/1593 2926/1538/1594 2927/1996/1595
f 2928/1498/1596 2843/1149/1512 2929/1937/1597 2930/1997/1598
f 2931/1998/1599 2367/1177/1036 2932/2000/1600 2933/1999/1601
f 2935/2002/1602 2934/1178/1603 2936/1543/1604 2937/2003/1605
f 2938/1503/1606 2853/1152/1522 2939/1944/1607 2940/2004/1608
f 2941/2005/1609 2371/1180/1040 2942/2007/1610 2943/2006/1611
f 2945/2009/1612 2944/1181/1613 2946/1548/1614 2947/2010/1615
f 2948/1508/1616 2863/1155/1532 2949/1951/1617 2950/2011/1618
f 2951/2012/1619 2375/1183/1044 2952/2014/1620 2953/2013/1621
f 2955/2016/1622 2954/1184/1623 2956/1553/1624 2957/2017/1625
f 2958/1513/1626 2873/1158/1542 2959/1958/1627 2960/2018/1628
f 2961/2019/1629 2379/1186/1048 2962/2021/1630 2963/2020/1631
f 2965/2023/1632 2964/1187/1633 2966/1558/1634 2967/2024/1635
f 2968/1518/1636 2883/1161/1552 2969/1965/1637 2970/2025/1638
f 2971/2026/1639 2383/1189/1052 2972/2028/1640 2973/2027/1641
f 2975/2030/1642 2974/1190/1643 2976/1563/1644 2977/2031/1645
f 2978/1523/1646 2893/1164/1562 2979/1972/1647 2980/2032/1648
f 2981/2033/1649 2387/1192/1056 2982/2035/1650 2983/2034/1651
f 2985/2037/1652 2984/1193/1653 2986/1568/1654 2987/2038/1655
f 2988/1528/1656 2903/1167/1572 2989/1979/1657 2990/2039/1658
f 2991/2040/1659 2391/1195/1060 2992/2042/1660 2993/2041/1661
f 2995/2044/1662 2994/1196/1663 2996/1573/1664 2997/2045/1665
f 2999/3662/1666 2998/3663/1667 3000/1578/1668 3001/2047/1669
f 3003/3664/1670 3002/3665/1671 3004/1988/1672 3005/2048/1673
f 3006/2049/1674 2395/1200/1064 3007/2051/1675 3008/2050/1676
f 3009/1539/1677 2924/1175/1593 3010/1994/1678 3011/2054/1679
f 3012/2055/1680 2399/1203/1068 3013/2057/1681 3014/2056/1682
f 3016/2059/1683 3015/1204/1684 3017/1584/1685 3018/2060/1686
f 3019/1544/1687 2934/1178/1603 3020/2001/1688 3021/2061/1689
f 3022/2062/1690 2403/1206/1072 3023/2064/1691 3024/2063/1692
f 3026/2066/1693 3025/1207/1694 3027/1589/1695 3028/2067/1696
f 3029/1549/1697 2944/1181/1613 3030/2008/1698 3031/2068/1699
f 3032/2069/1700 2407/1209/1076 3033/2071/1701 3034/2070/1702
f 3036/2073/1703 3035/1210/1704 3037/1594/1705 3038/2074/1706
f 3039/1554/1707 2954/1184/1623 3040/2015/1708 3041/2075/1709
f 3042/2076/1710 2411/1212/1080 3043/2078/1711 3044/2077/1712
f 3046/2080/1713 3045/1213/1714 3047/1599/1715 3048/2081/1716
f 3049/1559/1717 2964/1187/1633 3050/2022/1718 3051/2082/1719
f 3052/2083/1720 2415/1215/1084 3053/2085/1721 3054/2084/1722
f 3056/2087/1723 3055/1216/1724 3057/1604/1725 3058/2088/1726
f 3059/1564/1727 2974/1190/1643 3060/2029/1728 3061/2089/1729
f 3062/2090/1730 2419/1218/1088 3063/2092/1731 3064/2091/1732
f 3066/2094/1733 3065/1219/1734 3067/1609/1735 3068/2095/1736
f 3069/1569/1737 2984/1193/1653 3070/2036/1738 3071/2096/1739
f 3072/2097/1740 2423/1221/1092 3073/2099/1741 3074/2098/1742
f 3076/2101/1743 3075/1222/1744 3077/1614/1745 3078/2102/1746
f 3079/1574/1747 2994/1196/1663 3080/2043/1748 3081/2103/1749
f 3082/2104/1750 2427/1224/1096 3083/2106/1751 3084/2105/1752
f 3086/2108/1753 3085/1225/1754 3087/1619/1755 3088/2109/1756
f 3090/3666/1757 3089/3667/1758 3091/1624/1759 3092/2111/1760
f 3094/3668/1761 3093/3669/1762 3095/2052/1763 3096/2112/1764
f 3097/2113/1765 2431/1229/1100 3098/2115/1766 3099/2114/1767
f 3100/1585/1768 3015/1204/1684 3101/2058/1769 3102/2118/1770
f 3103/2119/1771 2435/1232/1104 3104/2121/1772 3105/2120/1773
f 3107/2123/1774 3106/1233/1775 3108/1630/1776 3109/2124/1777
f 3110/1590/1778 3025/1207/1694 3111/2065/1779 3112/2125/1780
f 3113/2126/1781 2439/1235/1108 3114/2128/1782 3115/2127/1783
f 3117/2130/1784 3116/1236/1785 3118/1635/1786 3119/2131/1787
f 3120/1595/1788 3035/1210/1704 3121/2072/1789 3122/2132/1790
f 3123/2133/1791 2443/1238/1112 3124/2135/1792 3125/2134/1793
f 3127/2137/1794 3126/1239/1795 3128/1640/1796 3129/2138/1797
f 3130/1600/1798 3045/1213/1714 3131/2079/1799 3132/2139/1800
f 3133/2140/1801 2447/1241/1116 3134/2142/1802 3135/2141/1803
f 3137/2144/1804 3136/1242/1805 3138/1645/1806 3139/2145/1807
f 3140/1605/1808 3055/1216/1724 3141/2086/1809 3142/2146/1810
f 3143/2147/1811 2451/1244/1120 3144/2149/1812 3145/2148/1813
f 3147/2151/1814 3146/1245/1815 3148/1650/1816 3149/2152/1817
f 3150/1610/1818 3065/1219/1734 3151/2093/1819 3152/2153/1820
f 3153/2154/1821 2455/1247/1124 3154/2156/1822 3155/2155/1823
f 3157/2158/1824 3156/1248/1825 3158/1655/1826 3159/2159/1827
f 3160/1615/1828 3075/1222/1744 3161/2100/1829 3162/2160/1830
f 3163/2161/1831 2459/1250/1128 3164/2163/1832 3165/2162/1833
f 3167/2165/1834 3166/1251/1835 3168/1660/1836 3169/2166/1837
f 3170/1620/1838 3085/1225/1754 3171/2107/1839 3172/2167/1840
f 3173/2168/1841 2463/1253/1132 3174/2170/1842 3175/2169/1843
f 3177/2172/1844 3176/1254/1845 3178/1665/1846 3179/2173/1847
f 3181/3670/1848 3180/3671/1849 3182/1670/1850 3183/2175/1851
f 3185/3672/1852 3184/3673/1853 3186/2116/1854 3187/2176/1855
f 3188/2177/1856 2467/1258/1136 3189/2179/1857 3190/2178/1858
f 3191/1631/1859 3106/1233/1775 3192/2122/1860 3193/2182/1861
f 3194/2183/1862 2471/1261/1140 3195/2185/1863 3196/2184/1864
f 3198/2187/1865 3197/1262/1866 3199/1676/1867 3200/2188/1868
f 3201/1636/1869 3116/1236/1785 3202/2129/1870 3203/2189/1871
f 3204/2190/1872 2475/1264/1144 3205/2192/1873 3206/2191/1874
f 3208/2194/1875 3207/1265/1876 3209/1681/1877 3210/2195/1878
f 3211/1641/1879 3126/1239/1795 3212/2136/1880 3213/2196/1881
f 3214/2197/1882 2479/1267/1148 3215/2199/1883 3216/2198/1884
f 3218/2201/1885 3217/1268/1886 3219/1686/1887 3220/2202/1888
f 3221/1646/1889 3136/1242/1805 3222/2143/1890 3223/2203/1891
f 3224/2204/1892 2483/1270/1152 3225/2206/1893 3226/2205/1894
f 3228/2208/1895 3227/1271/1896 3229/1691/1897 3230/2209/1898
f 3231/1651/1899 3146/1245/1815 3232/2150/1900 3233/2210/1901
f 3234/2211/1902 2487/1273/1156 3235/2213/1903 3236/2212/1904
f 3238/2215/1905 3237/1274/1906 3239/1696/1907 3240/2216/1908
f 3241/1656/1909 3156/1248/1825 3242/2157/1910 3243/2217/1911
f 3244/2218/1912 2491/1276/1160 3245/2220/1913 3246/2219/1914
f 3248/2222/1915 3247/1277/1916 3249/1701/1917 3250/2223/1918
f 3251/1661/1919 3166/1251/1835 3252/2164/1920 3253/2224/1921
f 3254/2225/1922 2495/1279/1164 3255/2227/1923 3256/2226/1924
f 3258/2229/1925 3257/1280/1926 3259/1706/1927 3260/2230/1928
f 3261/1666/1929 3176/1254/1845 3262/2171/1930 3263/2231/1931
f 3264/2232/1932 2499/1282/1168 3265/2234/1933 3266/2233/1934
f 3268/2236/1935 3267/1283/1936 3269/1711/1937 3270/2237/1938
f 3272/3674/1939 3271/3675/1940 3273/1716/1941 3274/2239/1942
f 3276/3676/1943 3275/3677/1944 3277/2180/1945 3278/2240/1946
f 3279/2241/1947 2503/1287/1172 3280/3678/1948 3281/3679/1949
f 3282/1677/1950 3197/1262/1866 3283/2186/1951 3284/2245/1952
f 3285/2246/1953 2507/1289/1176 3286/3680/1954 3287/3681/1955
f 3288/1682/1956 3207/1265/1876 3289/2193/1957 3290/2251/1958
f 3291/2252/1959 2511/1291/1180 3292/3682/1960 3293/3683/1961
f 3294/1687/1962 3217/1268/1886 3295/2200/1963 3296/2257/1964
f 3297/2258/1965 2515/1293/1184 3298/3684/1966 3299/3685/1967
f 3300/1692/1968 3227/1271/1896 3301/2207/1969 3302/2263/1970
f 3303/2264/1971 2519/1295/1188 3304/3686/1972 3305/3687/1973
f 3306/1697/1974 3237/1274/1906 3307/2214/1975 3308/2269/1976
f 3309/2270/1977 2523/1297/1192 3310/3688/1978 3311/3689/1979
f 3312/1702/1980 3247/1277/1916 3313/2221/1981 3314/2275/1982
f 3315/2276/1983 2527/1299/1196 3316/3690/1984 3317/3691/1985
f 3318/1707/1986 3257/1280/1926 3319/2228/1987 3320/2281/1988
f 3321/2282/1989 2531/1301/1200 3322/3692/1990 3323/3693/1991
f 3324/1712/1992 3267/1283/1936 3325/2235/1993 3326/2287/1994
f 3327/2288/1995 2535/1303/1204 3328/3694/1996 3329/3695/1997
f 2217/1307/885 3330/3696/1998 3331/3697/1999 2218/1306/886
f 3331/3697/1999 2546/3630/1215 2547/1309/1214 2218/1306/886
f 2547/1309/1214 3332/1048/2000 2216/1310/883 2218/1306/886
f 2221/1312/889 3333/3698/2001 3334/3699/2002 2222/1311/890
f 3334/3699/2002 2557/3632/1226 2558/1314/1225 2222/1311/890
f 2558/1314/1225 3335/1052/2003 2220/1315/887 2222/1311/890
f 2225/1317/893 3336/3700/2004 3337/3701/2005 2226/1316/894
f 3337/3701/2005 2568/3634/1237 2569/1319/1236 2226/1316/894
f 2569/1319/1236 3338/1056/2006 2224/1320/891 2226/1316/894
f 2229/1322/897 3339/3702/2007 3340/3703/2008 2230/1321/898
f 3340/3703/2008 2579/3636/1248 2580/1324/1247 2230/1321/898
f 2580/1324/1247 3341/1060/2009 2228/1325/895 2230/1321/898
f 2233/1327/901 3342/3704/2010 3343/3705/2011 2234/1326/902
f 3343/3705/2011 2590/3638/1259 2591/1329/1258 2234/1326/902
f 2591/1329/1258 3344/1064/2012 2232/1330/899 2234/1326/902
f 2237/1332/905 3345/3706/2013 3346/3707/2014 2238/1331/906
f 3346/3707/2014 2601/3640/1270 2602/1334/1269 2238/1331/906
f 2602/1334/1269 3347/1068/2015 2236/1335/903 2238/1331/906
f 2241/1337/909 3348/3708/2016 3349/3709/2017 2242/1336/910
f 3349/3709/2017 2612/3642/1281 2613/1339/1280 2242/1336/910
f 2613/1339/1280 3350/1072/2018 2240/1340/907 2242/1336/910
f 2245/1342/913 3351/3710/2019 3352/3711/2020 2246/1341/914
f 3352/3711/2020 2623/3644/1292 2624/1344/1291 2246/1341/914
f 2624/1344/1291 3353/1076/2021 2244/1345/911 2246/1341/914
f 2249/1347/917 3354/3712/2022 3355/3713/2023 2250/1346/918
f 3355/3713/2023 3356/3714/2024 3357/3715/2025 2250/1346/918
f 3357/3715/2025 3358/3716/2026 2248/1350/915 2250/1346/918
f 2253/1353/921 3359/972/2027 2555/1354/1223 2254/1352/922
f 2555/1354/1223 2553/1051/1222 2645/1355/1313 2254/1352/922
f 2645/1355/1313 3360/1086/2028 2252/1356/919 2254/1352/922
f 2257/1358/925 3361/973/2029 2566/1359/1234 2258/1357/926
f 2566/1359/1234 2564/1055/1233 2655/1360/1323 2258/1357/926
f 2655/1360/1323 3362/1089/2030 2256/1361/923 2258/1357/926
f 2261/1363/929 3363/974/2031 2577/1364/1245 2262/1362/930
f 2577/1364/1245 2575/1059/1244 2665/1365/1333 2262/1362/930
f 2665/1365/1333 3364/1092/2032 2260/1366/927 2262/1362/930
f 2265/1368/933 3365/975/2033 2588/1369/1256 2266/1367/934
f 2588/1369/1256 2586/1063/1255 2675/1370/1343 2266/1367/934
f 2675/1370/1343 3366/1095/2034 2264/1371/931 2266/1367/934
f 2269/1373/937 3367/976/2035 2599/1374/1267 2270/1372/938
f 2599/1374/1267 2597/1067/1266 2685/1375/1353 2270/1372/938
f 2685/1375/1353 3368/1098/2036 2268/1376/935 2270/1372/938
f 2273/1378/941 3369/977/2037 2610/1379/1278 2274/1377/942
f 2610/1379/1278 2608/1071/1277 2695/1380/1363 2274/1377/942
f 2695/1380/1363 3370/1101/2038 2272/1381/939 2274/1377/942
f 2277/1383/945 3371/978/2039 2621/1384/1289 2278/1382/946
f 2621/1384/1289 2619/1075/1288 2705/1385/1373 2278/1382/946
f 2705/1385/1373 3372/1104/2040 2276/1386/943 2278/1382/946
f 2281/1388/949 3373/979/2041 2632/1389/1300 2282/1387/950
f 2632/1389/1300 2630/1079/1299 2715/1390/1383 2282/1387/950
f 2715/1390/1383 3374/1107/2042 2280/1391/947 2282/1387/950
f 2285/1393/953 3375/980/2043 2636/1394/1304 2286/1392/954
f 2636/1394/1304 2634/3647/1303 3376/3717/2044 2286/1392/954
f 3376/3717/2044 3377/3718/2045 2284/1396/951 2286/1392/954
f 2289/1399/957 3378/981/2046 2653/1400/1321 2290/1398/958
f 2653/1400/1321 2651/1088/1320 2736/1401/1404 2290/1398/958
f 2736/1401/1404 3379/1115/2047 2288/1402/955 2290/1398/958
f 2293/1404/961 3380/982/2048 2663/1405/1331 2294/1403/962
f 2663/1405/1331 2661/1091/1330 2746/1406/1414 2294/1403/962
f 2746/1406/1414 3381/1118/2049 2292/1407/959 2294/1403/962
f 2297/1409/965 3382/983/2050 2673/1410/1341 2298/1408/966
f 2673/1410/1341 2671/1094/1340 2756/1411/1424 2298/1408/966
f 2756/1411/1424 3383/1121/2051 2296/1412/963 2298/1408/966
f 2301/1414/969 3384/984/2052 2683/1415/1351 2302/1413/970
f 2683/1415/1351 2681/1097/1350 2766/1416/1434 2302/1413/970
f 2766/1416/1434 3385/1124/2053 2300/1417/967 2302/1413/970
f 2305/1419/973 3386/985/2054 2693/1420/1361 2306/1418/974
f 2693/1420/1361 2691/1100/1360 2776/1421/1444 2306/1418/974
f 2776/1421/1444 3387/1127/2055 2304/1422/971 2306/1418/974
f 2309/1424/977 3388/986/2056 2703/1425/1371 2310/1423/978
f 2703/1425/1371 2701/1103/1370 2786/1426/1454 2310/1423/978
f 2786/1426/1454 3389/1130/2057 2308/1427/975 2310/1423/978
f 2313/1429/981 3390/987/2058 2713/1430/1381 2314/1428/982
f 2713/1430/1381 2711/1106/1380 2796/1431/1464 2314/1428/982
f 2796/1431/1464 3391/1133/2059 2312/1432/979 2314/1428/982
f 2317/1434/985 3392/988/2060 2723/1435/1391 2318/1433/986
f 2723/1435/1391 2721/1109/1390 2806/1436/1474 2318/1433/986
f 2806/1436/1474 3393/1136/2061 2316/1437/983 2318/1433/986
f 2321/1439/989 3394/989/2062 2727/1440/1395 2322/1438/990
f 2727/1440/1395 2725/3651/1394 3395/3719/2063 2322/1438/990
f 3395/3719/2063 3396/3720/2064 2320/1442/987 2322/1438/990
f 2325/1445/993 3397/990/2065 2744/1446/1412 2326/1444/994
f 2744/1446/1412 2742/1117/1411 2827/1447/1495 2326/1444/994
f 2827/1447/1495 3398/1144/2066 2324/1448/991 2326/1444/994
f 2329/1450/997 3399/991/2067 2754/1451/1422 2330/1449/998
f 2754/1451/1422 2752/1120/1421 2837/1452/1505 2330/1449/998
f 2837/1452/1505 3400/1147/2068 2328/1453/995 2330/1449/998
f 2333/1455/1001 3401/992/2069 2764/1456/1432 2334/1454/1002
f 2764/1456/1432 2762/1123/1431 2847/1457/1515 2334/1454/1002
f 2847/1457/1515 3402/1150/2070 2332/1458/999 2334/1454/1002
f 2337/1460/1005 3403/993/2071 2774/1461/1442 2338/1459/1006
f 2774/1461/1442 2772/1126/1441 2857/1462/1525 2338/1459/1006
f 2857/1462/1525 3404/1153/2072 2336/1463/1003 2338/1459/1006
f 2341/1465/1009 3405/994/2073 2784/1466/1452 2342/1464/1010
f 2784/1466/1452 2782/1129/1451 2867/1467/1535 2342/1464/1010
f 2867/1467/1535 3406/1156/2074 2340/1468/1007 2342/1464/1010
f 2345/1470/1013 3407/995/2075 2794/1471/1462 2346/1469/1014
f 2794/1471/1462 2792/1132/1461 2877/1472/1545 2346/1469/1014
f 2877/1472/1545 3408/1159/2076 2344/1473/1011 2346/1469/1014
f 2349/1475/1017 3409/996/2077 2804/1476/1472 2350/1474/1018
f 2804/1476/1472 2802/1135/1471 2887/1477/1555 2350/1474/1018
f 2887/1477/1555 3410/1162/2078 2348/1478/1015 2350/1474/1018
f 2353/1480/1021 3411/997/2079 2814/1481/1482 2354/1479/1022
f 2814/1481/1482 2812/1138/1481 2897/1482/1565 2354/1479/1022
f 2897/1482/1565 3412/1165/2080 2352/1483/1019 2354/1479/1022
f 2357/1485/1025 3413/998/2081 2818/1486/1486 2358/1484/1026
f 2818/1486/1486 2816/3655/1485 3414/3721/2082 2358/1484/1026
f 3414/3721/2082 3415/3722/2083 2356/1488/1023 2358/1484/1026
f 2361/1491/1029 3416/999/2084 2835/1492/1503 2362/1490/1030
f 2835/1492/1503 2833/1146/1502 2918/1493/1586 2362/1490/1030
f 2918/1493/1586 3417/1173/2085 2360/1494/1027 2362/1490/1030
f 2365/1496/1033 3418/1000/2086 2845/1497/1513 2366/1495/1034
f 2845/1497/1513 2843/1149/1512 2928/1498/1596 2366/1495/1034
f 2928/1498/1596 3419/1176/2087 2364/1499/1031 2366/1495/1034
f 2369/1501/1037 3420/1001/2088 2855/1502/1523 2370/1500/1038
f 2855/1502/1523 2853/1152/1522 2938/1503/1606 2370/1500/1038
f 2938/1503/1606 3421/1179/2089 2368/1504/1035 2370/1500/1038
f 2373/1506/1041 3422/1002/2090 2865/1507/1533 2374/1505/1042
f 2865/1507/1533 2863/1155/1532 2948/1508/1616 2374/1505/1042
f 2948/1508/1616 3423/1182/2091 2372/1509/1039 2374/1505/1042
f 2377/1511/1045 3424/1003/2092 2875/1512/1543 2378/1510/1046
f 2875/1512/1543 2873/1158/1542 2958/1513/1626 2378/1510/1046
f 2958/1513/1626 3425/1185/2093 2376/1514/1043 2378/1510/1046
f 2381/1516/1049 3426/1004/2094 2885/1517/1553 2382/1515/1050
f 2885/1517/1553 2883/1161/1552 2968/1518/1636 2382/1515/1050
f 2968/1518/1636 3427/1188/2095 2380/1519/1047 2382/1515/1050
f 2385/1521/1053 3428/1005/2096 2895/1522/1563 2386/1520/1054
f 2895/1522/1563 2893/1164/1562 2978/1523/1646 2386/1520/1054
f 2978/1523/1646 3429/1191/2097 2384/1524/1051 2386/1520/1054
f 2389/1526/1057 3430/1006/2098 2905/1527/1573 2390/1525/1058
f 2905/1527/1573 2903/1167/1572 2988/1528/1656 2390/1525/1058
f 2988/1528/1656 3431/1194/2099 2388/1529/1055 2390/1525/1058
f 2393/1531/1061 3432/1007/2100 2909/1532/1577 2394/1530/1062
f 2909/1532/1577 2907/3659/1576 3433/3723/2101 2394/1530/1062
f 3433/3723/2101 3434/3724/2102 2392/1534/1059 2394/1530/1062
f 2397/1537/1065 3435/1008/2103 2926/1538/1594 2398/1536/1066
f 2926/1538/1594 2924/1175/1593 3009/1539/1677 2398/1536/1066
f 3009/1539/1677 3436/1202/2104 2396/1540/1063 2398/1536/1066
f 2401/1542/1069 3437/1009/2105 2936/1543/1604 2402/1541/1070
f 2936/1543/1604 2934/1178/1603 3019/1544/1687 2402/1541/1070
f 3019/1544/1687 3438/1205/2106 2400/1545/1067 2402/1541/1070
f 2405/1547/1073 3439/1010/2107 2946/1548/1614 2406/1546/1074
f 2946/1548/1614 2944/1181/1613 3029/1549/1697 2406/1546/1074
f 3029/1549/1697 3440/1208/2108 2404/1550/1071 2406/1546/1074
f 2409/1552/1077 3441/1011/2109 2956/1553/1624 2410/1551/1078
f 2956/1553/1624 2954/1184/1623 3039/1554/1707 2410/1551/1078
f 3039/1554/1707 3442/1211/2110 2408/1555/1075 2410/1551/1078
f 2413/1557/1081 3443/1012/2111 2966/1558/1634 2414/1556/1082
f 2966/1558/1634 2964/1187/1633 3049/1559/1717 2414/1556/1082
f 3049/1559/1717 3444/1214/2112 2412/1560/1079 2414/1556/1082
f 2417/1562/1085 3445/1013/2113 2976/1563/1644 2418/1561/1086
f 2976/1563/1644 2974/1190/1643 3059/1564/1727 2418/1561/1086
f 3059/1564/1727 3446/1217/2114 2416/1565/1083 2418/1561/1086
f 2421/1567/1089 3447/1014/2115 2986/1568/1654 2422/1566/1090
f 2986/1568/1654 2984/1193/1653 3069/1569/1737 2422/1566/1090
f 3069/1569/1737 3448/1220/2116 2420/1570/1087 2422/1566/1090
f 2425/1572/1093 3449/1015/2117 2996/1573/1664 2426/1571/1094
f 2996/1573/1664 2994/1196/1663 3079/1574/1747 2426/1571/1094
f 3079/1574/1747 3450/1223/2118 2424/1575/1091 2426/1571/1094
f 2429/1577/1097 3451/1016/2119 3000/1578/1668 2430/1576/1098
f 3000/1578/1668 2998/3663/1667 3452/3725/2120 2430/1576/1098
f 3452/3725/2120 3453/3726/2121 2428/1580/1095 2430/1576/1098
f 2433/1583/1101 3454/1017/2122 3017/1584/1685 2434/1582/1102
f 3017/1584/1685 3015/1204/1684 3100/1585/1768 2434/1582/1102
f 3100/1585/1768 3455/1231/2123 2432/1586/1099 2434/1582/1102
f 2437/1588/1105 3456/1018/2124 3027/1589/1695 2438/1587/1106
f 3027/1589/1695 3025/1207/1694 3110/1590/1778 2438/1587/1106
f 3110/1590/1778 3457/1234/2125 2436/1591/1103 2438/1587/1106
f 2441/1593/1109 3458/1019/2126 3037/1594/1705 2442/1592/1110
f 3037/1594/1705 3035/1210/1704 3120/1595/1788 2442/1592/1110
f 3120/1595/1788 3459/1237/2127 2440/1596/1107 2442/1592/1110
f 2445/1598/1113 3460/1020/2128 3047/1599/1715 2446/1597/1114
f 3047/1599/1715 3045/1213/1714 3130/1600/1798 2446/1597/1114
f 3130/1600/1798 3461/1240/2129 2444/1601/1111 2446/1597/1114
f 2449/1603/1117 3462/1021/2130 3057/1604/1725 2450/1602/1118
f 3057/1604/1725 3055/1216/1724 3140/1605/1808 2450/1602/1118
f 3140/1605/1808 3463/1243/2131 2448/1606/1115 2450/1602/1118
f 2453/1608/1121 3464/1022/2132 3067/1609/1735 2454/1607/1122
f 3067/1609/1735 3065/1219/1734 3150/1610/1818 2454/1607/1122
f 3150/1610/1818 3465/1246/2133 2452/1611/1119 2454/1607/1122
f 2457/1613/1125 3466/1023/2134 3077/1614/1745 2458/1612/1126
f 3077/1614/1745 3075/1222/1744 3160/1615/1828 2458/1612/1126
f 3160/1615/1828 3467/1249/2135 2456/1616/1123 2458/1612/1126
f 2461/1618/1129 3468/1024/2136 3087/1619/1755 2462/1617/1130
f 3087/1619/1755 3085/1225/1754 3170/1620/1838 2462/1617/1130
f 3170/1620/1838 3469/1252/2137 2460/1621/1127 2462/1617/1130
f 2465/1623/1133 3470/1025/2138 3091/1624/1759 2466/1622/1134
f 3091/1624/1759 3089/3667/1758 3471/3727/2139 2466/1622/1134
f 3471/3727/2139 3472/3728/2140 2464/1626/1131 2466/1622/1134
f 2469/1629/1137 3473/1026/2141 3108/1630/1776 2470/1628/1138
f 3108/1630/1776 3106/1233/1775 3191/1631/1859 2470/1628/1138
f 3191/1631/1859 3474/1260/2142 2468/1632/1135 2470/1628/1138
f 2473/1634/1141 3475/1027/2143 3118/1635/1786 2474/1633/1142
f 3118/1635/1786 3116/1236/1785 3201/1636/1869 2474/1633/1142
f 3201/1636/1869 3476/1263/2144 2472/1637/1139 2474/1633/1142
f 2477/1639/1145 3477/1028/2145 3128/1640/1796 2478/1638/1146
f 3128/1640/1796 3126/1239/1795 3211/1641/1879 2478/1638/1146
f 3211/1641/1879 3478/1266/2146 2476/1642/1143 2478/1638/1146
f 2481/1644/1149 3479/1029/2147 3138/1645/1806 2482/1643/1150
f 3138/1645/1806 3136/1242/1805 3221/1646/1889 2482/1643/1150
f 3221/1646/1889 3480/1269/2148 2480/1647/1147 2482/1643/1150
f 2485/1649/1153 3481/1030/2149 3148/1650/1816 2486/1648/1154
f 3148/1650/1816 3146/1245/1815 3231/1651/1899 2486/1648/1154
f 3231/1651/1899 3482/1272/2150 2484/1652/1151 2486/1648/1154
f 2489/1654/1157 3483/1031/2151 3158/1655/1826 2490/1653/1158
f 3158/1655/1826 3156/1248/1825 3241/1656/1909 2490/1653/1158
f 3241/1656/1909 3484/1275/2152 2488/1657/1155 2490/1653/1158
f 2493/1659/1161 3485/1032/2153 3168/1660/1836 2494/1658/1162
f 3168/1660/1836 3166/1251/1835 3251/1661/1919 2494/1658/1162
f 3251/1661/1919 3486/1278/2154 2492/1662/1159 2494/1658/1162
f 2497/1664/1165 3487/1033/2155 3178/1665/1846 2498/1663/1166
f 3178/1665/1846 3176/1254/1845 3261/1666/1929 2498/1663/1166
f 3261/1666/1929 3488/1281/2156 2496/1667/1163 2498/1663/1166
f 2501/1669/1169 3489/1034/2157 3182/1670/1850 2502/1668/1170
f 3182/1670/1850 3180/3671/1849 3490/3729/2158 2502/1668/1170
f 3490/3729/2158 3491/3730/2159 2500/1672/1167 2502/1668/1170
f 2505/1675/1173 3492/1035/2160 3199/1676/1867 2506/1674/1174
f 3199/1676/1867 3197/1262/1866 3282/1677/1950 2506/1674/1174
f 3282/1677/1950 3493/1288/2161 2504/1678/1171 2506/1674/1174
f 2509/1680/1177 3494/1036/2162 3209/1681/1877 2510/1679/1178
f 3209/1681/1877 3207/1265/1876 3288/1682/1956 2510/1679/1178
f 3288/1682/1956 3495/1290/2163 2508/1683/1175 2510/1679/1178
f 2513/1685/1181 3496/1037/2164 3219/1686/1887 2514/1684/1182
f 3219/1686/1887 3217/1268/1886 3294/1687/1962 2514/1684/1182
f 3294/1687/1962 3497/1292/2165 2512/1688/1179 2514/1684/1182
f 2517/1690/1185 3498/1038/2166 3229/1691/1897 2518/1689/1186
f 3229/1691/1897 3227/1271/1896 3300/1692/1968 2518/1689/1186
f 3300/1692/1968 3499/1294/2167 2516/1693/1183 2518/1689/1186
f 2521/1695/1189 3500/1039/2168 3239/1696/1907 2522/1694/1190
f 3239/1696/1907 3237/1274/1906 3306/1697/1974 2522/1694/1190
f 3306/1697/1974 3501/1296/2169 2520/1698/1187 2522/1694/1190
f 2525/1700/1193 3502/1040/2170 3249/1701/1917 2526/1699/1194
f 3249/1701/1917 3247/1277/1916 3312/1702/1980 2526/1699/1194
f 3312/1702/1980 3503/1298/2171 2524/1703/1191 2526/1699/1194
f 2529/1705/1197 3504/1041/2172 3259/1706/1927 2530/1704/1198
f 3259/1706/1927 3257/1280/1926 3318/1707/1986 2530/1704/1198
f 3318/1707/1986 3505/1300/2173 2528/1708/1195 2530/1704/1198
f 2533/1710/1201 3506/1042/2174 3269/1711/1937 2534/1709/1202
f 3269/1711/1937 3267/1283/1936 3324/1712/1992 2534/1709/1202
f 3324/1712/1992 3507/1302/2175 2532/1713/1199 2534/1709/1202
f 2537/1715/1205 3508/1043/2176 3273/1716/1941 2538/1714/1206
f 3273/1716/1941 3271/3675/1940 3509/3731/2177 2538/1714/1206
f 3509/3731/2177 3510/3732/2178 2536/1718/1203 2538/1714/1206
f 2541/3629/1209 3330/3696/1998 2217/1307/885 2542/1719/1210
f 2217/1307/885 2215/1046/884 2543/1721/1211 2542/1719/1210
f 2543/1721/1211 3511/3733/2179 2540/3627/1207 2542/1719/1210
f 2544/1723/1212 3359/972/2027 2640/1724/1308 2545/1722/1213
f 2640/1724/1308 2638/3649/1307 3512/3734/2180 2545/1722/1213
f 3512/3734/2180 3511/3733/2179 2543/1721/1211 2545/1722/1213
f 2548/3631/1216 3333/3698/2001 2221/1312/889 2549/1726/1217
f 2221/1312/889 2219/1050/888 2550/1728/1218 2549/1726/1217
f 2550/1728/1218 3332/1048/2000 2547/1309/1214 2549/1726/1217
f 2551/1730/1219 3361/973/2029 2646/1731/1314 2552/1729/1220
f 2646/1731/1314 2553/1051/1222 2554/1732/1221 2552/1729/1220
f 2554/1732/1221 3332/1048/2000 2550/1728/1218 2552/1729/1220
f 2555/1354/1223 3359/972/2027 2544/1723/1212 2556/1733/1224
f 2544/1723/1212 2215/1046/884 2216/1310/883 2556/1733/1224
f 2216/1310/883 3332/1048/2000 2554/1732/1221 2556/1733/1224
f 2559/3633/1227 3336/3700/2004 2225/1317/893 2560/1734/1228
f 2225/1317/893 2223/1054/892 2561/1736/1229 2560/1734/1228
f 2561/1736/1229 3335/1052/2003 2558/1314/1225 2560/1734/1228
f 2562/1738/1230 3363/974/2031 2656/1739/1324 2563/1737/1231
f 2656/1739/1324 2564/1055/1233 2565/1740/1232 2563/1737/1231
f 2565/1740/1232 3335/1052/2003 2561/1736/1229 2563/1737/1231
f 2566/1359/1234 3361/973/2029 2551/1730/1219 2567/1741/1235
f 2551/1730/1219 2219/1050/888 2220/1315/887 2567/1741/1235
f 2220/1315/887 3335/1052/2003 2565/1740/1232 2567/1741/1235
f 2570/3635/1238 3339/3702/2007 2229/1322/897 2571/1742/1239
f 2229/1322/897 2227/1058/896 2572/1744/1240 2571/1742/1239
f 2572/1744/1240 3338/1056/2006 2569/1319/1236 2571/1742/1239
f 2573/1746/1241 3365/975/2033 2666/1747/1334 2574/1745/1242
f 2666/1747/1334 2575/1059/1244 2576/1748/1243 2574/1745/1242
f 2576/1748/1243 3338/1056/2006 2572/1744/1240 2574/1745/1242
f 2577/1364/1245 3363/974/2031 2562/1738/1230 2578/1749/1246
f 2562/1738/1230 2223/1054/892 2224/1320/891 2578/1749/1246
f 2224/1320/891 3338/1056/2006 2576/1748/1243 2578/1749/1246
f 2581/3637/1249 3342/3704/2010 2233/1327/901 2582/1750/1250
f 2233/1327/901 2231/1062/900 2583/1752/1251 2582/1750/1250
f 2583/1752/1251 3341/1060/2009 2580/1324/1247 2582/1750/1250
f 2584/1754/1252 3367/976/2035 2676/1755/1344 2585/1753/1253
f 2676/1755/1344 2586/1063/1255 2587/1756/1254 2585/1753/1253
f 2587/1756/1254 3341/1060/2009 2583/1752/1251 2585/1753/1253
f 2588/1369/1256 3365/975/2033 2573/1746/1241 2589/1757/1257
f 2573/1746/1241 2227/1058/896 2228/1325/895 2589/1757/1257
f 2228/1325/895 3341/1060/2009 2587/1756/1254 2589/1757/1257
f 2592/3639/1260 3345/3706/2013 2237/1332/905 2593/1758/1261
f 2237/1332/905 2235/1066/904 2594/1760/1262 2593/1758/1261
f 2594/1760/1262 3344/1064/2012 2591/1329/1258 2593/1758/1261
f 2595/1762/1263 3369/977/2037 2686/1763/1354 2596/1761/1264
f 2686/1763/1354 2597/1067/1266 2598/1764/1265 2596/1761/1264
f 2598/1764/1265 3344/1064/2012 2594/1760/1262 2596/1761/1264
f 2599/1374/1267 3367/976/2035 2584/1754/1252 2600/1765/1268
f 2584/1754/1252 2231/1062/900 2232/1330/899 2600/1765/1268
f 2232/1330/899 3344/1064/2012 2598/1764/1265 2600/1765/1268
f 2603/3641/1271 3348/3708/2016 2241/1337/909 2604/1766/1272
f 2241/1337/909 2239/1070/908 2605/1768/1273 2604/1766/1272
f 2605/1768/1273 3347/1068/2015 2602/1334/1269 2604/1766/1272
f 2606/1770/1274 3371/978/2039 2696/1771/1364 2607/1769/1275
f 2696/1771/1364 2608/1071/1277 2609/1772/1276 2607/1769/1275
f 2609/1772/1276 3347/1068/2015 2605/1768/1273 2607/1769/1275
f 2610/1379/1278 3369/977/2037 2595/1762/1263 2611/1773/1279
f 2595/1762/1263 2235/1066/904 2236/1335/903 2611/1773/1279
f 2236/1335/903 3347/1068/2015 2609/1772/1276 2611/1773/1279
f 2614/3643/1282 3351/3710/2019 2245/1342/913 2615/1774/1283
f 2245/1342/913 2243/1074/912 2616/1776/1284 2615/1774/1283
f 2616/1776/1284 3350/1072/2018 2613/1339/1280 2615/1774/1283
f 2617/1778/1285 3373/979/2041 2706/1779/1374 2618/1777/1286
f 2706/1779/1374 2619/1075/1288 2620/1780/1287 2618/1777/1286
f 2620/1780/1287 3350/1072/2018 2616/1776/1284 2618/1777/1286
f 2621/1384/1289 3371/978/2039 2606/1770/1274 2622/1781/1290
f 2606/1770/1274 2239/1070/908 2240/1340/907 2622/1781/1290
f 2240/1340/907 3350/1072/2018 2620/1780/1287 2622/1781/1290
f 2625/3645/1293 3354/3712/2022 2249/1347/917 2626/1782/1294
f 2249/1347/917 2247/1078/916 2627/1784/1295 2626/1782/1294
f 2627/1784/1295 3353/1076/2021 2624/1344/1291 2626/1782/1294
f 2628/1786/1296 3375/980/2043 2716/1787/1384 2629/1785/1297
f 2716/1787/1384 2630/1079/1299 2631/1788/1298 2629/1785/1297
f 2631/1788/1298 3353/1076/2021 2627/1784/1295 2629/1785/1297
f 2632/1389/1300 3373/979/2041 2617/1778/1285 2633/1789/1301
f 2617/1778/1285 2243/1074/912 2244/1345/911 2633/1789/1301
f 2244/1345/911 3353/1076/2021 2631/1788/1298 2633/1789/1301
f 2636/1394/1304 3375/980/2043 2628/1786/1296 2637/1791/1305
f 2628/1786/1296 2247/1078/916 2248/1350/915 2637/1791/1305
f 2248/1350/915 3358/3716/2026 2635/3646/1302 2637/1791/1305
f 2640/1724/1308 3359/972/2027 2253/1353/921 2641/1792/1309
f 2253/1353/921 2251/1084/920 2642/1793/1310 2641/1792/1309
f 2642/1793/1310 3513/3735/2181 2639/3648/1306 2641/1792/1309
f 2643/1795/1311 3378/981/2046 2731/1796/1399 2644/1794/1312
f 2731/1796/1399 2729/3653/1398 3514/3736/2182 2644/1794/1312
f 3514/3736/2182 3513/3735/2181 2642/1793/1310 2644/1794/1312
f 2646/1731/1314 3361/973/2029 2257/1358/925 2647/1798/1315
f 2257/1358/925 2255/1087/924 2648/1799/1316 2647/1798/1315
f 2648/1799/1316 3360/1086/2028 2645/1355/1313 2647/1798/1315
f 2649/1801/1317 3380/982/2048 2737/1802/1405 2650/1800/1318
f 2737/1802/1405 2651/1088/1320 2652/1803/1319 2650/1800/1318
f 2652/1803/1319 3360/1086/2028 2648/1799/1316 2650/1800/1318
f 2653/1400/1321 3378/981/2046 2643/1795/1311 2654/1804/1322
f 2643/1795/1311 2251/1084/920 2252/1356/919 2654/1804/1322
f 2252/1356/919 3360/1086/2028 2652/1803/1319 2654/1804/1322
f 2656/1739/1324 3363/974/2031 2261/1363/929 2657/1805/1325
f 2261/1363/929 2259/1090/928 2658/1806/1326 2657/1805/1325
f 2658/1806/1326 3362/1089/2030 2655/1360/1323 2657/1805/1325
f 2659/1808/1327 3382/983/2050 2747/1809/1415 2660/1807/1328
f 2747/1809/1415 2661/1091/1330 2662/1810/1329 2660/1807/1328
f 2662/1810/1329 3362/1089/2030 2658/1806/1326 2660/1807/1328
f 2663/1405/1331 3380/982/2048 2649/1801/1317 2664/1811/1332
f 2649/1801/1317 2255/1087/924 2256/1361/923 2664/1811/1332
f 2256/1361/923 3362/1089/2030 2662/1810/1329 2664/1811/1332
f 2666/1747/1334 3365/975/2033 2265/1368/933 2667/1812/1335
f 2265/1368/933 2263/1093/932 2668/1813/1336 2667/1812/1335
f 2668/1813/1336 3364/1092/2032 2665/1365/1333 2667/1812/1335
f 2669/1815/1337 3384/984/2052 2757/1816/1425 2670/1814/1338
f 2757/1816/1425 2671/1094/1340 2672/1817/1339 2670/1814/1338
f 2672/1817/1339 3364/1092/2032 2668/1813/1336 2670/1814/1338
f 2673/1410/1341 3382/983/2050 2659/1808/1327 2674/1818/1342
f 2659/1808/1327 2259/1090/928 2260/1366/927 2674/1818/1342
f 2260/1366/927 3364/1092/2032 2672/1817/1339 2674/1818/1342
f 2676/1755/1344 3367/976/2035 2269/1373/937 2677/1819/1345
f 2269/1373/937 2267/1096/936 2678/1820/1346 2677/1819/1345
f 2678/1820/1346 3366/1095/2034 2675/1370/1343 2677/1819/1345
f 2679/1822/1347 3386/985/2054 2767/1823/1435 2680/1821/1348
f 2767/1823/1435 2681/1097/1350 2682/1824/1349 2680/1821/1348
f 2682/1824/1349 3366/1095/2034 2678/1820/1346 2680/1821/1348
f 2683/1415/1351 3384/984/2052 2669/1815/1337 2684/1825/1352
f 2669/1815/1337 2263/1093/932 2264/1371/931 2684/1825/1352
f 2264/1371/931 3366/1095/2034 2682/1824/1349 2684/1825/1352
f 2686/1763/1354 3369/977/2037 2273/1378/941 2687/1826/1355
f 2273/1378/941 2271/1099/940 2688/1827/1356 2687/1826/1355
f 2688/1827/1356 3368/1098/2036 2685/1375/1353 2687/1826/1355
f 2689/1829/1357 3388/986/2056 2777/1830/1445 2690/1828/1358
f 2777/1830/1445 2691/1100/1360 2692/1831/1359 2690/1828/1358
f 2692/1831/1359 3368/1098/2036 2688/1827/1356 2690/1828/1358
f 2693/1420/1361 3386/985/2054 2679/1822/1347 2694/1832/1362
f 2679/1822/1347 2267/1096/936 2268/1376/935 2694/1832/1362
f 2268/1376/935 3368/1098/2036 2692/1831/1359 2694/1832/1362
f 2696/1771/1364 3371/978/2039 2277/1383/945 2697/1833/1365
f 2277/1383/945 2275/1102/944 2698/1834/1366 2697/1833/1365
f 2698/1834/1366 3370/1101/2038 2695/1380/1363 2697/1833/1365
f 2699/1836/1367 3390/987/2058 2787/1837/1455 2700/1835/1368
f 2787/1837/1455 2701/1103/1370 2702/1838/1369 2700/1835/1368
f 2702/1838/1369 3370/1101/2038 2698/1834/1366 2700/1835/1368
f 2703/1425/1371 3388/986/2056 2689/1829/1357 2704/1839/1372
f 2689/1829/1357 2271/1099/940 2272/1381/939 2704/1839/1372
f 2272/1381/939 3370/1101/2038 2702/1838/1369 2704/1839/1372
f 2706/1779/1374 3373/979/2041 2281/1388/949 2707/1840/1375
f 2281/1388/949 2279/1105/948 2708/1841/1376 2707/1840/1375
f 2708/1841/1376 3372/1104/2040 2705/1385/1373 2707/1840/1375
f 2709/1843/1377 3392/988/2060 2797/1844/1465 2710/1842/1378
f 2797/1844/1465 2711/1106/1380 2712/1845/1379 2710/1842/1378
f 2712/1845/1379 3372/1104/2040 2708/1841/1376 2710/1842/1378
f 2713/1430/1381 3390/987/2058 2699/1836/1367 2714/1846/1382
f 2699/1836/1367 2275/1102/944 2276/1386/943 2714/1846/1382
f 2276/1386/943 3372/1104/2040 2712/1845/1379 2714/1846/1382
f 2716/1787/1384 3375/980/2043 2285/1393/953 2717/1847/1385
f 2285/1393/953 2283/1108/952 2718/1848/1386 2717/1847/1385
f 2718/1848/1386 3374/1107/2042 2715/1390/1383 2717/1847/1385
f 2719/1850/1387 3394/989/2062 2807/1851/1475 2720/1849/1388
f 2807/1851/1475 2721/1109/1390 2722/1852/1389 2720/1849/1388
f 2722/1852/1389 3374/1107/2042 2718/1848/1386 2720/1849/1388
f 2723/1435/1391 3392/988/2060 2709/1843/1377 2724/1853/1392
f 2709/1843/1377 2279/1105/948 2280/1391/947 2724/1853/1392
f 2280/1391/947 3374/1107/2042 2722/1852/1389 2724/1853/1392
f 2727/1440/1395 3394/989/2062 2719/1850/1387 2728/1855/1396
f 2719/1850/1387 2283/1108/952 2284/1396/951 2728/1855/1396
f 2284/1396/951 3377/3718/2045 2726/3650/1393 2728/1855/1396
f 2731/1796/1399 3378/981/2046 2289/1399/957 2732/1856/1400
f 2289/1399/957 2287/1113/956 2733/1857/1401 2732/1856/1400
f 2733/1857/1401 3515/3737/2183 2730/3652/1397 2732/1856/1400
f 2734/1859/1402 3397/990/2065 2822/1860/1490 2735/1858/1403
f 2822/1860/1490 2820/3657/1489 3516/3738/2184 2735/1858/1403
f 3516/3738/2184 3515/3737/2183 2733/1857/1401 2735/1858/1403
f 2737/1802/1405 3380/982/2048 2293/1404/961 2738/1862/1406
f 2293/1404/961 2291/1116/960 2739/1863/1407 2738/1862/1406
f 2739/1863/1407 3379/1115/2047 2736/1401/1404 2738/1862/1406
f 2740/1865/1408 3399/991/2067 2828/1866/1496 2741/1864/1409
f 2828/1866/1496 2742/1117/1411 2743/1867/1410 2741/1864/1409
f 2743/1867/1410 3379/1115/2047 2739/1863/1407 2741/1864/1409
f 2744/1446/1412 3397/990/2065 2734/1859/1402 2745/1868/1413
f 2734/1859/1402 2287/1113/956 2288/1402/955 2745/1868/1413
f 2288/1402/955 3379/1115/2047 2743/1867/1410 2745/1868/1413
f 2747/1809/1415 3382/983/2050 2297/1409/965 2748/1869/1416
f 2297/1409/965 2295/1119/964 2749/1870/1417 2748/1869/1416
f 2749/1870/1417 3381/1118/2049 2746/1406/1414 2748/1869/1416
f 2750/1872/1418 3401/992/2069 2838/1873/1506 2751/1871/1419
f 2838/1873/1506 2752/1120/1421 2753/1874/1420 2751/1871/1419
f 2753/1874/1420 3381/1118/2049 2749/1870/1417 2751/1871/1419
f 2754/1451/1422 3399/991/2067 2740/1865/1408 2755/1875/1423
f 2740/1865/1408 2291/1116/960 2292/1407/959 2755/1875/1423
f 2292/1407/959 3381/1118/2049 2753/1874/1420 2755/1875/1423
f 2757/1816/1425 3384/984/2052 2301/1414/969 2758/1876/1426
f 2301/1414/969 2299/1122/968 2759/1877/1427 2758/1876/1426
f 2759/1877/1427 3383/1121/2051 2756/1411/1424 2758/1876/1426
f 2760/1879/1428 3403/993/2071 2848/1880/1516 2761/1878/1429
f 2848/1880/1516 2762/1123/1431 2763/1881/1430 2761/1878/1429
f 2763/1881/1430 3383/1121/2051 2759/1877/1427 2761/1878/1429
f 2764/1456/1432 3401/992/2069 2750/1872/1418 2765/1882/1433
f 2750/1872/1418 2295/1119/964 2296/1412/963 2765/1882/1433
f 2296/1412/963 3383/1121/2051 2763/1881/1430 2765/1882/1433
f 2767/1823/1435 3386/985/2054 2305/1419/973 2768/1883/1436
f 2305/1419/973 2303/1125/972 2769/1884/1437 2768/1883/1436
f 2769/1884/1437 3385/1124/2053 2766/1416/1434 2768/1883/1436
f 2770/1886/1438 3405/994/2073 2858/1887/1526 2771/1885/1439
f 2858/1887/1526 2772/1126/1441 2773/1888/1440 2771/1885/1439
f 2773/1888/1440 3385/1124/2053 2769/1884/1437 2771/1885/1439
f 2774/1461/1442 3403/993/2071 2760/1879/1428 2775/1889/1443
f 2760/1879/1428 2299/1122/968 2300/1417/967 2775/1889/1443
f 2300/1417/967 3385/1124/2053 2773/1888/1440 2775/1889/1443
f 2777/1830/1445 3388/986/2056 2309/1424/977 2778/1890/1446
f 2309/1424/977 2307/1128/976 2779/1891/1447 2778/1890/1446
f 2779/1891/1447 3387/1127/2055 2776/1421/1444 2778/1890/1446
f 2780/1893/1448 3407/995/2075 2868/1894/1536 2781/1892/1449
f 2868/1894/1536 2782/1129/1451 2783/1895/1450 2781/1892/1449
f 2783/1895/1450 3387/1127/2055 2779/1891/1447 2781/1892/1449
f 2784/1466/1452 3405/994/2073 2770/1886/1438 2785/1896/1453
f 2770/1886/1438 2303/1125/972 2304/1422/971 2785/1896/1453
f 2304/1422/971 3387/1127/2055 2783/1895/1450 2785/1896/1453
f 2787/1837/1455 3390/987/2058 2313/1429/981 2788/1897/1456
f 2313/1429/981 2311/1131/980 2789/1898/1457 2788/1897/1456
f 2789/1898/1457 3389/1130/2057 2786/1426/1454 2788/1897/1456
f 2790/1900/1458 3409/996/2077 2878/1901/1546 2791/1899/1459
f 2878/1901/1546 2792/1132/1461 2793/1902/1460 2791/1899/1459
f 2793/1902/1460 3389/1130/2057 2789/1898/1457 2791/1899/1459
f 2794/1471/1462 3407/995/2075 2780/1893/1448 2795/1903/1463
f 2780/1893/1448 2307/1128/976 2308/1427/975 2795/1903/1463
f 2308/1427/975 3389/1130/2057 2793/1902/1460 2795/1903/1463
f 2797/1844/1465 3392/988/2060 2317/1434/985 2798/1904/1466
f 2317/1434/985 2315/1134/984 2799/1905/1467 2798/1904/1466
f 2799/1905/1467 3391/1133/2059 2796/1431/1464 2798/1904/1466
f 2800/1907/1468 3411/997/2079 2888/1908/1556 2801/1906/1469
f 2888/1908/1556 2802/1135/1471 2803/1909/1470 2801/1906/1469
f 2803/1909/1470 3391/1133/2059 2799/1905/1467 2801/1906/1469
f 2804/1476/1472 3409/996/2077 2790/1900/1458 2805/1910/1473
f 2790/1900/1458 2311/1131/980 2312/1432/979 2805/1910/1473
f 2312/1432/979 3391/1133/2059 2803/1909/1470 2805/1910/1473
f 2807/1851/1475 3394/989/2062 2321/1439/989 2808/1911/1476
f 2321/1439/989 2319/1137/988 2809/1912/1477 2808/1911/1476
f 2809/1912/1477 3393/1136/2061 2806/1436/1474 2808/1911/1476
f 2810/1914/1478 3413/998/2081 2898/1915/1566 2811/1913/1479
f 2898/1915/1566 2812/1138/1481 2813/1916/1480 2811/1913/1479
f 2813/1916/1480 3393/1136/2061 2809/1912/1477 2811/1913/1479
f 2814/1481/1482 3411/997/2079 2800/1907/1468 2815/1917/1483
f 2800/1907/1468 2315/1134/984 2316/1437/983 2815/1917/1483
f 2316/1437/983 3393/1136/2061 2813/1916/1480 2815/1917/1483
f 2818/1486/1486 3413/998/2081 2810/1914/1478 2819/1919/1487
f 2810/1914/1478 2319/1137/988 2320/1442/987 2819/1919/1487
f 2320/1442/987 3396/3720/2064 2817/3654/1484 2819/1919/1487
f 2822/1860/1490 3397/990/2065 2325/1445/993 2823/1920/1491
f 2325/1445/993 2323/1142/992 2824/1921/1492 2823/1920/1491
f 2824/1921/1492 3517/3739/2185 2821/3656/1488 2823/1920/1491
f 2825/1923/1493 3416/999/2084 2913/1924/1581 2826/1922/1494
f 2913/1924/1581 2911/3661/1580 3518/3740/2186 2826/1922/1494
f 3518/3740/2186 3517/3739/2185 2824/1921/1492 2826/1922/1494
f 2828/1866/1496 3399/991/2067 2329/1450/997 2829/1926/1497
f 2329/1450/997 2327/1145/996 2830/1927/1498 2829/1926/1497
f 2830/1927/1498 3398/1144/2066 2827/1447/1495 2829/1926/1497
f 2831/1929/1499 3418/1000/2086 2919/1930/1587 2832/1928/1500
f 2919/1930/1587 2833/1146/1502 2834/1931/1501 2832/1928/1500
f 2834/1931/1501 3398/1144/2066 2830/1927/1498 2832/1928/1500
f 2835/1492/1503 3416/999/2084 2825/1923/1493 2836/1932/1504
f 2825/1923/1493 2323/1142/992 2324/1448/991 2836/1932/1504
f 2324/1448/991 3398/1144/2066 2834/1931/1501 2836/1932/1504
f 2838/1873/1506 3401/992/2069 2333/1455/1001 2839/1933/1507
f 2333/1455/1001 2331/1148/1000 2840/1934/1508 2839/1933/1507
f 2840/1934/1508 3400/1147/2068 2837/1452/1505 2839/1933/1507
f 2841/1936/1509 3420/1001/2088 2929/1937/1597 2842/1935/1510
f 2929/1937/1597 2843/1149/1512 2844/1938/1511 2842/1935/1510
f 2844/1938/1511 3400/1147/2068 2840/1934/1508 2842/1935/1510
f 2845/1497/1513 3418/1000/2086 2831/1929/1499 2846/1939/1514
f 2831/1929/1499 2327/1145/996 2328/1453/995 2846/1939/1514
f 2328/1453/995 3400/1147/2068 2844/1938/1511 2846/1939/1514
f 2848/1880/1516 3403/993/2071 2337/1460/1005 2849/1940/1517
f 2337/1460/1005 2335/1151/1004 2850/1941/1518 2849/1940/1517
f 2850/1941/1518 3402/1150/2070 2847/1457/1515 2849/1940/1517
f 2851/1943/1519 3422/1002/2090 2939/1944/1607 2852/1942/1520
f 2939/1944/1607 2853/1152/1522 2854/1945/1521 2852/1942/1520
f 2854/1945/1521 3402/1150/2070 2850/1941/1518 2852/1942/1520
f 2855/1502/1523 3420/1001/2088 2841/1936/1509 2856/1946/1524
f 2841/1936/1509 2331/1148/1000 2332/1458/999 2856/1946/1524
f 2332/1458/999 3402/1150/2070 2854/1945/1521 2856/1946/1524
f 2858/1887/1526 3405/994/2073 2341/1465/1009 2859/1947/1527
f 2341/1465/1009 2339/1154/1008 2860/1948/1528 2859/1947/1527
f 2860/1948/1528 3404/1153/2072 2857/1462/1525 2859/1947/1527
f 2861/1950/1529 3424/1003/2092 2949/1951/1617 2862/1949/1530
f 2949/1951/1617 2863/1155/1532 2864/1952/1531 2862/1949/1530
f 2864/1952/1531 3404/1153/2072 2860/1948/1528 2862/1949/1530
f 2865/1507/1533 3422/1002/2090 2851/1943/1519 2866/1953/1534
f 2851/1943/1519 2335/1151/1004 2336/1463/1003 2866/1953/1534
f 2336/1463/1003 3404/1153/2072 2864/1952/1531 2866/1953/1534
f 2868/1894/1536 3407/995/2075 2345/1470/1013 2869/1954/1537
f 2345/1470/1013 2343/1157/1012 2870/1955/1538 2869/1954/1537
f 2870/1955/1538 3406/1156/2074 2867/1467/1535 2869/1954/1537
f 2871/1957/1539 3426/1004/2094 2959/1958/1627 2872/1956/1540
f 2959/1958/1627 2873/1158/1542 2874/1959/1541 2872/1956/1540
f 2874/1959/1541 3406/1156/2074 2870/1955/1538 2872/1956/1540
f 2875/1512/1543 3424/1003/2092 2861/1950/1529 2876/1960/1544
f 2861/1950/1529 2339/1154/1008 2340/1468/1007 2876/1960/1544
f 2340/1468/1007 3406/1156/2074 2874/1959/1541 2876/1960/1544
f 2878/1901/1546 3409/996/2077 2349/1475/1017 2879/1961/1547
f 2349/1475/1017 2347/1160/1016 2880/1962/1548 2879/1961/1547
f 2880/1962/1548 3408/1159/2076 2877/1472/1545 2879/1961/1547
f 2881/1964/1549 3428/1005/2096 2969/1965/1637 2882/1963/1550
f 2969/1965/1637 2883/1161/1552 2884/1966/1551 2882/1963/1550
f 2884/1966/1551 3408/1159/2076 2880/1962/1548 2882/1963/1550
f 2885/1517/1553 3426/1004/2094 2871/1957/1539 2886/1967/1554
f 2871/1957/1539 2343/1157/1012 2344/1473/1011 2886/1967/1554
f 2344/1473/1011 3408/1159/2076 2884/1966/1551 2886/1967/1554
f 2888/1908/1556 3411/997/2079 2353/1480/1021 2889/1968/1557
f 2353/1480/1021 2351/1163/1020 2890/1969/1558 2889/1968/1557
f 2890/1969/1558 3410/1162/2078 2887/1477/1555 2889/1968/1557
f 2891/1971/1559 3430/1006/2098 2979/1972/1647 2892/1970/1560
f 2979/1972/1647 2893/1164/1562 2894/1973/1561 2892/1970/1560
f 2894/1973/1561 3410/1162/2078 2890/1969/1558 2892/1970/1560
f 2895/1522/1563 3428/1005/2096 2881/1964/1549 2896/1974/1564
f 2881/1964/1549 2347/1160/1016 2348/1478/1015 2896/1974/1564
f 2348/1478/1015 3410/1162/2078 2894/1973/1561 2896/1974/1564
f 2898/1915/1566 3413/998/2081 2357/1485/1025 2899/1975/1567
f 2357/1485/1025 2355/1166/1024 2900/1976/1568 2899/1975/1567
f 2900/1976/1568 3412/1165/2080 2897/1482/1565 2899/1975/1567
f 2901/1978/1569 3432/1007/2100 2989/1979/1657 2902/1977/1570
f 2989/1979/1657 2903/1167/1572 2904/1980/1571 2902/1977/1570
f 2904/1980/1571 3412/1165/2080 2900/1976/1568 2902/1977/1570
f 2905/1527/1573 3430/1006/2098 2891/1971/1559 2906/1981/1574
f 2891/1971/1559 2351/1163/1020 2352/1483/1019 2906/1981/1574
f 2352/1483/1019 3412/1165/2080 2904/1980/1571 2906/1981/1574
f 2909/1532/1577 3432/1007/2100 2901/1978/1569 2910/1983/1578
f 2901/1978/1569 2355/1166/1024 2356/1488/1023 2910/1983/1578
f 2356/1488/1023 3415/3722/2083 2908/3658/1575 2910/1983/1578
f 2913/1924/1581 3416/999/2084 2361/1491/1029 2914/1984/1582
f 2361/1491/1029 2359/1171/1028 2915/1985/1583 2914/1984/1582
f 2915/1985/1583 3519/3741/2187 2912/3660/1579 2914/1984/1582
f 2916/1987/1584 3435/1008/2103 3004/1988/1672 2917/1986/1585
f 3004/1988/1672 3002/3665/1671 3520/3742/2188 2917/1986/1585
f 3520/3742/2188 3519/3741/2187 2915/1985/1583 2917/1986/1585
f 2919/1930/1587 3418/1000/2086 2365/1496/1033 2920/1990/1588
f 2365/1496/1033 2363/1174/1032 2921/1991/1589 2920/1990/1588
f 2921/1991/1589 3417/1173/2085 2918/1493/1586 2920/1990/1588
f 2922/1993/1590 3437/1009/2105 3010/1994/1678 2923/1992/1591
f 3010/1994/1678 2924/1175/1593 2925/1995/1592 2923/1992/1591
f 2925/1995/1592 3417/1173/2085 2921/1991/1589 2923/1992/1591
f 2926/1538/1594 3435/1008/2103 2916/1987/1584 2927/1996/1595
f 2916/1987/1584 2359/1171/1028 2360/1494/1027 2927/1996/1595
f 2360/1494/1027 3417/1173/2085 2925/1995/1592 2927/1996/1595
f 2929/1937/1597 3420/1001/2088 2369/1501/1037 2930/1997/1598
f 2369/1501/1037 2367/1177/1036 2931/1998/1599 2930/1997/1598
f 2931/1998/1599 3419/1176/2087 2928/1498/1596 2930/1997/1598
f 2932/2000/1600 3439/1010/2107 3020/2001/1688 2933/1999/1601
f 3020/2001/1688 2934/1178/1603 2935/2002/1602 2933/1999/1601
f 2935/2002/1602 3419/1176/2087 2931/1998/1599 2933/1999/1601
f 2936/1543/1604 3437/1009/2105 2922/1993/1590 2937/2003/1605
f 2922/1993/1590 2363/1174/1032 2364/1499/1031 2937/2003/1605
f 2364/1499/1031 3419/1176/2087 2935/2002/1602 2937/2003/1605
f 2939/1944/1607 3422/1002/2090 2373/1506/1041 2940/2004/1608
f 2373/1506/1041 2371/1180/1040 2941/2005/1609 2940/2004/1608
f 2941/2005/1609 3421/1179/2089 2938/1503/1606 2940/2004/1608
f 2942/2007/1610 3441/1011/2109 3030/2008/1698 2943/2006/1611
f 3030/2008/1698 2944/1181/1613 2945/2009/1612 2943/2006/1611
f 2945/2009/1612 3421/1179/2089 2941/2005/1609 2943/2006/1611
f 2946/1548/1614 3439/1010/2107 2932/2000/1600 2947/2010/1615
f 2932/2000/1600 2367/1177/1036 2368/1504/1035 2947/2010/1615
f 2368/1504/1035 3421/1179/2089 2945/2009/1612 2947/2010/1615
f 2949/1951/1617 3424/1003/2092 2377/1511/1045 2950/2011/1618
f 2377/1511/1045 2375/1183/1044 2951/2012/1619 2950/2011/1618
f 2951/2012/1619 3423/1182/2091 2948/1508/1616 2950/2011/1618
f 2952/2014/1620 3443/1012/2111 3040/2015/1708 2953/2013/1621
f 3040/2015/1708 2954/1184/1623 2955/2016/1622 2953/2013/1621
f 2955/2016/1622 3423/1182/2091 2951/2012/1619 2953/2013/1621
f 2956/1553/1624 3441/1011/2109 2942/2007/1610 2957/2017/1625
f 2942/2007/1610 2371/1180/1040 2372/1509/1039 2957/2017/1625
f 2372/1509/1039 3423/1182/2091 2955/2016/1622 2957/2017/1625
f 2959/1958/1627 3426/1004/2094 2381/1516/1049 2960/2018/1628
f 2381/1516/1049 2379/1186/1048 2961/2019/1629 2960/2018/1628
f 2961/2019/1629 3425/1185/2093 2958/1513/1626 2960/2018/1628
f 2962/2021/1630 3445/1013/2113 3050/2022/1718 2963/2020/1631
f 3050/2022/1718 2964/1187/1633 2965/2023/1632 2963/2020/1631
f 2965/2023/1632 3425/1185/2093 2961/2019/1629 2963/2020/1631
f 2966/1558/1634 3443/1012/2111 2952/2014/1620 2967/2024/1635
f 2952/2014/1620 2375/1183/1044 2376/1514/1043 2967/2024/1635
f 2376/1514/1043 3425/1185/2093 2965/2023/1632 2967/2024/1635
f 2969/1965/1637 3428/1005/2096 2385/1521/1053 2970/2025/1638
f 2385/1521/1053 2383/1189/1052 2971/2026/1639 2970/2025/1638
f 2971/2026/1639 3427/1188/2095 2968/1518/1636 2970/2025/1638
f 2972/2028/1640 3447/1014/2115 3060/2029/1728 2973/2027/1641
f 3060/2029/1728 2974/1190/1643 2975/2030/1642 2973/2027/1641
f 2975/2030/1642 3427/1188/2095 2971/2026/1639 2973/2027/1641
f 2976/1563/1644 3445/1013/2113 2962/2021/1630 2977/2031/1645
f 2962/2021/1630 2379/1186/1048 2380/1519/1047 2977/2031/1645
f 2380/1519/1047 3427/1188/2095 2975/2030/1642 2977/2031/1645
f 2979/1972/1647 3430/1006/2098 2389/1526/1057 2980/2032/1648
f 2389/1526/1057 2387/1192/1056 2981/2033/1649 2980/2032/1648
f 2981/2033/1649 3429/1191/2097 2978/1523/1646 2980/2032/1648
f 2982/2035/1650 3449/1015/2117 3070/2036/1738 2983/2034/1651
f 3070/2036/1738 2984/1193/1653 2985/2037/1652 2983/2034/1651
f 2985/2037/1652 3429/1191/2097 2981/2033/1649 2983/2034/1651
f 2986/1568/1654 3447/1014/2115 2972/2028/1640 2987/2038/1655
f 2972/2028/1640 2383/1189/1052 2384/1524/1051 2987/2038/1655
f 2384/1524/1051 3429/1191/2097 2985/2037/1652 2987/2038/1655
f 2989/1979/1657 3432/1007/2100 2393/1531/1061 2990/2039/1658
f 2393/1531/1061 2391/1195/1060 2991/2040/1659 2990/2039/1658
f 2991/2040/1659 3431/1194/2099 2988/1528/1656 2990/2039/1658
f 2992/2042/1660 3451/1016/2119 3080/2043/1748 2993/2041/1661
f 3080/2043/1748 2994/1196/1663 2995/2044/1662 2993/2041/1661
f 2995/2044/1662 3431/1194/2099 2991/2040/1659 2993/2041/1661
f 2996/1573/1664 3449/1015/2117 2982/2035/1650 2997/2045/1665
f 2982/2035/1650 2387/1192/1056 2388/1529/1055 2997/2045/1665
f 2388/1529/1055 3431/1194/2099 2995/2044/1662 2997/2045/1665
f 3000/1578/1668 3451/1016/2119 2992/2042/1660 3001/2047/1669
f 2992/2042/1660 2391/1195/1060 2392/1534/1059 3001/2047/1669
f 2392/1534/1059 3434/3724/2102 2999/3662/1666 3001/2047/1669
f 3004/1988/1672 3435/1008/2103 2397/1537/1065 3005/2048/1673
f 2397/1537/1065 2395/1200/1064 3006/2049/1674 3005/2048/1673
f 3006/2049/1674 3521/3743/2189 3003/3664/1670 3005/2048/1673
f 3007/2051/1675 3454/1017/2122 3095/2052/1763 3008/2050/1676
f 3095/2052/1763 3093/3669/1762 3522/3744/2190 3008/2050/1676
f 3522/3744/2190 3521/3743/2189 3006/2049/1674 3008/2050/1676
f 3010/1994/1678 3437/1009/2105 2401/1542/1069 3011/2054/1679
f 2401/1542/1069 2399/1203/1068 3012/2055/1680 3011/2054/1679
f 3012/2055/1680 3436/1202/2104 3009/1539/1677 3011/2054/1679
f 3013/2057/1681 3456/1018/2124 3101/2058/1769 3014/2056/1682
f 3101/2058/1769 3015/1204/1684 3016/2059/1683 3014/2056/1682
f 3016/2059/1683 3436/1202/2104 3012/2055/1680 3014/2056/1682
f 3017/1584/1685 3454/1017/2122 3007/2051/1675 3018/2060/1686
f 3007/2051/1675 2395/1200/1064 2396/1540/1063 3018/2060/1686
f 2396/1540/1063 3436/1202/2104 3016/2059/1683 3018/2060/1686
f 3020/2001/1688 3439/1010/2107 2405/1547/1073 3021/2061/1689
f 2405/1547/1073 2403/1206/1072 3022/2062/1690 3021/2061/1689
f 3022/2062/1690 3438/1205/2106 3019/1544/1687 3021/2061/1689
f 3023/2064/1691 3458/1019/2126 3111/2065/1779 3024/2063/1692
f 3111/2065/1779 3025/1207/1694 3026/2066/1693 3024/2063/1692
f 3026/2066/1693 3438/1205/2106 3022/2062/1690 3024/2063/1692
f 3027/1589/1695 3456/1018/2124 3013/2057/1681 3028/2067/1696
f 3013/2057/1681 2399/1203/1068 2400/1545/1067 3028/2067/1696
f 2400/1545/1067 3438/1205/2106 3026/2066/1693 3028/2067/1696
f 3030/2008/1698 3441/1011/2109 2409/1552/1077 3031/2068/1699
f 2409/1552/1077 2407/1209/1076 3032/2069/1700 3031/2068/1699
f 3032/2069/1700 3440/1208/2108 3029/1549/1697 3031/2068/1699
f 3033/2071/1701 3460/1020/2128 3121/2072/1789 3034/2070/1702
f 3121/2072/1789 3035/1210/1704 3036/2073/1703 3034/2070/1702
f 3036/2073/1703 3440/1208/2108 3032/2069/1700 3034/2070/1702
f 3037/1594/1705 3458/1019/2126 3023/2064/1691 3038/2074/1706
f 3023/2064/1691 2403/1206/1072 2404/1550/1071 3038/2074/1706
f 2404/1550/1071 3440/1208/2108 3036/2073/1703 3038/2074/1706
f 3040/2015/1708 3443/1012/2111 2413/1557/1081 3041/2075/1709
f 2413/1557/1081 2411/1212/1080 3042/2076/1710 3041/2075/1709
f 3042/2076/1710 3442/1211/2110 3039/1554/1707 3041/2075/1709
f 3043/2078/1711 3462/1021/2130 3131/2079/1799 3044/2077/1712
f 3131/2079/1799 3045/1213/1714 3046/2080/1713 3044/2077/1712
f 3046/2080/1713 3442/1211/2110 3042/2076/1710 3044/2077/1712
f 3047/1599/1715 3460/1020/2128 3033/2071/1701 3048/2081/1716
f 3033/2071/1701 2407/1209/1076 2408/1555/1075 3048/2081/1716
f 2408/1555/1075 3442/1211/2110 3046/2080/1713 3048/2081/1716
f 3050/2022/1718 3445/1013/2113 2417/1562/1085 3051/2082/1719
f 2417/1562/1085 2415/1215/1084 3052/2083/1720 3051/2082/1719
f 3052/2083/1720 3444/1214/2112 3049/1559/1717 3051/2082/1719
f 3053/2085/1721 3464/1022/2132 3141/2086/1809 3054/2084/1722
f 3141/2086/1809 3055/1216/1724 3056/2087/1723 3054/2084/1722
f 3056/2087/1723 3444/1214/2112 3052/2083/1720 3054/2084/1722
f 3057/1604/1725 3462/1021/2130 3043/2078/1711 3058/2088/1726
f 3043/2078/1711 2411/1212/1080 2412/1560/1079 3058/2088/1726
f 2412/1560/1079 3444/1214/2112 3056/2087/1723 3058/2088/1726
f 3060/2029/1728 3447/1014/2115 2421/1567/1089 3061/2089/1729
f 2421/1567/1089 2419/1218/1088 3062/2090/1730 3061/2089/1729
f 3062/2090/1730 3446/1217/2114 3059/1564/1727 3061/2089/1729
f 3063/2092/1731 3466/1023/2134 3151/2093/1819 3064/2091/1732
f 3151/2093/1819 3065/1219/1734 3066/2094/1733 3064/2091/1732
f 3066/2094/1733 3446/1217/2114 3062/2090/1730 3064/2091/1732
f 3067/1609/1735 3464/1022/2132 3053/2085/1721 3068/2095/1736
f 3053/2085/1721 2415/1215/1084 2416/1565/1083 3068/2095/1736
f 2416/1565/1083 3446/1217/2114 3066/2094/1733 3068/2095/1736
f 3070/2036/1738 3449/1015/2117 2425/1572/1093 3071/2096/1739
f 2425/1572/1093 2423/1221/1092 3072/2097/1740 3071/2096/1739
f 3072/2097/1740 3448/1220/2116 3069/1569/1737 3071/2096/1739
f 3073/2099/1741 3468/1024/2136 3161/2100/1829 3074/2098/1742
f 3161/2100/1829 3075/1222/1744 3076/2101/1743 3074/2098/1742
f 3076/2101/1743 3448/1220/2116 3072/2097/1740 3074/2098/1742
f 3077/1614/1745 3466/1023/2134 3063/2092/1731 3078/2102/1746
f 3063/2092/1731 2419/1218/1088 2420/1570/1087 3078/2102/1746
f 2420/1570/1087 3448/1220/2116 3076/2101/1743 3078/2102/1746
f 3080/2043/1748 3451/1016/2119 2429/1577/1097 3081/2103/1749
f 2429/1577/1097 2427/1224/1096 3082/2104/1750 3081/2103/1749
f 3082/2104/1750 3450/1223/2118 3079/1574/1747 3081/2103/1749
f 3083/2106/1751 3470/1025/2138 3171/2107/1839 3084/2105/1752
f 3171/2107/1839 3085/1225/1754 3086/2108/1753 3084/2105/1752
f 3086/2108/1753 3450/1223/2118 3082/2104/1750 3084/2105/1752
f 3087/1619/1755 3468/1024/2136 3073/2099/1741 3088/2109/1756
f 3073/2099/1741 2423/1221/1092 2424/1575/1091 3088/2109/1756
f 2424/1575/1091 3450/1223/2118 3086/2108/1753 3088/2109/1756
f 3091/1624/1759 3470/1025/2138 3083/2106/1751 3092/2111/1760
f 3083/2106/1751 2427/1224/1096 2428/1580/1095 3092/2111/1760
f 2428/1580/1095 3453/3726/2121 3090/3666/1757 3092/2111/1760
f 3095/2052/1763 3454/1017/2122 2433/1583/1101 3096/2112/1764
f 2433/1583/1101 2431/1229/1100 3097/2113/1765 3096/2112/1764
f 3097/2113/1765 3523/3745/2191 3094/3668/1761 3096/2112/1764
f 3098/2115/1766 3473/1026/2141 3186/2116/1854 3099/2114/1767
f 3186/2116/1854 3184/3673/1853 3524/3746/2192 3099/2114/1767
f 3524/3746/2192 3523/3745/2191 3097/2113/1765 3099/2114/1767
f 3101/2058/1769 3456/1018/2124 2437/1588/1105 3102/2118/1770
f 2437/1588/1105 2435/1232/1104 3103/2119/1771 3102/2118/1770
f 3103/2119/1771 3455/1231/2123 3100/1585/1768 3102/2118/1770
f 3104/2121/1772 3475/1027/2143 3192/2122/1860 3105/2120/1773
f 3192/2122/1860 3106/1233/1775 3107/2123/1774 3105/2120/1773
f 3107/2123/1774 3455/1231/2123 3103/2119/1771 3105/2120/1773
f 3108/1630/1776 3473/1026/2141 3098/2115/1766 3109/2124/1777
f 3098/2115/1766 2431/1229/1100 2432/1586/1099 3109/2124/1777
f 2432/1586/1099 3455/1231/2123 3107/2123/1774 3109/2124/1777
f 3111/2065/1779 3458/1019/2126 2441/1593/1109 3112/2125/1780
f 2441/1593/1109 2439/1235/1108 3113/2126/1781 3112/2125/1780
f 3113/2126/1781 3457/1234/2125 3110/1590/1778 3112/2125/1780
f 3114/2128/1782 3477/1028/2145 3202/2129/1870 3115/2127/1783
f 3202/2129/1870 3116/1236/1785 3117/2130/1784 3115/2127/1783
f 3117/2130/1784 3457/1234/2125 3113/2126/1781 3115/2127/1783
f 3118/1635/1786 3475/1027/2143 3104/2121/1772 3119/2131/1787
f 3104/2121/1772 2435/1232/1104 2436/1591/1103 3119/2131/1787
f 2436/1591/1103 3457/1234/2125 3117/2130/1784 3119/2131/1787
f 3121/2072/1789 3460/1020/2128 2445/1598/1113 3122/2132/1790
f 2445/1598/1113 2443/1238/1112 3123/2133/1791 3122/2132/1790
f 3123/2133/1791 3459/1237/2127 3120/1595/1788 3122/2132/1790
f 3124/2135/1792 3479/1029/2147 3212/2136/1880 3125/2134/1793
f 3212/2136/1880 3126/1239/1795 3127/2137/1794 3125/2134/1793
f 3127/2137/1794 3459/1237/2127 3123/2133/1791 3125/2134/1793
f 3128/1640/1796 3477/1028/2145 3114/2128/1782 3129/2138/1797
f 3114/2128/1782 2439/1235/1108 2440/1596/1107 3129/2138/1797
f 2440/1596/1107 3459/1237/2127 3127/2137/1794 3129/2138/1797
f 3131/2079/1799 3462/1021/2130 2449/1603/1117 3132/2139/1800
f 2449/1603/1117 2447/1241/1116 3133/2140/1801 3132/2139/1800
f 3133/2140/1801 3461/1240/2129 3130/1600/1798 3132/2139/1800
f 3134/2142/1802 3481/1030/2149 3222/2143/1890 3135/2141/1803
f 3222/2143/1890 3136/1242/1805 3137/2144/1804 3135/2141/1803
f 3137/2144/1804 3461/1240/2129 3133/2140/1801 3135/2141/1803
f 3138/1645/1806 3479/1029/2147 3124/2135/1792 3139/2145/1807
f 3124/2135/1792 2443/1238/1112 2444/1601/1111 3139/2145/1807
f 2444/1601/1111 3461/1240/2129 3137/2144/1804 3139/2145/1807
f 3141/2086/1809 3464/1022/2132 2453/1608/1121 3142/2146/1810
f 2453/1608/1121 2451/1244/1120 3143/2147/1811 3142/2146/1810
f 3143/2147/1811 3463/1243/2131 3140/1605/1808 3142/2146/1810
f 3144/2149/1812 3483/1031/2151 3232/2150/1900 3145/2148/1813
f 3232/2150/1900 3146/1245/1815 3147/2151/1814 3145/2148/1813
f 3147/2151/1814 3463/1243/2131 3143/2147/1811 3145/2148/1813
f 3148/1650/1816 3481/1030/2149 3134/2142/1802 3149/2152/1817
f 3134/2142/1802 2447/1241/1116 2448/1606/1115 3149/2152/1817
f 2448/1606/1115 3463/1243/2131 3147/2151/1814 3149/2152/1817
f 3151/2093/1819 3466/1023/2134 2457/1613/1125 3152/2153/1820
f 2457/1613/1125 2455/1247/1124 3153/2154/1821 3152/2153/1820
f 3153/2154/1821 3465/1246/2133 3150/1610/1818 3152/2153/1820
f 3154/2156/1822 3485/1032/2153 3242/2157/1910 3155/2155/1823
f 3242/2157/1910 3156/1248/1825 3157/2158/1824 3155/2155/1823
f 3157/2158/1824 3465/1246/2133 3153/2154/1821 3155/2155/1823
f 3158/1655/1826 3483/1031/2151 3144/2149/1812 3159/2159/1827
f 3144/2149/1812 2451/1244/1120 2452/1611/1119 3159/2159/1827
f 2452/1611/1119 3465/1246/2133 3157/2158/1824 3159/2159/1827
f 3161/2100/1829 3468/1024/2136 2461/1618/1129 3162/2160/1830
f 2461/1618/1129 2459/1250/1128 3163/2161/1831 3162/2160/1830
f 3163/2161/1831 3467/1249/2135 3160/1615/1828 3162/2160/1830
f 3164/2163/1832 3487/1033/2155 3252/2164/1920 3165/2162/1833
f 3252/2164/1920 3166/1251/1835 3167/2165/1834 3165/2162/1833
f 3167/2165/1834 3467/1249/2135 3163/2161/1831 3165/2162/1833
f 3168/1660/1836 3485/1032/2153 3154/2156/1822 3169/2166/1837
f 3154/2156/1822 2455/1247/1124 2456/1616/1123 3169/2166/1837
f 2456/1616/1123 3467/1249/2135 3167/2165/1834 3169/2166/1837
f 3171/2107/1839 3470/1025/2138 2465/1623/1133 3172/2167/1840
f 2465/1623/1133 2463/1253/1132 3173/2168/1841 3172/2167/1840
f 3173/2168/1841 3469/1252/2137 3170/1620/1838 3172/2167/1840
f 3174/2170/1842 3489/1034/2157 3262/2171/1930 3175/2169/1843
f 3262/2171/1930 3176/1254/1845 3177/2172/1844 3175/2169/1843
f 3177/2172/1844 3469/1252/2137 3173/2168/1841 3175/2169/1843
f 3178/1665/1846 3487/1033/2155 3164/2163/1832 3179/2173/1847
f 3164/2163/1832 2459/1250/1128 2460/1621/1127 3179/2173/1847
f 2460/1621/1127 3469/1252/2137 3177/2172/1844 3179/2173/1847
f 3182/1670/1850 3489/1034/2157 3174/2170/1842 3183/2175/1851
f 3174/2170/1842 2463/1253/1132 2464/1626/1131 3183/2175/1851
f 2464/1626/1131 3472/3728/2140 3181/3670/1848 3183/2175/1851
f 3186/2116/1854 3473/1026/2141 2469/1629/1137 3187/2176/1855
f 2469/1629/1137 2467/1258/1136 3188/2177/1856 3187/2176/1855
f 3188/2177/1856 3525/3747/2193 3185/3672/1852 3187/2176/1855
f 3189/2179/1857 3492/1035/2160 3277/2180/1945 3190/2178/1858
f 3277/2180/1945 3275/3677/1944 3526/3748/2194 3190/2178/1858
f 3526/3748/2194 3525/3747/2193 3188/2177/1856 3190/2178/1858
f 3192/2122/1860 3475/1027/2143 2473/1634/1141 3193/2182/1861
f 2473/1634/1141 2471/1261/1140 3194/2183/1862 3193/2182/1861
f 3194/2183/1862 3474/1260/2142 3191/1631/1859 3193/2182/1861
f 3195/2185/1863 3494/1036/2162 3283/2186/1951 3196/2184/1864
f 3283/2186/1951 3197/1262/1866 3198/2187/1865 3196/2184/1864
f 3198/2187/1865 3474/1260/2142 3194/2183/1862 3196/2184/1864
f 3199/1676/1867 3492/1035/2160 3189/2179/1857 3200/2188/1868
f 3189/2179/1857 2467/1258/1136 2468/1632/1135 3200/2188/1868
f 2468/1632/1135 3474/1260/2142 3198/2187/1865 3200/2188/1868
f 3202/2129/1870 3477/1028/2145 2477/1639/1145 3203/2189/1871
f 2477/1639/1145 2475/1264/1144 3204/2190/1872 3203/2189/1871
f 3204/2190/1872 3476/1263/2144 3201/1636/1869 3203/2189/1871
f 3205/2192/1873 3496/1037/2164 3289/2193/1957 3206/2191/1874
f 3289/2193/1957 3207/1265/1876 3208/2194/1875 3206/2191/1874
f 3208/2194/1875 3476/1263/2144 3204/2190/1872 3206/2191/1874
f 3209/1681/1877 3494/1036/2162 3195/2185/1863 3210/2195/1878
f 3195/2185/1863 2471/1261/1140 2472/1637/1139 3210/2195/1878
f 2472/1637/1139 3476/1263/2144 3208/2194/1875 3210/2195/1878
f 3212/2136/1880 3479/1029/2147 2481/1644/1149 3213/2196/1881
f 2481/1644/1149 2479/1267/1148 3214/2197/1882 3213/2196/1881
f 3214/2197/1882 3478/1266/2146 3211/1641/1879 3213/2196/1881
f 3215/2199/1883 3498/1038/2166 3295/2200/1963 3216/2198/1884
f 3295/2200/1963 3217/1268/1886 3218/2201/1885 3216/2198/1884
f 3218/2201/1885 3478/1266/2146 3214/2197/1882 3216/2198/1884
f 3219/1686/1887 3496/1037/2164 3205/2192/1873 3220/2202/1888
f 3205/2192/1873 2475/1264/1144 2476/1642/1143 3220/2202/1888
f 2476/1642/1143 3478/1266/2146 3218/2201/1885 3220/2202/1888
f 3222/2143/1890 3481/1030/2149 2485/1649/1153 3223/2203/1891
f 2485/1649/1153 2483/1270/1152 3224/2204/1892 3223/2203/1891
f 3224/2204/1892 3480/1269/2148 3221/1646/1889 3223/2203/1891
f 3225/2206/1893 3500/1039/2168 3301/2207/1969 3226/2205/1894
f 3301/2207/1969 3227/1271/1896 3228/2208/1895 3226/2205/1894
f 3228/2208/1895 3480/1269/2148 3224/2204/1892 3226/2205/1894
f 3229/1691/1897 3498/1038/2166 3215/2199/1883 3230/2209/1898
f 3215/2199/1883 2479/1267/1148 2480/1647/1147 3230/2209/1898
f 2480/1647/1147 3480/1269/2148 3228/2208/1895 3230/2209/1898
f 3232/2150/1900 3483/1031/2151 2489/1654/1157 3233/2210/1901
f 2489/1654/1157 2487/1273/1156 3234/2211/1902 3233/2210/1901
f 3234/2211/1902 3482/1272/2150 3231/1651/1899 3233/2210/1901
f 3235/2213/1903 3502/1040/2170 3307/2214/1975 3236/2212/1904
f 3307/2214/1975 3237/1274/1906 3238/2215/1905 3236/2212/1904
f 3238/2215/1905 3482/1272/2150 3234/2211/1902 3236/2212/1904
f 3239/1696/1907 3500/1039/2168 3225/2206/1893 3240/2216/1908
f 3225/2206/1893 2483/1270/1152 2484/1652/1151 3240/2216/1908
f 2484/1652/1151 3482/1272/2150 3238/2215/1905 3240/2216/1908
f 3242/2157/1910 3485/1032/2153 2493/1659/1161 3243/2217/1911
f 2493/1659/1161 2491/1276/1160 3244/2218/1912 3243/2217/1911
f 3244/2218/1912 3484/1275/2152 3241/1656/1909 3243/2217/1911
f 3245/2220/1913 3504/1041/2172 3313/2221/1981 3246/2219/1914
f 3313/2221/1981 3247/1277/1916 3248/2222/1915 3246/2219/1914
f 3248/2222/1915 3484/1275/2152 3244/2218/1912 3246/2219/1914
f 3249/1701/1917 3502/1040/2170 3235/2213/1903 3250/2223/1918
f 3235/2213/1903 2487/1273/1156 2488/1657/1155 3250/2223/1918
f 2488/1657/1155 3484/1275/2152 3248/2222/1915 3250/2223/1918
f 3252/2164/1920 3487/1033/2155 2497/1664/1165 3253/2224/1921
f 2497/1664/1165 2495/1279/1164 3254/2225/1922 3253/2224/1921
f 3254/2225/1922 3486/1278/2154 3251/1661/1919 3253/2224/1921
f 3255/2227/1923 3506/1042/2174 3319/2228/1987 3256/2226/1924
f 3319/2228/1987 3257/1280/1926 3258/2229/1925 3256/2226/1924
f 3258/2229/1925 3486/1278/2154 3254/2225/1922 3256/2226/1924
f 3259/1706/1927 3504/1041/2172 3245/2220/1913 3260/2230/1928
f 3245/2220/1913 2491/1276/1160 2492/1662/1159 3260/2230/1928
f 2492/1662/1159 3486/1278/2154 3258/2229/1925 3260/2230/1928
f 3262/2171/1930 3489/1034/2157 2501/1669/1169 3263/2231/1931
f 2501/1669/1169 2499/1282/1168 3264/2232/1932 3263/2231/1931
f 3264/2232/1932 3488/1281/2156 3261/1666/1929 3263/2231/1931
f 3265/2234/1933 3508/1043/2176 3325/2235/1993 3266/2233/1934
f 3325/2235/1993 3267/1283/1936 3268/2236/1935 3266/2233/1934
f 3268/2236/1935 3488/1281/2156 3264/2232/1932 3266/2233/1934
f 3269/1711/1937 3506/1042/2174 3255/2227/1923 3270/2237/1938
f 3255/2227/1923 2495/1279/1164 2496/1667/1163 3270/2237/1938
f 2496/1667/1163 3488/1281/2156 3268/2236/1935 3270/2237/1938
f 3273/1716/1941 3508/1043/2176 3265/2234/1933 3274/2239/1942
f 3265/2234/1933 2499/1282/1168 2500/1672/1167 3274/2239/1942
f 2500/1672/1167 3491/3730/2159 3272/3674/1939 3274/2239/1942
f 3277/2180/1945 3492/1035/2160 2505/1675/1173 3278/2240/1946
f 2505/1675/1173 2503/1287/1172 3279/2241/1947 3278/2240/1946
f 3279/2241/1947 3527/3749/2195 3276/3676/1943 3278/2240/1946
f 3528/3750/2196 3527/3749/2195 3279/2241/1947 3281/3679/1949
f 3283/2186/1951 3494/1036/2162 2509/1680/1177 3284/2245/1952
f 2509/1680/1177 2507/1289/1176 3285/2246/1953 3284/2245/1952
f 3285/2246/1953 3493/1288/2161 3282/1677/1950 3284/2245/1952
f 3529/3751/2197 3493/1288/2161 3285/2246/1953 3287/3681/1955
f 3280/3678/1948 2503/1287/1172 2504/1678/1171 3530/3752/2198
f 2504/1678/1171 3493/1288/2161 3529/3751/2197 3530/3752/2198
f 3289/2193/1957 3496/1037/2164 2513/1685/1181 3290/2251/1958
f 2513/1685/1181 2511/1291/1180 3291/2252/1959 3290/2251/1958
f 3291/2252/1959 3495/1290/2163 3288/1682/1956 3290/2251/1958
f 3531/3753/2199 3495/1290/2163 3291/2252/1959 3293/3683/1961
f 3286/3680/1954 2507/1289/1176 2508/1683/1175 3532/3754/2200
f 2508/1683/1175 3495/1290/2163 3531/3753/2199 3532/3754/2200
f 3295/2200/1963 3498/1038/2166 2517/1690/1185 3296/2257/1964
f 2517/1690/1185 2515/1293/1184 3297/2258/1965 3296/2257/1964
f 3297/2258/1965 3497/1292/2165 3294/1687/1962 3296/2257/1964
f 3533/3755/2201 3497/1292/2165 3297/2258/1965 3299/3685/1967
f 3292/3682/1960 2511/1291/1180 2512/1688/1179 3534/3756/2202
f 2512/1688/1179 3497/1292/2165 3533/3755/2201 3534/3756/2202
f 3301/2207/1969 3500/1039/2168 2521/1695/1189 3302/2263/1970
f 2521/1695/1189 2519/1295/1188 3303/2264/1971 3302/2263/1970
f 3303/2264/1971 3499/1294/2167 3300/1692/1968 3302/2263/1970
f 3535/3757/2203 3499/1294/2167 3303/2264/1971 3305/3687/1973
f 3298/3684/1966 2515/1293/1184 2516/1693/1183 3536/3758/2204
f 2516/1693/1183 3499/1294/2167 3535/3757/2203 3536/3758/2204
f 3307/2214/1975 3502/1040/2170 2525/1700/1193 3308/2269/1976
f 2525/1700/1193 2523/1297/1192 3309/2270/1977 3308/2269/1976
f 3309/2270/1977 3501/1296/2169 3306/1697/1974 3308/2269/1976
f 3537/3759/2205 3501/1296/2169 3309/2270/1977 3311/3689/1979
f 3304/3686/1972 2519/1295/1188 2520/1698/1187 3538/3760/2206
f 2520/1698/1187 3501/1296/2169 3537/3759/2205 3538/3760/2206
f 3313/2221/1981 3504/1041/2172 2529/1705/1197 3314/2275/1982
f 2529/1705/1197 2527/1299/1196 3315/2276/1983 3314/2275/1982
f 3315/2276/1983 3503/1298/2171 3312/1702/1980 3314/2275/1982
f 3539/3761/2207 3503/1298/2171 3315/2276/1983 3317/3691/1985
f 3310/3688/1978 2523/1297/1192 2524/1703/1191 3540/3762/2208
f 2524/1703/1191 3503/1298/2171 3539/3761/2207 3540/3762/2208
f 3319/2228/1987 3506/1042/2174 2533/1710/1201 3320/2281/1988
f 2533/1710/1201 2531/1301/1200 3321/2282/1989 3320/2281/1988
f 3321/2282/1989 3505/1300/2173 3318/1707/1986 3320/2281/1988
f 3541/3763/2209 3505/1300/2173 3321/2282/1989 3323/3693/1991
f 3316/3690/1984 2527/1299/1196 2528/1708/1195 3542/3764/2210
f 2528/1708/1195 3505/1300/2173 3541/3763/2209 3542/3764/2210
f 3325/2235/1993 3508/1043/2176 2537/1715/1205 3326/2287/1994
f 2537/1715/1205 2535/1303/1204 3327/2288/1995 3326/2287/1994
f 3327/2288/1995 3507/1302/2175 3324/1712/1992 3326/2287/1994
f 3543/3765/2211 3507/1302/2175 3327/2288/1995 3329/3695/1997
f 3322/3692/1990 2531/1301/1200 2532/1713/1199 3544/3766/2212
f 2532/1713/1199 3507/1302/2175 3543/3765/2211 3544/3766/2212
f 3328/3694/1996 2535/1303/1204 2536/1718/1203 3545/3767/2213
f 2536/1718/1203 3510/3732/2178 3546/3768/2214 3545/3767/2213
f 1230/2295/2215 1226/2298/2216 1227/2297/2217 966/2296/2218
f 1235/2299/2219 1231/2302/2220 1232/2301/2221 970/2300/2222
f 1240/2303/2223 1236/2306/2224 1237/2305/2225 974/2304/2226
f 1245/2307/2227 1241/2310/2228 1242/2309/2229 978/2308/2230
f 1250/2311/2231 1246/2314/2232 1247/2313/2233 982/2312/2234
f 1255/2315/2235 1251/2318/2236 1252/2317/2237 986/2316/2238
f 1260/2319/2239 1256/2322/2240 1257/2321/2241 990/2320/2242
f 1265/2323/2243 1261/2326/2244 1262/2325/2245 994/2324/2246
f 1270/2327/2247 1266/2330/2248 1267/2329/2249 998/2328/2250
f 1276/2331/2251 1272/2334/2252 1273/2333/2253 1004/2332/2254
f 1281/2335/2255 1277/2338/2256 1278/2337/2257 1007/2336/2258
f 1286/2339/2259 1282/2342/2260 1283/2341/2261 1010/2340/2262
f 1291/2343/2263 1287/2346/2264 1288/2345/2265 1013/2344/2266
f 1296/2347/2267 1292/2350/2268 1293/2349/2269 1016/2348/2270
f 1301/2351/2271 1297/2354/2272 1298/2353/2273 1019/2352/2274
f 1306/2355/2275 1302/2358/2276 1303/2357/2277 1022/2356/2278
f 1311/2359/2279 1307/2362/2280 1308/2361/2281 1025/2360/2282
f 1316/2363/2283 1312/2366/2284 1313/2365/2285 1028/2364/2286
f 1322/2367/2287 1318/2370/2288 1319/2369/2289 1033/2368/2290
f 1327/2371/2291 1323/2374/2292 1324/2373/2293 1036/2372/2294
f 1332/2375/2295 1328/2378/2296 1329/2377/2297 1039/2376/2298
f 1337/2379/2299 1333/2382/2300 1334/2381/2301 1042/2380/2302
f 1342/2383/2303 1338/2386/2304 1339/2385/2305 1045/2384/2306
f 1347/2387/2307 1343/2390/2308 1344/2389/2309 1048/2388/2310
f 1352/2391/2311 1348/2394/2312 1349/2393/2313 1051/2392/2314
f 1357/2395/2315 1353/2398/2316 1354/2397/2317 1054/2396/2318
f 1362/2399/2319 1358/2402/2320 1359/2401/2321 1057/2400/2322
f 1368/2403/2323 1364/2406/2324 1365/2405/2325 1062/2404/2326
f 1373/2407/2327 1369/2410/2328 1370/2409/2329 1065/2408/2330
f 1378/2411/2331 1374/2414/2332 1375/2413/2333 1068/2412/2334
f 1383/2415/2335 1379/2418/2336 1380/2417/2337 1071/2416/2338
f 1388/2419/2339 1384/2422/2340 1385/2421/2341 1074/2420/2342
f 1393/2423/2343 1389/2426/2344 1390/2425/2345 1077/2424/2346
f 1398/2427/2347 1394/2430/2348 1395/2429/2349 1080/2428/2350
f 1403/2431/2351 1399/2434/2352 1400/2433/2353 1083/2432/2354
f 1408/2435/2355 1404/2438/2356 1405/2437/2357 1086/2436/2358
f 1414/2439/2359 1410/2442/2360 1411/2441/2361 1091/2440/2362
f 1419/2443/2363 1415/2446/2364 1416/2445/2365 1094/2444/2366
f 1424/2447/2367 1420/2450/2368 1421/2449/2369 1097/2448/2370
f 1429/2451/2371 1425/2454/2372 1426/2453/2373 1100/2452/2374
f 1434/2455/2375 1430/2458/2376 1431/2457/2377 1103/2456/2378
f 1439/2459/2379 1435/2462/2380 1436/2461/2381 1106/2460/2382
f 1444/2463/2383 1440/2466/2384 1441/2465/2385 1109/2464/2386
f 1449/2467/2387 1445/2470/2388 1446/2469/2389 1112/2468/2390
f 1454/2471/2391 1450/2474/2392 1451/2473/2393 1115/2472/2394
f 1460/2475/2395 1456/2478/2396 1457/2477/2397 1120/2476/2398
f 1465/2479/2399 1461/2482/2400 1462/2481/2401 1123/2480/2402
f 1470/2483/2403 1466/2486/2404 1467/2485/2405 1126/2484/2406
f 1475/2487/2407 1471/2490/2408 1472/2489/2409 1129/2488/2410
f 1480/2491/2411 1476/2494/2412 1477/2493/2413 1132/2492/2414
f 1485/2495/2415 1481/2498/2416 1482/2497/2417 1135/2496/2418
f 1490/2499/2419 1486/2502/2420 1487/2501/2421 1138/2500/2422
f 1495/2503/2423 1491/2506/2424 1492/2505/2425 1141/2504/2426
f 1500/2507/2427 1496/2510/2428 1497/2509/2429 1144/2508/2430
f 1506/2511/2431 1502/2514/2432 1503/2513/2433 1149/2512/2434
f 1511/2515/2435 1507/2518/2436 1508/2517/2437 1152/2516/2438
f 1516/2519/2439 1512/2522/2440 1513/2521/2441 1155/2520/2442
f 1521/2523/2443 1517/2526/2444 1518/2525/2445 1158/2524/2446
f 1526/2527/2447 1522/2530/2448 1523/2529/2449 1161/2528/2450
f 1531/2531/2451 1527/2534/2452 1528/2533/2453 1164/2532/2454
f 1536/2535/2455 1532/2538/2456 1533/2537/2457 1167/2536/2458
f 1541/2539/2459 1537/2542/2460 1538/2541/2461 1170/2540/2462
f 1546/2543/2463 1542/2546/2464 1543/2545/2465 1173/2544/2466
f 1552/2547/2467 1548/2550/2468 1549/2549/2469 1178/2548/2470
f 1557/2551/2471 1553/2554/2472 1554/2553/2473 1181/2552/2474
f 1562/2555/2475 1558/2558/2476 1559/2557/2477 1184/2556/2478
f 1567/2559/2479 1563/2562/2480 1564/2561/2481 1187/2560/2482
f 1572/2563/2483 1568/2566/2484 1569/2565/2485 1190/2564/2486
f 1577/2567/2487 1573/2570/2488 1574/2569/2489 1193/2568/2490
f 1582/2571/2491 1578/2574/2492 1579/2573/2493 1196/2572/2494
f 1587/2575/2495 1583/2578/2496 1584/2577/2497 1199/2576/2498
f 1592/2579/2499 1588/2582/2500 1589/2581/2501 1202/2580/2502
f 1598/2583/2503 1594/2586/2504 1595/2585/2505 1207/2584/2506
f 1603/2587/2507 1599/2590/2508 1600/2589/2509 1209/2588/2510
f 1608/2591/2511 1604/2594/2512 1605/2593/2513 1211/2592/2514
f 1613/2595/2515 1609/2598/2516 1610/2597/2517 1213/2596/2518
f 1618/2599/2519 1614/2602/2520 1615/2601/2521 1215/2600/2522
f 1623/2603/2523 1619/2606/2524 1620/2605/2525 1217/2604/2526
f 1628/2607/2527 1624/2610/2528 1625/2609/2529 1219/2608/2530
f 1633/2611/2531 1629/2614/2532 1630/2613/2533 1221/2612/2534
f 1638/2615/2535 1634/2618/2536 1635/2617/2537 1223/2616/2538
f 1225/2619/2539 1639/2622/2540 1640/2621/2541 965/2620/2542
f 1641/2623/2543 1642/2625/2544 1643/2624/2545 966/2296/2218
f 1229/2626/2546 1646/2629/2547 1647/2628/2548 969/2627/2549
f 1648/2630/2550 1649/2632/2551 1650/2631/2552 970/2300/2222
f 1652/2633/2553 1653/2636/2554 1274/2635/2555 971/2634/2556
f 1234/2637/2557 1654/2640/2558 1655/2639/2559 973/2638/2560
f 1656/2641/2561 1657/2643/2562 1658/2642/2563 974/2304/2226
f 1660/2644/2564 1661/2647/2565 1279/2646/2566 975/2645/2567
f 1239/2648/2568 1662/2651/2569 1663/2650/2570 977/2649/2571
f 1664/2652/2572 1665/2654/2573 1666/2653/2574 978/2308/2230
f 1668/2655/2575 1669/2658/2576 1284/2657/2577 979/2656/2578
f 1244/2659/2579 1670/2662/2580 1671/2661/2581 981/2660/2582
f 1672/2663/2583 1673/2665/2584 1674/2664/2585 982/2312/2234
f 1676/2666/2586 1677/2669/2587 1289/2668/2588 983/2667/2589
f 1249/2670/2590 1678/2673/2591 1679/2672/2592 985/2671/2593
f 1680/2674/2594 1681/2676/2595 1682/2675/2596 986/2316/2238
f 1684/2677/2597 1685/2680/2598 1294/2679/2599 987/2678/2600
f 1254/2681/2601 1686/2684/2602 1687/2683/2603 989/2682/2604
f 1688/2685/2605 1689/2687/2606 1690/2686/2607 990/2320/2242
f 1692/2688/2608 1693/2691/2609 1299/2690/2610 991/2689/2611
f 1259/2692/2612 1694/2695/2613 1695/2694/2614 993/2693/2615
f 1696/2696/2616 1697/2698/2617 1698/2697/2618 994/2324/2246
f 1700/2699/2619 1701/2702/2620 1304/2701/2621 995/2700/2622
f 1264/2703/2623 1702/2706/2624 1703/2705/2625 997/2704/2626
f 1704/2707/2627 1705/2709/2628 1706/2708/2629 998/2328/2250
f 1708/2710/2630 1709/2713/2631 1309/2712/2632 999/2711/2633
f 1710/2714/2634 1711/2717/2635 1314/2716/2636 1002/2715/2637
f 1271/2718/2638 1712/2721/2639 1644/2720/2640 967/2719/2641
f 1713/2722/2642 1714/2724/2643 1715/2723/2644 1004/2332/2254
f 1275/2725/2645 1718/2727/2646 1651/2726/2647 971/2634/2556
f 1719/2728/2648 1720/2730/2649 1721/2729/2650 1007/2336/2258
f 1723/2731/2651 1724/2734/2652 1320/2733/2653 1008/2732/2654
f 1280/2735/2655 1725/2737/2656 1659/2736/2657 975/2645/2567
f 1726/2738/2658 1727/2740/2659 1728/2739/2660 1010/2340/2262
f 1730/2741/2661 1731/2744/2662 1325/2743/2663 1011/2742/2664
f 1285/2745/2665 1732/2747/2666 1667/2746/2667 979/2656/2578
f 1733/2748/2668 1734/2750/2669 1735/2749/2670 1013/2344/2266
f 1737/2751/2671 1738/2754/2672 1330/2753/2673 1014/2752/2674
f 1290/2755/2675 1739/2757/2676 1675/2756/2677 983/2667/2589
f 1740/2758/2678 1741/2760/2679 1742/2759/2680 1016/2348/2270
f 1744/2761/2681 1745/2764/2682 1335/2763/2683 1017/2762/2684
f 1295/2765/2685 1746/2767/2686 1683/2766/2687 987/2678/2600
f 1747/2768/2688 1748/2770/2689 1749/2769/2690 1019/2352/2274
f 1751/2771/2691 1752/2774/2692 1340/2773/2693 1020/2772/2694
f 1300/2775/2695 1753/2777/2696 1691/2776/2697 991/2689/2611
f 1754/2778/2698 1755/2780/2699 1756/2779/2700 1022/2356/2278
f 1758/2781/2701 1759/2784/2702 1345/2783/2703 1023/2782/2704
f 1305/2785/2705 1760/2787/2706 1699/2786/2707 995/2700/2622
f 1761/2788/2708 1762/2790/2709 1763/2789/2710 1025/2360/2282
f 1765/2791/2711 1766/2794/2712 1350/2793/2713 1026/2792/2714
f 1310/2795/2715 1767/2797/2716 1707/2796/2717 999/2711/2633
f 1768/2798/2718 1769/2800/2719 1770/2799/2720 1028/2364/2286
f 1772/2801/2721 1773/2804/2722 1355/2803/2723 1029/2802/2724
f 1774/2805/2725 1775/2808/2726 1360/2807/2727 1031/2806/2728
f 1317/2809/2729 1776/2812/2730 1716/2811/2731 1005/2810/2732
f 1777/2813/2733 1778/2815/2734 1779/2814/2735 1033/2368/2290
f 1321/2816/2736 1782/2818/2737 1722/2817/2738 1008/2732/2654
f 1783/2819/2739 1784/2821/2740 1785/2820/2741 1036/2372/2294
f 1787/2822/2742 1788/2825/2743 1366/2824/2744 1037/2823/2745
f 1326/2826/2746 1789/2828/2747 1729/2827/2748 1011/2742/2664
f 1790/2829/2749 1791/2831/2750 1792/2830/2751 1039/2376/2298
f 1794/2832/2752 1795/2835/2753 1371/2834/2754 1040/2833/2755
f 1331/2836/2756 1796/2838/2757 1736/2837/2758 1014/2752/2674
f 1797/2839/2759 1798/2841/2760 1799/2840/2761 1042/2380/2302
f 1801/2842/2762 1802/2845/2763 1376/2844/2764 1043/2843/2765
f 1336/2846/2766 1803/2848/2767 1743/2847/2768 1017/2762/2684
f 1804/2849/2769 1805/2851/2770 1806/2850/2771 1045/2384/2306
f 1808/2852/2772 1809/2855/2773 1381/2854/2774 1046/2853/2775
f 1341/2856/2776 1810/2858/2777 1750/2857/2778 1020/2772/2694
f 1811/2859/2779 1812/2861/2780 1813/2860/2781 1048/2388/2310
f 1815/2862/2782 1816/2865/2783 1386/2864/2784 1049/2863/2785
f 1346/2866/2786 1817/2868/2787 1757/2867/2788 1023/2782/2704
f 1818/2869/2789 1819/2871/2790 1820/2870/2791 1051/2392/2314
f 1822/2872/2792 1823/2875/2793 1391/2874/2794 1052/2873/2795
f 1351/2876/2796 1824/2878/2797 1764/2877/2798 1026/2792/2714
f 1825/2879/2799 1826/2881/2800 1827/2880/2801 1054/2396/2318
f 1829/2882/2802 1830/2885/2803 1396/2884/2804 1055/2883/2805
f 1356/2886/2806 1831/2888/2807 1771/2887/2808 1029/2802/2724
f 1832/2889/2809 1833/2891/2810 1834/2890/2811 1057/2400/2322
f 1836/2892/2812 1837/2895/2813 1401/2894/2814 1058/2893/2815
f 1838/2896/2816 1839/2899/2817 1406/2898/2818 1060/2897/2819
f 1363/2900/2820 1840/2903/2821 1780/2902/2822 1034/2901/2823
f 1841/2904/2824 1842/2906/2825 1843/2905/2826 1062/2404/2326
f 1367/2907/2827 1846/2909/2828 1786/2908/2829 1037/2823/2745
f 1847/2910/2830 1848/2912/2831 1849/2911/2832 1065/2408/2330
f 1851/2913/2833 1852/2916/2834 1412/2915/2835 1066/2914/2836
f 1372/2917/2837 1853/2919/2838 1793/2918/2839 1040/2833/2755
f 1854/2920/2840 1855/2922/2841 1856/2921/2842 1068/2412/2334
f 1858/2923/2843 1859/2926/2844 1417/2925/2845 1069/2924/2846
f 1377/2927/2847 1860/2929/2848 1800/2928/2849 1043/2843/2765
f 1861/2930/2850 1862/2932/2851 1863/2931/2852 1071/2416/2338
f 1865/2933/2853 1866/2936/2854 1422/2935/2855 1072/2934/2856
f 1382/2937/2857 1867/2939/2858 1807/2938/2859 1046/2853/2775
f 1868/2940/2860 1869/2942/2861 1870/2941/2862 1074/2420/2342
f 1872/2943/2863 1873/2946/2864 1427/2945/2865 1075/2944/2866
f 1387/2947/2867 1874/2949/2868 1814/2948/2869 1049/2863/2785
f 1875/2950/2870 1876/2952/2871 1877/2951/2872 1077/2424/2346
f 1879/2953/2873 1880/2956/2874 1432/2955/2875 1078/2954/2876
f 1392/2957/2877 1881/2959/2878 1821/2958/2879 1052/2873/2795
f 1882/2960/2880 1883/2962/2881 1884/2961/2882 1080/2428/2350
f 1886/2963/2883 1887/2966/2884 1437/2965/2885 1081/2964/2886
f 1397/2967/2887 1888/2969/2888 1828/2968/2889 1055/2883/2805
f 1889/2970/2890 1890/2972/2891 1891/2971/2892 1083/2432/2354
f 1893/2973/2893 1894/2976/2894 1442/2975/2895 1084/2974/2896
f 1402/2977/2897 1895/2979/2898 1835/2978/2899 1058/2893/2815
f 1896/2980/2900 1897/2982/2901 1898/2981/2902 1086/2436/2358
f 1900/2983/2903 1901/2986/2904 1447/2985/2905 1087/2984/2906
f 1902/2987/2907 1903/2990/2908 1452/2989/2909 1089/2988/2910
f 1409/2991/2911 1904/2994/2912 1844/2993/2913 1063/2992/2914
f 1905/2995/2915 1906/2997/2916 1907/2996/2917 1091/2440/2362
f 1413/2998/2918 1910/3000/2919 1850/2999/2920 1066/2914/2836
f 1911/3001/2921 1912/3003/2922 1913/3002/2923 1094/2444/2366
f 1915/3004/2924 1916/3007/2925 1458/3006/2926 1095/3005/2927
f 1418/3008/2928 1917/3010/2929 1857/3009/2930 1069/2924/2846
f 1918/3011/2931 1919/3013/2932 1920/3012/2933 1097/2448/2370
f 1922/3014/2934 1923/3017/2935 1463/3016/2936 1098/3015/2937
f 1423/3018/2938 1924/3020/2939 1864/3019/2940 1072/2934/2856
f 1925/3021/2941 1926/3023/2942 1927/3022/2943 1100/2452/2374
f 1929/3024/2944 1930/3027/2945 1468/3026/2946 1101/3025/2947
f 1428/3028/2948 1931/3030/2949 1871/3029/2950 1075/2944/2866
f 1932/3031/2951 1933/3033/2952 1934/3032/2953 1103/2456/2378
f 1936/3034/2954 1937/3037/2955 1473/3036/2956 1104/3035/2957
f 1433/3038/2958 1938/3040/2959 1878/3039/2960 1078/2954/2876
f 1939/3041/2961 1940/3043/2962 1941/3042/2963 1106/2460/2382
f 1943/3044/2964 1944/3047/2965 1478/3046/2966 1107/3045/2967
f 1438/3048/2968 1945/3050/2969 1885/3049/2970 1081/2964/2886
f 1946/3051/2971 1947/3053/2972 1948/3052/2973 1109/2464/2386
f 1950/3054/2974 1951/3057/2975 1483/3056/2976 1110/3055/2977
f 1443/3058/2978 1952/3060/2979 1892/3059/2980 1084/2974/2896
f 1953/3061/2981 1954/3063/2982 1955/3062/2983 1112/2468/2390
f 1957/3064/2984 1958/3067/2985 1488/3066/2986 1113/3065/2987
f 1448/3068/2988 1959/3070/2989 1899/3069/2990 1087/2984/2906
f 1960/3071/2991 1961/3073/2992 1962/3072/2993 1115/2472/2394
f 1964/3074/2994 1965/3077/2995 1493/3076/2996 1116/3075/2997
f 1966/3078/2998 1967/3081/2999 1498/3080/3000 1118/3079/3001
f 1455/3082/3002 1968/3085/3003 1908/3084/3004 1092/3083/3005
f 1969/3086/3006 1970/3088/3007 1971/3087/3008 1120/2476/2398
f 1459/3089/3009 1974/3091/3010 1914/3090/3011 1095/3005/2927
f 1975/3092/3012 1976/3094/3013 1977/3093/3014 1123/2480/2402
f 1979/3095/3015 1980/3098/3016 1504/3097/3017 1124/3096/3018
f 1464/3099/3019 1981/3101/3020 1921/3100/3021 1098/3015/2937
f 1982/3102/3022 1983/3104/3023 1984/3103/3024 1126/2484/2406
f 1986/3105/3025 1987/3108/3026 1509/3107/3027 1127/3106/3028
f 1469/3109/3029 1988/3111/3030 1928/3110/3031 1101/3025/2947
f 1989/3112/3032 1990/3114/3033 1991/3113/3034 1129/2488/2410
f 1993/3115/3035 1994/3118/3036 1514/3117/3037 1130/3116/3038
f 1474/3119/3039 1995/3121/3040 1935/3120/3041 1104/3035/2957
f 1996/3122/3042 1997/3124/3043 1998/3123/3044 1132/2492/2414
f 2000/3125/3045 2001/3128/3046 1519/3127/3047 1133/3126/3048
f 1479/3129/3049 2002/3131/3050 1942/3130/3051 1107/3045/2967
f 2003/3132/3052 2004/3134/3053 2005/3133/3054 1135/2496/2418
f 2007/3135/3055 2008/3138/3056 1524/3137/3057 1136/3136/3058
f 1484/3139/3059 2009/3141/3060 1949/3140/3061 1110/3055/2977
f 2010/3142/3062 2011/3144/3063 2012/3143/3064 1138/2500/2422
f 2014/3145/3065 2015/3148/3066 1529/3147/3067 1139/3146/3068
f 1489/3149/3069 2016/3151/3070 1956/3150/3071 1113/3065/2987
f 2017/3152/3072 2018/3154/3073 2019/3153/3074 1141/2504/2426
f 2021/3155/3075 2022/3158/3076 1534/3157/3077 1142/3156/3078
f 1494/3159/3079 2023/3161/3080 1963/3160/3081 1116/3075/2997
f 2024/3162/3082 2025/3164/3083 2026/3163/3084 1144/2508/2430
f 2028/3165/3085 2029/3168/3086 1539/3167/3087 1145/3166/3088
f 2030/3169/3089 2031/3172/3090 1544/3171/3091 1147/3170/3092
f 1501/3173/3093 2032/3176/3094 1972/3175/3095 1121/3174/3096
f 2033/3177/3097 2034/3179/3098 2035/3178/3099 1149/2512/2434
f 1505/3180/3100 2038/3182/3101 1978/3181/3102 1124/3096/3018
f 2039/3183/3103 2040/3185/3104 2041/3184/3105 1152/2516/2438
f 2043/3186/3106 2044/3189/3107 1550/3188/3108 1153/3187/3109
f 1510/3190/3110 2045/3192/3111 1985/3191/3112 1127/3106/3028
f 2046/3193/3113 2047/3195/3114 2048/3194/3115 1155/2520/2442
f 2050/3196/3116 2051/3199/3117 1555/3198/3118 1156/3197/3119
f 1515/3200/3120 2052/3202/3121 1992/3201/3122 1130/3116/3038
f 2053/3203/3123 2054/3205/3124 2055/3204/3125 1158/2524/2446
f 2057/3206/3126 2058/3209/3127 1560/3208/3128 1159/3207/3129
f 1520/3210/3130 2059/3212/3131 1999/3211/3132 1133/3126/3048
f 2060/3213/3133 2061/3215/3134 2062/3214/3135 1161/2528/2450
f 2064/3216/3136 2065/3219/3137 1565/3218/3138 1162/3217/3139
f 1525/3220/3140 2066/3222/3141 2006/3221/3142 1136/3136/3058
f 2067/3223/3143 2068/3225/3144 2069/3224/3145 1164/2532/2454
f 2071/3226/3146 2072/3229/3147 1570/3228/3148 1165/3227/3149
f 1530/3230/3150 2073/3232/3151 2013/3231/3152 1139/3146/3068
f 2074/3233/3153 2075/3235/3154 2076/3234/3155 1167/2536/2458
f 2078/3236/3156 2079/3239/3157 1575/3238/3158 1168/3237/3159
f 1535/3240/3160 2080/3242/3161 2020/3241/3162 1142/3156/3078
f 2081/3243/3163 2082/3245/3164 2083/3244/3165 1170/2540/2462
f 2085/3246/3166 2086/3249/3167 1580/3248/3168 1171/3247/3169
f 1540/3250/3170 2087/3252/3171 2027/3251/3172 1145/3166/3088
f 2088/3253/3173 2089/3255/3174 2090/3254/3175 1173/2544/2466
f 2092/3256/3176 2093/3259/3177 1585/3258/3178 1174/3257/3179
f 2094/3260/3180 2095/3263/3181 1590/3262/3182 1176/3261/3183
f 1547/3264/3184 2096/3267/3185 2036/3266/3186 1150/3265/3187
f 2097/3268/3188 2098/3270/3189 2099/3269/3190 1178/2548/2470
f 1551/3271/3191 2102/3273/3192 2042/3272/3193 1153/3187/3109
f 2103/3274/3194 2104/3276/3195 2105/3275/3196 1181/2552/2474
f 2107/3277/3197 2108/3280/3198 1596/3279/3199 1182/3278/3200
f 1556/3281/3201 2109/3283/3202 2049/3282/3203 1156/3197/3119
f 2110/3284/3204 2111/3286/3205 2112/3285/3206 1184/2556/2478
f 2114/3287/3207 2115/3290/3208 1601/3289/3209 1185/3288/3210
f 1561/3291/3211 2116/3293/3212 2056/3292/3213 1159/3207/3129
f 2117/3294/3214 2118/3296/3215 2119/3295/3216 1187/2560/2482
f 2121/3297/3217 2122/3300/3218 1606/3299/3219 1188/3298/3220
f 1566/3301/3221 2123/3303/3222 2063/3302/3223 1162/3217/3139
f 2124/3304/3224 2125/3306/3225 2126/3305/3226 1190/2564/2486
f 2128/3307/3227 2129/3310/3228 1611/3309/3229 1191/3308/3230
f 1571/3311/3231 2130/3313/3232 2070/3312/3233 1165/3227/3149
f 2131/3314/3234 2132/3316/3235 2133/3315/3236 1193/2568/2490
f 2135/3317/3237 2136/3320/3238 1616/3319/3239 1194/3318/3240
f 1576/3321/3241 2137/3323/3242 2077/3322/3243 1168/3237/3159
f 2138/3324/3244 2139/3326/3245 2140/3325/3246 1196/2572/2494
f 2142/3327/3247 2143/3330/3248 1621/3329/3249 1197/3328/3250
f 1581/3331/3251 2144/3333/3252 2084/3332/3253 1171/3247/3169
f 2145/3334/3254 2146/3336/3255 2147/3335/3256 1199/2576/2498
f 2149/3337/3257 2150/3340/3258 1626/3339/3259 1200/3338/3260
f 1586/3341/3261 2151/3343/3262 2091/3342/3263 1174/3257/3179
f 2152/3344/3264 2153/3346/3265 2154/3345/3266 1202/2580/2502
f 2156/3347/3267 2157/3350/3268 1631/3349/3269 1203/3348/3270
f 2158/3351/3271 2159/3354/3272 1636/3353/3273 1205/3352/3274
f 1593/3355/3275 2160/3358/3276 2100/3357/3277 1179/3356/3278
f 2161/3359/3279 2162/3361/3280 2163/3360/3281 1207/2584/2506
f 1597/3362/3282 2165/3364/3283 2106/3363/3284 1182/3278/3200
f 2166/3365/3285 2167/3367/3286 2168/3366/3287 1209/2588/2510
f 1602/3368/3288 2171/3370/3289 2113/3369/3290 1185/3288/3210
f 2172/3371/3291 2173/3373/3292 2174/3372/3293 1211/2592/2514
f 1607/3374/3294 2177/3376/3295 2120/3375/3296 1188/3298/3220
f 2178/3377/3297 2179/3379/3298 2180/3378/3299 1213/2596/2518
f 1612/3380/3300 2183/3382/3301 2127/3381/3302 1191/3308/3230
f 2184/3383/3303 2185/3385/3304 2186/3384/3305 1215/2600/2522
f 1617/3386/3306 2189/3388/3307 2134/3387/3308 1194/3318/3240
f 2190/3389/3309 2191/3391/3310 2192/3390/3311 1217/2604/2526
f 1622/3392/3312 2195/3394/3313 2141/3393/3314 1197/3328/3250
f 2196/3395/3315 2197/3397/3316 2198/3396/3317 1219/2608/2530
f 1627/3398/3318 2201/3400/3319 2148/3399/3320 1200/3338/3260
f 2202/3401/3321 2203/3403/3322 2204/3402/3323 1221/2612/2534
f 1632/3404/3324 2207/3406/3325 2155/3405/3326 1203/3348/3270
f 2208/3407/3327 2209/3409/3328 2210/3408/3329 1223/2616/2538
f 1227/2297/2217 1226/2298/2216 1228/3411/3330 883/3410/3331
f 1228/3411/3330 1226/2298/2216 1229/2626/2546 969/2627/2549
f 1229/2626/2546 1226/2298/2216 1230/2295/2215 968/3412/3332
f 1232/2301/2221 1231/2302/2220 1233/3414/3333 884/3413/3334
f 1233/3414/3333 1231/2302/2220 1234/2637/2557 973/2638/2560
f 1234/2637/2557 1231/2302/2220 1235/2299/2219 972/3415/3335
f 1237/2305/2225 1236/2306/2224 1238/3417/3336 885/3416/3337
f 1238/3417/3336 1236/2306/2224 1239/2648/2568 977/2649/2571
f 1239/2648/2568 1236/2306/2224 1240/2303/2223 976/3418/3338
f 1242/2309/2229 1241/2310/2228 1243/3420/3339 886/3419/3340
f 1243/3420/3339 1241/2310/2228 1244/2659/2579 981/2660/2582
f 1244/2659/2579 1241/2310/2228 1245/2307/2227 980/3421/3341
f 1247/2313/2233 1246/2314/2232 1248/3423/3342 887/3422/3343
f 1248/3423/3342 1246/2314/2232 1249/2670/2590 985/2671/2593
f 1249/2670/2590 1246/2314/2232 1250/2311/2231 984/3424/3344
f 1252/2317/2237 1251/2318/2236 1253/3426/3345 888/3425/3346
f 1253/3426/3345 1251/2318/2236 1254/2681/2601 989/2682/2604
f 1254/2681/2601 1251/2318/2236 1255/2315/2235 988/3427/3347
f 1257/2321/2241 1256/2322/2240 1258/3429/3348 889/3428/3349
f 1258/3429/3348 1256/2322/2240 1259/2692/2612 993/2693/2615
f 1259/2692/2612 1256/2322/2240 1260/2319/2239 992/3430/3350
f 1262/2325/2245 1261/2326/2244 1263/3432/3351 890/3431/3352
f 1263/3432/3351 1261/2326/2244 1264/2703/2623 997/2704/2626
f 1264/2703/2623 1261/2326/2244 1265/2323/2243 996/3433/3353
f 1267/2329/2249 1266/2330/2248 1268/3435/3354 891/3434/3355
f 1268/3435/3354 1266/2330/2248 1269/3437/3356 1001/3436/3357
f 1269/3437/3356 1266/2330/2248 1270/2327/2247 1000/3438/3358
f 1273/2333/2253 1272/2334/2252 1274/2635/2555 892/3439/3359
f 1274/2635/2555 1272/2334/2252 1275/2725/2645 971/2634/2556
f 1275/2725/2645 1272/2334/2252 1276/2331/2251 1006/3440/3360
f 1278/2337/2257 1277/2338/2256 1279/2646/2566 893/3441/3361
f 1279/2646/2566 1277/2338/2256 1280/2735/2655 975/2645/2567
f 1280/2735/2655 1277/2338/2256 1281/2335/2255 1009/3442/3362
f 1283/2341/2261 1282/2342/2260 1284/2657/2577 894/3443/3363
f 1284/2657/2577 1282/2342/2260 1285/2745/2665 979/2656/2578
f 1285/2745/2665 1282/2342/2260 1286/2339/2259 1012/3444/3364
f 1288/2345/2265 1287/2346/2264 1289/2668/2588 895/3445/3365
f 1289/2668/2588 1287/2346/2264 1290/2755/2675 983/2667/2589
f 1290/2755/2675 1287/2346/2264 1291/2343/2263 1015/3446/3366
f 1293/2349/2269 1292/2350/2268 1294/2679/2599 896/3447/3367
f 1294/2679/2599 1292/2350/2268 1295/2765/2685 987/2678/2600
f 1295/2765/2685 1292/2350/2268 1296/2347/2267 1018/3448/3368
f 1298/2353/2273 1297/2354/2272 1299/2690/2610 897/3449/3369
f 1299/2690/2610 1297/2354/2272 1300/2775/2695 991/2689/2611
f 1300/2775/2695 1297/2354/2272 1301/2351/2271 1021/3450/3370
f 1303/2357/2277 1302/2358/2276 1304/2701/2621 898/3451/3371
f 1304/2701/2621 1302/2358/2276 1305/2785/2705 995/2700/2622
f 1305/2785/2705 1302/2358/2276 1306/2355/2275 1024/3452/3372
f 1308/2361/2281 1307/2362/2280 1309/2712/2632 899/3453/3373
f 1309/2712/2632 1307/2362/2280 1310/2795/2715 999/2711/2633
f 1310/2795/2715 1307/2362/2280 1311/2359/2279 1027/3454/3374
f 1313/2365/2285 1312/2366/2284 1314/2716/2636 900/3455/3375
f 1314/2716/2636 1312/2366/2284 1315/3456/3376 1002/2715/2637
f 1315/3456/3376 1312/2366/2284 1316/2363/2283 1030/3457/3377
f 1319/2369/2289 1318/2370/2288 1320/2733/2653 901/3458/3378
f 1320/2733/2653 1318/2370/2288 1321/2816/2736 1008/2732/2654
f 1321/2816/2736 1318/2370/2288 1322/2367/2287 1035/3459/3379
f 1324/2373/2293 1323/2374/2292 1325/2743/2663 902/3460/3380
f 1325/2743/2663 1323/2374/2292 1326/2826/2746 1011/2742/2664
f 1326/2826/2746 1323/2374/2292 1327/2371/2291 1038/3461/3381
f 1329/2377/2297 1328/2378/2296 1330/2753/2673 903/3462/3382
f 1330/2753/2673 1328/2378/2296 1331/2836/2756 1014/2752/2674
f 1331/2836/2756 1328/2378/2296 1332/2375/2295 1041/3463/3383
f 1334/2381/2301 1333/2382/2300 1335/2763/2683 904/3464/3384
f 1335/2763/2683 1333/2382/2300 1336/2846/2766 1017/2762/2684
f 1336/2846/2766 1333/2382/2300 1337/2379/2299 1044/3465/3385
f 1339/2385/2305 1338/2386/2304 1340/2773/2693 905/3466/3386
f 1340/2773/2693 1338/2386/2304 1341/2856/2776 1020/2772/2694
f 1341/2856/2776 1338/2386/2304 1342/2383/2303 1047/3467/3387
f 1344/2389/2309 1343/2390/2308 1345/2783/2703 906/3468/3388
f 1345/2783/2703 1343/2390/2308 1346/2866/2786 1023/2782/2704
f 1346/2866/2786 1343/2390/2308 1347/2387/2307 1050/3469/3389
f 1349/2393/2313 1348/2394/2312 1350/2793/2713 907/3470/3390
f 1350/2793/2713 1348/2394/2312 1351/2876/2796 1026/2792/2714
f 1351/2876/2796 1348/2394/2312 1352/2391/2311 1053/3471/3391
f 1354/2397/2317 1353/2398/2316 1355/2803/2723 908/3472/3392
f 1355/2803/2723 1353/2398/2316 1356/2886/2806 1029/2802/2724
f 1356/2886/2806 1353/2398/2316 1357/2395/2315 1056/3473/3393
f 1359/2401/2321 1358/2402/2320 1360/2807/2727 909/3474/3394
f 1360/2807/2727 1358/2402/2320 1361/3475/3395 1031/2806/2728
f 1361/3475/3395 1358/2402/2320 1362/2399/2319 1059/3476/3396
f 1365/2405/2325 1364/2406/2324 1366/2824/2744 910/3477/3397
f 1366/2824/2744 1364/2406/2324 1367/2907/2827 1037/2823/2745
f 1367/2907/2827 1364/2406/2324 1368/2403/2323 1064/3478/3398
f 1370/2409/2329 1369/2410/2328 1371/2834/2754 911/3479/3399
f 1371/2834/2754 1369/2410/2328 1372/2917/2837 1040/2833/2755
f 1372/2917/2837 1369/2410/2328 1373/2407/2327 1067/3480/3400
f 1375/2413/2333 1374/2414/2332 1376/2844/2764 912/3481/3401
f 1376/2844/2764 1374/2414/2332 1377/2927/2847 1043/2843/2765
f 1377/2927/2847 1374/2414/2332 1378/2411/2331 1070/3482/3402
f 1380/2417/2337 1379/2418/2336 1381/2854/2774 913/3483/3403
f 1381/2854/2774 1379/2418/2336 1382/2937/2857 1046/2853/2775
f 1382/2937/2857 1379/2418/2336 1383/2415/2335 1073/3484/3404
f 1385/2421/2341 1384/2422/2340 1386/2864/2784 914/3485/3405
f 1386/2864/2784 1384/2422/2340 1387/2947/2867 1049/2863/2785
f 1387/2947/2867 1384/2422/2340 1388/2419/2339 1076/3486/3406
f 1390/2425/2345 1389/2426/2344 1391/2874/2794 915/3487/3407
f 1391/2874/2794 1389/2426/2344 1392/2957/2877 1052/2873/2795
f 1392/2957/2877 1389/2426/2344 1393/2423/2343 1079/3488/3408
f 1395/2429/2349 1394/2430/2348 1396/2884/2804 916/3489/3409
f 1396/2884/2804 1394/2430/2348 1397/2967/2887 1055/2883/2805
f 1397/2967/2887 1394/2430/2348 1398/2427/2347 1082/3490/3410
f 1400/2433/2353 1399/2434/2352 1401/2894/2814 917/3491/3411
f 1401/2894/2814 1399/2434/2352 1402/2977/2897 1058/2893/2815
f 1402/2977/2897 1399/2434/2352 1403/2431/2351 1085/3492/3412
f 1405/2437/2357 1404/2438/2356 1406/2898/2818 918/3493/3413
f 1406/2898/2818 1404/2438/2356 1407/3494/3414 1060/2897/2819
f 1407/3494/3414 1404/2438/2356 1408/2435/2355 1088/3495/3415
f 1411/2441/2361 1410/2442/2360 1412/2915/2835 919/3496/3416
f 1412/2915/2835 1410/2442/2360 1413/2998/2918 1066/2914/2836
f 1413/2998/2918 1410/2442/2360 1414/2439/2359 1093/3497/3417
f 1416/2445/2365 1415/2446/2364 1417/2925/2845 920/3498/3418
f 1417/2925/2845 1415/2446/2364 1418/3008/2928 1069/2924/2846
f 1418/3008/2928 1415/2446/2364 1419/2443/2363 1096/3499/3419
f 1421/2449/2369 1420/2450/2368 1422/2935/2855 921/3500/3420
f 1422/2935/2855 1420/2450/2368 1423/3018/2938 1072/2934/2856
f 1423/3018/2938 1420/2450/2368 1424/2447/2367 1099/3501/3421
f 1426/2453/2373 1425/2454/2372 1427/2945/2865 922/3502/3422
f 1427/2945/2865 1425/2454/2372 1428/3028/2948 1075/2944/2866
f 1428/3028/2948 1425/2454/2372 1429/2451/2371 1102/3503/3423
f 1431/2457/2377 1430/2458/2376 1432/2955/2875 923/3504/3424
f 1432/2955/2875 1430/2458/2376 1433/3038/2958 1078/2954/2876
f 1433/3038/2958 1430/2458/2376 1434/2455/2375 1105/3505/3425
f 1436/2461/2381 1435/2462/2380 1437/2965/2885 924/3506/3426
f 1437/2965/2885 1435/2462/2380 1438/3048/2968 1081/2964/2886
f 1438/3048/2968 1435/2462/2380 1439/2459/2379 1108/3507/3427
f 1441/2465/2385 1440/2466/2384 1442/2975/2895 925/3508/3428
f 1442/2975/2895 1440/2466/2384 1443/3058/2978 1084/2974/2896
f 1443/3058/2978 1440/2466/2384 1444/2463/2383 1111/3509/3429
f 1446/2469/2389 1445/2470/2388 1447/2985/2905 926/3510/3430
f 1447/2985/2905 1445/2470/2388 1448/3068/2988 1087/2984/2906
f 1448/3068/2988 1445/2470/2388 1449/2467/2387 1114/3511/3431
f 1451/2473/2393 1450/2474/2392 1452/2989/2909 927/3512/3432
f 1452/2989/2909 1450/2474/2392 1453/3513/3433 1089/2988/2910
f 1453/3513/3433 1450/2474/2392 1454/2471/2391 1117/3514/3434
f 1457/2477/2397 1456/2478/2396 1458/3006/2926 928/3515/3435
f 1458/3006/2926 1456/2478/2396 1459/3089/3009 1095/3005/2927
f 1459/3089/3009 1456/2478/2396 1460/2475/2395 1122/3516/3436
f 1462/2481/2401 1461/2482/2400 1463/3016/2936 929/3517/3437
f 1463/3016/2936 1461/2482/2400 1464/3099/3019 1098/3015/2937
f 1464/3099/3019 1461/2482/2400 1465/2479/2399 1125/3518/3438
f 1467/2485/2405 1466/2486/2404 1468/3026/2946 930/3519/3439
f 1468/3026/2946 1466/2486/2404 1469/3109/3029 1101/3025/2947
f 1469/3109/3029 1466/2486/2404 1470/2483/2403 1128/3520/3440
f 1472/2489/2409 1471/2490/2408 1473/3036/2956 931/3521/3441
f 1473/3036/2956 1471/2490/2408 1474/3119/3039 1104/3035/2957
f 1474/3119/3039 1471/2490/2408 1475/2487/2407 1131/3522/3442
f 1477/2493/2413 1476/2494/2412 1478/3046/2966 932/3523/3443
f 1478/3046/2966 1476/2494/2412 1479/3129/3049 1107/3045/2967
f 1479/3129/3049 1476/2494/2412 1480/2491/2411 1134/3524/3444
f 1482/2497/2417 1481/2498/2416 1483/3056/2976 933/3525/3445
f 1483/3056/2976 1481/2498/2416 1484/3139/3059 1110/3055/2977
f 1484/3139/3059 1481/2498/2416 1485/2495/2415 1137/3526/3446
f 1487/2501/2421 1486/2502/2420 1488/3066/2986 934/3527/3447
f 1488/3066/2986 1486/2502/2420 1489/3149/3069 1113/3065/2987
f 1489/3149/3069 1486/2502/2420 1490/2499/2419 1140/3528/3448
f 1492/2505/2425 1491/2506/2424 1493/3076/2996 935/3529/3449
f 1493/3076/2996 1491/2506/2424 1494/3159/3079 1116/3075/2997
f 1494/3159/3079 1491/2506/2424 1495/2503/2423 1143/3530/3450
f 1497/2509/2429 1496/2510/2428 1498/3080/3000 936/3531/3451
f 1498/3080/3000 1496/2510/2428 1499/3532/3452 1118/3079/3001
f 1499/3532/3452 1496/2510/2428 1500/2507/2427 1146/3533/3453
f 1503/2513/2433 1502/2514/2432 1504/3097/3017 937/3534/3454
f 1504/3097/3017 1502/2514/2432 1505/3180/3100 1124/3096/3018
f 1505/3180/3100 1502/2514/2432 1506/2511/2431 1151/3535/3455
f 1508/2517/2437 1507/2518/2436 1509/3107/3027 938/3536/3456
f 1509/3107/3027 1507/2518/2436 1510/3190/3110 1127/3106/3028
f 1510/3190/3110 1507/2518/2436 1511/2515/2435 1154/3537/3457
f 1513/2521/2441 1512/2522/2440 1514/3117/3037 939/3538/3458
f 1514/3117/3037 1512/2522/2440 1515/3200/3120 1130/3116/3038
f 1515/3200/3120 1512/2522/2440 1516/2519/2439 1157/3539/3459
f 1518/2525/2445 1517/2526/2444 1519/3127/3047 940/3540/3460
f 1519/3127/3047 1517/2526/2444 1520/3210/3130 1133/3126/3048
f 1520/3210/3130 1517/2526/2444 1521/2523/2443 1160/3541/3461
f 1523/2529/2449 1522/2530/2448 1524/3137/3057 941/3542/3462
f 1524/3137/3057 1522/2530/2448 1525/3220/3140 1136/3136/3058
f 1525/3220/3140 1522/2530/2448 1526/2527/2447 1163/3543/3463
f 1528/2533/2453 1527/2534/2452 1529/3147/3067 942/3544/3464
f 1529/3147/3067 1527/2534/2452 1530/3230/3150 1139/3146/3068
f 1530/3230/3150 1527/2534/2452 1531/2531/2451 1166/3545/3465
f 1533/2537/2457 1532/2538/2456 1534/3157/3077 943/3546/3466
f 1534/3157/3077 1532/2538/2456 1535/3240/3160 1142/3156/3078
f 1535/3240/3160 1532/2538/2456 1536/2535/2455 1169/3547/3467
f 1538/2541/2461 1537/2542/2460 1539/3167/3087 944/3548/3468
f 1539/3167/3087 1537/2542/2460 1540/3250/3170 1145/3166/3088
f 1540/3250/3170 1537/2542/2460 1541/2539/2459 1172/3549/3469
f 1543/2545/2465 1542/2546/2464 1544/3171/3091 945/3550/3470
f 1544/3171/3091 1542/2546/2464 1545/3551/3471 1147/3170/3092
f 1545/3551/3471 1542/2546/2464 1546/2543/2463 1175/3552/3472
f 1549/2549/2469 1548/2550/2468 1550/3188/3108 946/3553/3473
f 1550/3188/3108 1548/2550/2468 1551/3271/3191 1153/3187/3109
f 1551/3271/3191 1548/2550/2468 1552/2547/2467 1180/3554/3474
f 1554/2553/2473 1553/2554/2472 1555/3198/3118 947/3555/3475
f 1555/3198/3118 1553/2554/2472 1556/3281/3201 1156/3197/3119
f 1556/3281/3201 1553/2554/2472 1557/2551/2471 1183/3556/3476
f 1559/2557/2477 1558/2558/2476 1560/3208/3128 948/3557/3477
f 1560/3208/3128 1558/2558/2476 1561/3291/3211 1159/3207/3129
f 1561/3291/3211 1558/2558/2476 1562/2555/2475 1186/3558/3478
f 1564/2561/2481 1563/2562/2480 1565/3218/3138 949/3559/3479
f 1565/3218/3138 1563/2562/2480 1566/3301/3221 1162/3217/3139
f 1566/3301/3221 1563/2562/2480 1567/2559/2479 1189/3560/3480
f 1569/2565/2485 1568/2566/2484 1570/3228/3148 950/3561/3481
f 1570/3228/3148 1568/2566/2484 1571/3311/3231 1165/3227/3149
f 1571/3311/3231 1568/2566/2484 1572/2563/2483 1192/3562/3482
f 1574/2569/2489 1573/2570/2488 1575/3238/3158 951/3563/3483
f 1575/3238/3158 1573/2570/2488 1576/3321/3241 1168/3237/3159
f 1576/3321/3241 1573/2570/2488 1577/2567/2487 1195/3564/3484
f 1579/2573/2493 1578/2574/2492 1580/3248/3168 952/3565/3485
f 1580/3248/3168 1578/2574/2492 1581/3331/3251 1171/3247/3169
f 1581/3331/3251 1578/2574/2492 1582/2571/2491 1198/3566/3486
f 1584/2577/2497 1583/2578/2496 1585/3258/3178 953/3567/3487
f 1585/3258/3178 1583/2578/2496 1586/3341/3261 1174/3257/3179
f 1586/3341/3261 1583/2578/2496 1587/2575/2495 1201/3568/3488
f 1589/2581/2501 1588/2582/2500 1590/3262/3182 954/3569/3489
f 1590/3262/3182 1588/2582/2500 1591/3570/3490 1176/3261/3183
f 1591/3570/3490 1588/2582/2500 1592/2579/2499 1204/3571/3491
f 1595/2585/2505 1594/2586/2504 1596/3279/3199 955/3572/3492
f 1596/3279/3199 1594/2586/2504 1597/3362/3282 1182/3278/3200
f 1597/3362/3282 1594/2586/2504 1598/2583/2503 1208/3573/3493
f 1600/2589/2509 1599/2590/2508 1601/3289/3209 956/3574/3494
f 1601/3289/3209 1599/2590/2508 1602/3368/3288 1185/3288/3210
f 1602/3368/3288 1599/2590/2508 1603/2587/2507 1210/3575/3495
f 1605/2593/2513 1604/2594/2512 1606/3299/3219 957/3576/3496
f 1606/3299/3219 1604/2594/2512 1607/3374/3294 1188/3298/3220
f 1607/3374/3294 1604/2594/2512 1608/2591/2511 1212/3577/3497
f 1610/2597/2517 1609/2598/2516 1611/3309/3229 958/3578/3498
f 1611/3309/3229 1609/2598/2516 1612/3380/3300 1191/3308/3230
f 1612/3380/3300 1609/2598/2516 1613/2595/2515 1214/3579/3499
f 1615/2601/2521 1614/2602/2520 1616/3319/3239 959/3580/3500
f 1616/3319/3239 1614/2602/2520 1617/3386/3306 1194/3318/3240
f 1617/3386/3306 1614/2602/2520 1618/2599/2519 1216/3581/3501
f 1620/2605/2525 1619/2606/2524 1621/3329/3249 960/3582/3502
f 1621/3329/3249 1619/2606/2524 1622/3392/3312 1197/3328/3250
f 1622/3392/3312 1619/2606/2524 1623/2603/2523 1218/3583/3503
f 1625/2609/2529 1624/2610/2528 1626/3339/3259 961/3584/3504
f 1626/3339/3259 1624/2610/2528 1627/3398/3318 1200/3338/3260
f 1627/3398/3318 1624/2610/2528 1628/2607/2527 1220/3585/3505
f 1630/2613/2533 1629/2614/2532 1631/3349/3269 962/3586/3506
f 1631/3349/3269 1629/2614/2532 1632/3404/3324 1203/3348/3270
f 1632/3404/3324 1629/2614/2532 1633/2611/2531 1222/3587/3507
f 1635/2617/2537 1634/2618/2536 1636/3353/3273 963/3588/3508
f 1636/3353/3273 1634/2618/2536 1637/3589/3509 1205/3352/3274
f 1637/3589/3509 1634/2618/2536 1638/2615/2535 1224/3590/3510
f 1640/2621/2541 1639/2622/2540 1227/2297/2217 883/3410/3331
f 1227/2297/2217 1639/2622/2540 1641/2623/2543 966/2296/2218
f 1641/2623/2543 1639/2622/2540 1225/2619/2539 964/3591/3511
f 1643/2624/2545 1642/2625/2544 1644/2720/2640 892/3439/3359
f 1644/2720/2640 1642/2625/2544 1645/3592/3512 967/2719/2641
f 1645/3592/3512 1642/2625/2544 1641/2623/2543 964/3591/3511
f 1647/2628/2548 1646/2629/2547 1232/2301/2221 884/3413/3334
f 1232/2301/2221 1646/2629/2547 1648/2630/2550 970/2300/2222
f 1648/2630/2550 1646/2629/2547 1229/2626/2546 968/3412/3332
f 1650/2631/2552 1649/2632/2551 1651/2726/2647 893/3441/3361
f 1651/2726/2647 1649/2632/2551 1652/2633/2553 971/2634/2556
f 1652/2633/2553 1649/2632/2551 1648/2630/2550 968/3412/3332
f 1274/2635/2555 1653/2636/2554 1643/2624/2545 892/3439/3359
f 1643/2624/2545 1653/2636/2554 1230/2295/2215 966/2296/2218
f 1230/2295/2215 1653/2636/2554 1652/2633/2553 968/3412/3332
f 1655/2639/2559 1654/2640/2558 1237/2305/2225 885/3416/3337
f 1237/2305/2225 1654/2640/2558 1656/2641/2561 974/2304/2226
f 1656/2641/2561 1654/2640/2558 1234/2637/2557 972/3415/3335
f 1658/2642/2563 1657/2643/2562 1659/2736/2657 894/3443/3363
f 1659/2736/2657 1657/2643/2562 1660/2644/2564 975/2645/2567
f 1660/2644/2564 1657/2643/2562 1656/2641/2561 972/3415/3335
f 1279/2646/2566 1661/2647/2565 1650/2631/2552 893/3441/3361
f 1650/2631/2552 1661/2647/2565 1235/2299/2219 970/2300/2222
f 1235/2299/2219 1661/2647/2565 1660/2644/2564 972/3415/3335
f 1663/2650/2570 1662/2651/2569 1242/2309/2229 886/3419/3340
f 1242/2309/2229 1662/2651/2569 1664/2652/2572 978/2308/2230
f 1664/2652/2572 1662/2651/2569 1239/2648/2568 976/3418/3338
f 1666/2653/2574 1665/2654/2573 1667/2746/2667 895/3445/3365
f 1667/2746/2667 1665/2654/2573 1668/2655/2575 979/2656/2578
f 1668/2655/2575 1665/2654/2573 1664/2652/2572 976/3418/3338
f 1284/2657/2577 1669/2658/2576 1658/2642/2563 894/3443/3363
f 1658/2642/2563 1669/2658/2576 1240/2303/2223 974/2304/2226
f 1240/2303/2223 1669/2658/2576 1668/2655/2575 976/3418/3338
f 1671/2661/2581 1670/2662/2580 1247/2313/2233 887/3422/3343
f 1247/2313/2233 1670/2662/2580 1672/2663/2583 982/2312/2234
f 1672/2663/2583 1670/2662/2580 1244/2659/2579 980/3421/3341
f 1674/2664/2585 1673/2665/2584 1675/2756/2677 896/3447/3367
f 1675/2756/2677 1673/2665/2584 1676/2666/2586 983/2667/2589
f 1676/2666/2586 1673/2665/2584 1672/2663/2583 980/3421/3341
f 1289/2668/2588 1677/2669/2587 1666/2653/2574 895/3445/3365
f 1666/2653/2574 1677/2669/2587 1245/2307/2227 978/2308/2230
f 1245/2307/2227 1677/2669/2587 1676/2666/2586 980/3421/3341
f 1679/2672/2592 1678/2673/2591 1252/2317/2237 888/3425/3346
f 1252/2317/2237 1678/2673/2591 1680/2674/2594 986/2316/2238
f 1680/2674/2594 1678/2673/2591 1249/2670/2590 984/3424/3344
f 1682/2675/2596 1681/2676/2595 1683/2766/2687 897/3449/3369
f 1683/2766/2687 1681/2676/2595 1684/2677/2597 987/2678/2600
f 1684/2677/2597 1681/2676/2595 1680/2674/2594 984/3424/3344
f 1294/2679/2599 1685/2680/2598 1674/2664/2585 896/3447/3367
f 1674/2664/2585 1685/2680/2598 1250/2311/2231 982/2312/2234
f 1250/2311/2231 1685/2680/2598 1684/2677/2597 984/3424/3344
f 1687/2683/2603 1686/2684/2602 1257/2321/2241 889/3428/3349
f 1257/2321/2241 1686/2684/2602 1688/2685/2605 990/2320/2242
f 1688/2685/2605 1686/2684/2602 1254/2681/2601 988/3427/3347
f 1690/2686/2607 1689/2687/2606 1691/2776/2697 898/3451/3371
f 1691/2776/2697 1689/2687/2606 1692/2688/2608 991/2689/2611
f 1692/2688/2608 1689/2687/2606 1688/2685/2605 988/3427/3347
f 1299/2690/2610 1693/2691/2609 1682/2675/2596 897/3449/3369
f 1682/2675/2596 1693/2691/2609 1255/2315/2235 986/2316/2238
f 1255/2315/2235 1693/2691/2609 1692/2688/2608 988/3427/3347
f 1695/2694/2614 1694/2695/2613 1262/2325/2245 890/3431/3352
f 1262/2325/2245 1694/2695/2613 1696/2696/2616 994/2324/2246
f 1696/2696/2616 1694/2695/2613 1259/2692/2612 992/3430/3350
f 1698/2697/2618 1697/2698/2617 1699/2786/2707 899/3453/3373
f 1699/2786/2707 1697/2698/2617 1700/2699/2619 995/2700/2622
f 1700/2699/2619 1697/2698/2617 1696/2696/2616 992/3430/3350
f 1304/2701/2621 1701/2702/2620 1690/2686/2607 898/3451/3371
f 1690/2686/2607 1701/2702/2620 1260/2319/2239 990/2320/2242
f 1260/2319/2239 1701/2702/2620 1700/2699/2619 992/3430/3350
f 1703/2705/2625 1702/2706/2624 1267/2329/2249 891/3434/3355
f 1267/2329/2249 1702/2706/2624 1704/2707/2627 998/2328/2250
f 1704/2707/2627 1702/2706/2624 1264/2703/2623 996/3433/3353
f 1706/2708/2629 1705/2709/2628 1707/2796/2717 900/3455/3375
f 1707/2796/2717 1705/2709/2628 1708/2710/2630 999/2711/2633
f 1708/2710/2630 1705/2709/2628 1704/2707/2627 996/3433/3353
f 1309/2712/2632 1709/2713/2631 1698/2697/2618 899/3453/3373
f 1698/2697/2618 1709/2713/2631 1265/2323/2243 994/2324/2246
f 1265/2323/2243 1709/2713/2631 1708/2710/2630 996/3433/3353
f 1314/2716/2636 1711/2717/2635 1706/2708/2629 900/3455/3375
f 1706/2708/2629 1711/2717/2635 1270/2327/2247 998/2328/2250
f 1270/2327/2247 1711/2717/2635 1710/2714/2634 1000/3438/3358
f 1644/2720/2640 1712/2721/2639 1273/2333/2253 892/3439/3359
f 1273/2333/2253 1712/2721/2639 1713/2722/2642 1004/2332/2254
f 1713/2722/2642 1712/2721/2639 1271/2718/2638 1003/3593/3513
f 1715/2723/2644 1714/2724/2643 1716/2811/2731 901/3458/3378
f 1716/2811/2731 1714/2724/2643 1717/3594/3514 1005/2810/2732
f 1717/3594/3514 1714/2724/2643 1713/2722/2642 1003/3593/3513
f 1651/2726/2647 1718/2727/2646 1278/2337/2257 893/3441/3361
f 1278/2337/2257 1718/2727/2646 1719/2728/2648 1007/2336/2258
f 1719/2728/2648 1718/2727/2646 1275/2725/2645 1006/3440/3360
f 1721/2729/2650 1720/2730/2649 1722/2817/2738 902/3460/3380
f 1722/2817/2738 1720/2730/2649 1723/2731/2651 1008/2732/2654
f 1723/2731/2651 1720/2730/2649 1719/2728/2648 1006/3440/3360
f 1320/2733/2653 1724/2734/2652 1715/2723/2644 901/3458/3378
f 1715/2723/2644 1724/2734/2652 1276/2331/2251 1004/2332/2254
f 1276/2331/2251 1724/2734/2652 1723/2731/2651 1006/3440/3360
f 1659/2736/2657 1725/2737/2656 1283/2341/2261 894/3443/3363
f 1283/2341/2261 1725/2737/2656 1726/2738/2658 1010/2340/2262
f 1726/2738/2658 1725/2737/2656 1280/2735/2655 1009/3442/3362
f 1728/2739/2660 1727/2740/2659 1729/2827/2748 903/3462/3382
f 1729/2827/2748 1727/2740/2659 1730/2741/2661 1011/2742/2664
f 1730/2741/2661 1727/2740/2659 1726/2738/2658 1009/3442/3362
f 1325/2743/2663 1731/2744/2662 1721/2729/2650 902/3460/3380
f 1721/2729/2650 1731/2744/2662 1281/2335/2255 1007/2336/2258
f 1281/2335/2255 1731/2744/2662 1730/2741/2661 1009/3442/3362
f 1667/2746/2667 1732/2747/2666 1288/2345/2265 895/3445/3365
f 1288/2345/2265 1732/2747/2666 1733/2748/2668 1013/2344/2266
f 1733/2748/2668 1732/2747/2666 1285/2745/2665 1012/3444/3364
f 1735/2749/2670 1734/2750/2669 1736/2837/2758 904/3464/3384
f 1736/2837/2758 1734/2750/2669 1737/2751/2671 1014/2752/2674
f 1737/2751/2671 1734/2750/2669 1733/2748/2668 1012/3444/3364
f 1330/2753/2673 1738/2754/2672 1728/2739/2660 903/3462/3382
f 1728/2739/2660 1738/2754/2672 1286/2339/2259 1010/2340/2262
f 1286/2339/2259 1738/2754/2672 1737/2751/2671 1012/3444/3364
f 1675/2756/2677 1739/2757/2676 1293/2349/2269 896/3447/3367
f 1293/2349/2269 1739/2757/2676 1740/2758/2678 1016/2348/2270
f 1740/2758/2678 1739/2757/2676 1290/2755/2675 1015/3446/3366
f 1742/2759/2680 1741/2760/2679 1743/2847/2768 905/3466/3386
f 1743/2847/2768 1741/2760/2679 1744/2761/2681 1017/2762/2684
f 1744/2761/2681 1741/2760/2679 1740/2758/2678 1015/3446/3366
f 1335/2763/2683 1745/2764/2682 1735/2749/2670 904/3464/3384
f 1735/2749/2670 1745/2764/2682 1291/2343/2263 1013/2344/2266
f 1291/2343/2263 1745/2764/2682 1744/2761/2681 1015/3446/3366
f 1683/2766/2687 1746/2767/2686 1298/2353/2273 897/3449/3369
f 1298/2353/2273 1746/2767/2686 1747/2768/2688 1019/2352/2274
f 1747/2768/2688 1746/2767/2686 1295/2765/2685 1018/3448/3368
f 1749/2769/2690 1748/2770/2689 1750/2857/2778 906/3468/3388
f 1750/2857/2778 1748/2770/2689 1751/2771/2691 1020/2772/2694
f 1751/2771/2691 1748/2770/2689 1747/2768/2688 1018/3448/3368
f 1340/2773/2693 1752/2774/2692 1742/2759/2680 905/3466/3386
f 1742/2759/2680 1752/2774/2692 1296/2347/2267 1016/2348/2270
f 1296/2347/2267 1752/2774/2692 1751/2771/2691 1018/3448/3368
f 1691/2776/2697 1753/2777/2696 1303/2357/2277 898/3451/3371
f 1303/2357/2277 1753/2777/2696 1754/2778/2698 1022/2356/2278
f 1754/2778/2698 1753/2777/2696 1300/2775/2695 1021/3450/3370
f 1756/2779/2700 1755/2780/2699 1757/2867/2788 907/3470/3390
f 1757/2867/2788 1755/2780/2699 1758/2781/2701 1023/2782/2704
f 1758/2781/2701 1755/2780/2699 1754/2778/2698 1021/3450/3370
f 1345/2783/2703 1759/2784/2702 1749/2769/2690 906/3468/3388
f 1749/2769/2690 1759/2784/2702 1301/2351/2271 1019/2352/2274
f 1301/2351/2271 1759/2784/2702 1758/2781/2701 1021/3450/3370
f 1699/2786/2707 1760/2787/2706 1308/2361/2281 899/3453/3373
f 1308/2361/2281 1760/2787/2706 1761/2788/2708 1025/2360/2282
f 1761/2788/2708 1760/2787/2706 1305/2785/2705 1024/3452/3372
f 1763/2789/2710 1762/2790/2709 1764/2877/2798 908/3472/3392
f 1764/2877/2798 1762/2790/2709 1765/2791/2711 1026/2792/2714
f 1765/2791/2711 1762/2790/2709 1761/2788/2708 1024/3452/3372
f 1350/2793/2713 1766/2794/2712 1756/2779/2700 907/3470/3390
f 1756/2779/2700 1766/2794/2712 1306/2355/2275 1022/2356/2278
f 1306/2355/2275 1766/2794/2712 1765/2791/2711 1024/3452/3372
f 1707/2796/2717 1767/2797/2716 1313/2365/2285 900/3455/3375
f 1313/2365/2285 1767/2797/2716 1768/2798/2718 1028/2364/2286
f 1768/2798/2718 1767/2797/2716 1310/2795/2715 1027/3454/3374
f 1770/2799/2720 1769/2800/2719 1771/2887/2808 909/3474/3394
f 1771/2887/2808 1769/2800/2719 1772/2801/2721 1029/2802/2724
f 1772/2801/2721 1769/2800/2719 1768/2798/2718 1027/3454/3374
f 1355/2803/2723 1773/2804/2722 1763/2789/2710 908/3472/3392
f 1763/2789/2710 1773/2804/2722 1311/2359/2279 1025/2360/2282
f 1311/2359/2279 1773/2804/2722 1772/2801/2721 1027/3454/3374
f 1360/2807/2727 1775/2808/2726 1770/2799/2720 909/3474/3394
f 1770/2799/2720 1775/2808/2726 1316/2363/2283 1028/2364/2286
f 1316/2363/2283 1775/2808/2726 1774/2805/2725 1030/3457/3377
f 1716/2811/2731 1776/2812/2730 1319/2369/2289 901/3458/3378
f 1319/2369/2289 1776/2812/2730 1777/2813/2733 1033/2368/2290
f 1777/2813/2733 1776/2812/2730 1317/2809/2729 1032/3595/3515
f 1779/2814/2735 1778/2815/2734 1780/2902/2822 910/3477/3397
f 1780/2902/2822 1778/2815/2734 1781/3596/3516 1034/2901/2823
f 1781/3596/3516 1778/2815/2734 1777/2813/2733 1032/3595/3515
f 1722/2817/2738 1782/2818/2737 1324/2373/2293 902/3460/3380
f 1324/2373/2293 1782/2818/2737 1783/2819/2739 1036/2372/2294
f 1783/2819/2739 1782/2818/2737 1321/2816/2736 1035/3459/3379
f 1785/2820/2741 1784/2821/2740 1786/2908/2829 911/3479/3399
f 1786/2908/2829 1784/2821/2740 1787/2822/2742 1037/2823/2745
f 1787/2822/2742 1784/2821/2740 1783/2819/2739 1035/3459/3379
f 1366/2824/2744 1788/2825/2743 1779/2814/2735 910/3477/3397
f 1779/2814/2735 1788/2825/2743 1322/2367/2287 1033/2368/2290
f 1322/2367/2287 1788/2825/2743 1787/2822/2742 1035/3459/3379
f 1729/2827/2748 1789/2828/2747 1329/2377/2297 903/3462/3382
f 1329/2377/2297 1789/2828/2747 1790/2829/2749 1039/2376/2298
f 1790/2829/2749 1789/2828/2747 1326/2826/2746 1038/3461/3381
f 1792/2830/2751 1791/2831/2750 1793/2918/2839 912/3481/3401
f 1793/2918/2839 1791/2831/2750 1794/2832/2752 1040/2833/2755
f 1794/2832/2752 1791/2831/2750 1790/2829/2749 1038/3461/3381
f 1371/2834/2754 1795/2835/2753 1785/2820/2741 911/3479/3399
f 1785/2820/2741 1795/2835/2753 1327/2371/2291 1036/2372/2294
f 1327/2371/2291 1795/2835/2753 1794/2832/2752 1038/3461/3381
f 1736/2837/2758 1796/2838/2757 1334/2381/2301 904/3464/3384
f 1334/2381/2301 1796/2838/2757 1797/2839/2759 1042/2380/2302
f 1797/2839/2759 1796/2838/2757 1331/2836/2756 1041/3463/3383
f 1799/2840/2761 1798/2841/2760 1800/2928/2849 913/3483/3403
f 1800/2928/2849 1798/2841/2760 1801/2842/2762 1043/2843/2765
f 1801/2842/2762 1798/2841/2760 1797/2839/2759 1041/3463/3383
f 1376/2844/2764 1802/2845/2763 1792/2830/2751 912/3481/3401
f 1792/2830/2751 1802/2845/2763 1332/2375/2295 1039/2376/2298
f 1332/2375/2295 1802/2845/2763 1801/2842/2762 1041/3463/3383
f 1743/2847/2768 1803/2848/2767 1339/2385/2305 905/3466/3386
f 1339/2385/2305 1803/2848/2767 1804/2849/2769 1045/2384/2306
f 1804/2849/2769 1803/2848/2767 1336/2846/2766 1044/3465/3385
f 1806/2850/2771 1805/2851/2770 1807/2938/2859 914/3485/3405
f 1807/2938/2859 1805/2851/2770 1808/2852/2772 1046/2853/2775
f 1808/2852/2772 1805/2851/2770 1804/2849/2769 1044/3465/3385
f 1381/2854/2774 1809/2855/2773 1799/2840/2761 913/3483/3403
f 1799/2840/2761 1809/2855/2773 1337/2379/2299 1042/2380/2302
f 1337/2379/2299 1809/2855/2773 1808/2852/2772 1044/3465/3385
f 1750/2857/2778 1810/2858/2777 1344/2389/2309 906/3468/3388
f 1344/2389/2309 1810/2858/2777 1811/2859/2779 1048/2388/2310
f 1811/2859/2779 1810/2858/2777 1341/2856/2776 1047/3467/3387
f 1813/2860/2781 1812/2861/2780 1814/2948/2869 915/3487/3407
f 1814/2948/2869 1812/2861/2780 1815/2862/2782 1049/2863/2785
f 1815/2862/2782 1812/2861/2780 1811/2859/2779 1047/3467/3387
f 1386/2864/2784 1816/2865/2783 1806/2850/2771 914/3485/3405
f 1806/2850/2771 1816/2865/2783 1342/2383/2303 1045/2384/2306
f 1342/2383/2303 1816/2865/2783 1815/2862/2782 1047/3467/3387
f 1757/2867/2788 1817/2868/2787 1349/2393/2313 907/3470/3390
f 1349/2393/2313 1817/2868/2787 1818/2869/2789 1051/2392/2314
f 1818/2869/2789 1817/2868/2787 1346/2866/2786 1050/3469/3389
f 1820/2870/2791 1819/2871/2790 1821/2958/2879 916/3489/3409
f 1821/2958/2879 1819/2871/2790 1822/2872/2792 1052/2873/2795
f 1822/2872/2792 1819/2871/2790 1818/2869/2789 1050/3469/3389
f 1391/2874/2794 1823/2875/2793 1813/2860/2781 915/3487/3407
f 1813/2860/2781 1823/2875/2793 1347/2387/2307 1048/2388/2310
f 1347/2387/2307 1823/2875/2793 1822/2872/2792 1050/3469/3389
f 1764/2877/2798 1824/2878/2797 1354/2397/2317 908/3472/3392
f 1354/2397/2317 1824/2878/2797 1825/2879/2799 1054/2396/2318
f 1825/2879/2799 1824/2878/2797 1351/2876/2796 1053/3471/3391
f 1827/2880/2801 1826/2881/2800 1828/2968/2889 917/3491/3411
f 1828/2968/2889 1826/2881/2800 1829/2882/2802 1055/2883/2805
f 1829/2882/2802 1826/2881/2800 1825/2879/2799 1053/3471/3391
f 1396/2884/2804 1830/2885/2803 1820/2870/2791 916/3489/3409
f 1820/2870/2791 1830/2885/2803 1352/2391/2311 1051/2392/2314
f 1352/2391/2311 1830/2885/2803 1829/2882/2802 1053/3471/3391
f 1771/2887/2808 1831/2888/2807 1359/2401/2321 909/3474/3394
f 1359/2401/2321 1831/2888/2807 1832/2889/2809 1057/2400/2322
f 1832/2889/2809 1831/2888/2807 1356/2886/2806 1056/3473/3393
f 1834/2890/2811 1833/2891/2810 1835/2978/2899 918/3493/3413
f 1835/2978/2899 1833/2891/2810 1836/2892/2812 1058/2893/2815
f 1836/2892/2812 1833/2891/2810 1832/2889/2809 1056/3473/3393
f 1401/2894/2814 1837/2895/2813 1827/2880/2801 917/3491/3411
f 1827/2880/2801 1837/2895/2813 1357/2395/2315 1054/2396/2318
f 1357/2395/2315 1837/2895/2813 1836/2892/2812 1056/3473/3393
f 1406/2898/2818 1839/2899/2817 1834/2890/2811 918/3493/3413
f 1834/2890/2811 1839/2899/2817 1362/2399/2319 1057/2400/2322
f 1362/2399/2319 1839/2899/2817 1838/2896/2816 1059/3476/3396
f 1780/2902/2822 1840/2903/2821 1365/2405/2325 910/3477/3397
f 1365/2405/2325 1840/2903/2821 1841/2904/2824 1062/2404/2326
f 1841/2904/2824 1840/2903/2821 1363/2900/2820 1061/3597/3517
f 1843/2905/2826 1842/2906/2825 1844/2993/2913 919/3496/3416
f 1844/2993/2913 1842/2906/2825 1845/3598/3518 1063/2992/2914
f 1845/3598/3518 1842/2906/2825 1841/2904/2824 1061/3597/3517
f 1786/2908/2829 1846/2909/2828 1370/2409/2329 911/3479/3399
f 1370/2409/2329 1846/2909/2828 1847/2910/2830 1065/2408/2330
f 1847/2910/2830 1846/2909/2828 1367/2907/2827 1064/3478/3398
f 1849/2911/2832 1848/2912/2831 1850/2999/2920 920/3498/3418
f 1850/2999/2920 1848/2912/2831 1851/2913/2833 1066/2914/2836
f 1851/2913/2833 1848/2912/2831 1847/2910/2830 1064/3478/3398
f 1412/2915/2835 1852/2916/2834 1843/2905/2826 919/3496/3416
f 1843/2905/2826 1852/2916/2834 1368/2403/2323 1062/2404/2326
f 1368/2403/2323 1852/2916/2834 1851/2913/2833 1064/3478/3398
f 1793/2918/2839 1853/2919/2838 1375/2413/2333 912/3481/3401
f 1375/2413/2333 1853/2919/2838 1854/2920/2840 1068/2412/2334
f 1854/2920/2840 1853/2919/2838 1372/2917/2837 1067/3480/3400
f 1856/2921/2842 1855/2922/2841 1857/3009/2930 921/3500/3420
f 1857/3009/2930 1855/2922/2841 1858/2923/2843 1069/2924/2846
f 1858/2923/2843 1855/2922/2841 1854/2920/2840 1067/3480/3400
f 1417/2925/2845 1859/2926/2844 1849/2911/2832 920/3498/3418
f 1849/2911/2832 1859/2926/2844 1373/2407/2327 1065/2408/2330
f 1373/2407/2327 1859/2926/2844 1858/2923/2843 1067/3480/3400
f 1800/2928/2849 1860/2929/2848 1380/2417/2337 913/3483/3403
f 1380/2417/2337 1860/2929/2848 1861/2930/2850 1071/2416/2338
f 1861/2930/2850 1860/2929/2848 1377/2927/2847 1070/3482/3402
f 1863/2931/2852 1862/2932/2851 1864/3019/2940 922/3502/3422
f 1864/3019/2940 1862/2932/2851 1865/2933/2853 1072/2934/2856
f 1865/2933/2853 1862/2932/2851 1861/2930/2850 1070/3482/3402
f 1422/2935/2855 1866/2936/2854 1856/2921/2842 921/3500/3420
f 1856/2921/2842 1866/2936/2854 1378/2411/2331 1068/2412/2334
f 1378/2411/2331 1866/2936/2854 1865/2933/2853 1070/3482/3402
f 1807/2938/2859 1867/2939/2858 1385/2421/2341 914/3485/3405
f 1385/2421/2341 1867/2939/2858 1868/2940/2860 1074/2420/2342
f 1868/2940/2860 1867/2939/2858 1382/2937/2857 1073/3484/3404
f 1870/2941/2862 1869/2942/2861 1871/3029/2950 923/3504/3424
f 1871/3029/2950 1869/2942/2861 1872/2943/2863 1075/2944/2866
f 1872/2943/2863 1869/2942/2861 1868/2940/2860 1073/3484/3404
f 1427/2945/2865 1873/2946/2864 1863/2931/2852 922/3502/3422
f 1863/2931/2852 1873/2946/2864 1383/2415/2335 1071/2416/2338
f 1383/2415/2335 1873/2946/2864 1872/2943/2863 1073/3484/3404
f 1814/2948/2869 1874/2949/2868 1390/2425/2345 915/3487/3407
f 1390/2425/2345 1874/2949/2868 1875/2950/2870 1077/2424/2346
f 1875/2950/2870 1874/2949/2868 1387/2947/2867 1076/3486/3406
f 1877/2951/2872 1876/2952/2871 1878/3039/2960 924/3506/3426
f 1878/3039/2960 1876/2952/2871 1879/2953/2873 1078/2954/2876
f 1879/2953/2873 1876/2952/2871 1875/2950/2870 1076/3486/3406
f 1432/2955/2875 1880/2956/2874 1870/2941/2862 923/3504/3424
f 1870/2941/2862 1880/2956/2874 1388/2419/2339 1074/2420/2342
f 1388/2419/2339 1880/2956/2874 1879/2953/2873 1076/3486/3406
f 1821/2958/2879 1881/2959/2878 1395/2429/2349 916/3489/3409
f 1395/2429/2349 1881/2959/2878 1882/2960/2880 1080/2428/2350
f 1882/2960/2880 1881/2959/2878 1392/2957/2877 1079/3488/3408
f 1884/2961/2882 1883/2962/2881 1885/3049/2970 925/3508/3428
f 1885/3049/2970 1883/2962/2881 1886/2963/2883 1081/2964/2886
f 1886/2963/2883 1883/2962/2881 1882/2960/2880 1079/3488/3408
f 1437/2965/2885 1887/2966/2884 1877/2951/2872 924/3506/3426
f 1877/2951/2872 1887/2966/2884 1393/2423/2343 1077/2424/2346
f 1393/2423/2343 1887/2966/2884 1886/2963/2883 1079/3488/3408
f 1828/2968/2889 1888/2969/2888 1400/2433/2353 917/3491/3411
f 1400/2433/2353 1888/2969/2888 1889/2970/2890 1083/2432/2354
f 1889/2970/2890 1888/2969/2888 1397/2967/2887 1082/3490/3410
f 1891/2971/2892 1890/2972/2891 1892/3059/2980 926/3510/3430
f 1892/3059/2980 1890/2972/2891 1893/2973/2893 1084/2974/2896
f 1893/2973/2893 1890/2972/2891 1889/2970/2890 1082/3490/3410
f 1442/2975/2895 1894/2976/2894 1884/2961/2882 925/3508/3428
f 1884/2961/2882 1894/2976/2894 1398/2427/2347 1080/2428/2350
f 1398/2427/2347 1894/2976/2894 1893/2973/2893 1082/3490/3410
f 1835/2978/2899 1895/2979/2898 1405/2437/2357 918/3493/3413
f 1405/2437/2357 1895/2979/2898 1896/2980/2900 1086/2436/2358
f 1896/2980/2900 1895/2979/2898 1402/2977/2897 1085/3492/3412
f 1898/2981/2902 1897/2982/2901 1899/3069/2990 927/3512/3432
f 1899/3069/2990 1897/2982/2901 1900/2983/2903 1087/2984/2906
f 1900/2983/2903 1897/2982/2901 1896/2980/2900 1085/3492/3412
f 1447/2985/2905 1901/2986/2904 1891/2971/2892 926/3510/3430
f 1891/2971/2892 1901/2986/2904 1403/2431/2351 1083/2432/2354
f 1403/2431/2351 1901/2986/2904 1900/2983/2903 1085/3492/3412
f 1452/2989/2909 1903/2990/2908 1898/2981/2902 927/3512/3432
f 1898/2981/2902 1903/2990/2908 1408/2435/2355 1086/2436/2358
f 1408/2435/2355 1903/2990/2908 1902/2987/2907 1088/3495/3415
f 1844/2993/2913 1904/2994/2912 1411/2441/2361 919/3496/3416
f 1411/2441/2361 1904/2994/2912 1905/2995/2915 1091/2440/2362
f 1905/2995/2915 1904/2994/2912 1409/2991/2911 1090/3599/3519
f 1907/2996/2917 1906/2997/2916 1908/3084/3004 928/3515/3435
f 1908/3084/3004 1906/2997/2916 1909/3600/3520 1092/3083/3005
f 1909/3600/3520 1906/2997/2916 1905/2995/2915 1090/3599/3519
f 1850/2999/2920 1910/3000/2919 1416/2445/2365 920/3498/3418
f 1416/2445/2365 1910/3000/2919 1911/3001/2921 1094/2444/2366
f 1911/3001/2921 1910/3000/2919 1413/2998/2918 1093/3497/3417
f 1913/3002/2923 1912/3003/2922 1914/3090/3011 929/3517/3437
f 1914/3090/3011 1912/3003/2922 1915/3004/2924 1095/3005/2927
f 1915/3004/2924 1912/3003/2922 1911/3001/2921 1093/3497/3417
f 1458/3006/2926 1916/3007/2925 1907/2996/2917 928/3515/3435
f 1907/2996/2917 1916/3007/2925 1414/2439/2359 1091/2440/2362
f 1414/2439/2359 1916/3007/2925 1915/3004/2924 1093/3497/3417
f 1857/3009/2930 1917/3010/2929 1421/2449/2369 921/3500/3420
f 1421/2449/2369 1917/3010/2929 1918/3011/2931 1097/2448/2370
f 1918/3011/2931 1917/3010/2929 1418/3008/2928 1096/3499/3419
f 1920/3012/2933 1919/3013/2932 1921/3100/3021 930/3519/3439
f 1921/3100/3021 1919/3013/2932 1922/3014/2934 1098/3015/2937
f 1922/3014/2934 1919/3013/2932 1918/3011/2931 1096/3499/3419
f 1463/3016/2936 1923/3017/2935 1913/3002/2923 929/3517/3437
f 1913/3002/2923 1923/3017/2935 1419/2443/2363 1094/2444/2366
f 1419/2443/2363 1923/3017/2935 1922/3014/2934 1096/3499/3419
f 1864/3019/2940 1924/3020/2939 1426/2453/2373 922/3502/3422
f 1426/2453/2373 1924/3020/2939 1925/3021/2941 1100/2452/2374
f 1925/3021/2941 1924/3020/2939 1423/3018/2938 1099/3501/3421
f 1927/3022/2943 1926/3023/2942 1928/3110/3031 931/3521/3441
f 1928/3110/3031 1926/3023/2942 1929/3024/2944 1101/3025/2947
f 1929/3024/2944 1926/3023/2942 1925/3021/2941 1099/3501/3421
f 1468/3026/2946 1930/3027/2945 1920/3012/2933 930/3519/3439
f 1920/3012/2933 1930/3027/2945 1424/2447/2367 1097/2448/2370
f 1424/2447/2367 1930/3027/2945 1929/3024/2944 1099/3501/3421
f 1871/3029/2950 1931/3030/2949 1431/2457/2377 923/3504/3424
f 1431/2457/2377 1931/3030/2949 1932/3031/2951 1103/2456/2378
f 1932/3031/2951 1931/3030/2949 1428/3028/2948 1102/3503/3423
f 1934/3032/2953 1933/3033/2952 1935/3120/3041 932/3523/3443
f 1935/3120/3041 1933/3033/2952 1936/3034/2954 1104/3035/2957
f 1936/3034/2954 1933/3033/2952 1932/3031/2951 1102/3503/3423
f 1473/3036/2956 1937/3037/2955 1927/3022/2943 931/3521/3441
f 1927/3022/2943 1937/3037/2955 1429/2451/2371 1100/2452/2374
f 1429/2451/2371 1937/3037/2955 1936/3034/2954 1102/3503/3423
f 1878/3039/2960 1938/3040/2959 1436/2461/2381 924/3506/3426
f 1436/2461/2381 1938/3040/2959 1939/3041/2961 1106/2460/2382
f 1939/3041/2961 1938/3040/2959 1433/3038/2958 1105/3505/3425
f 1941/3042/2963 1940/3043/2962 1942/3130/3051 933/3525/3445
f 1942/3130/3051 1940/3043/2962 1943/3044/2964 1107/3045/2967
f 1943/3044/2964 1940/3043/2962 1939/3041/2961 1105/3505/3425
f 1478/3046/2966 1944/3047/2965 1934/3032/2953 932/3523/3443
f 1934/3032/2953 1944/3047/2965 1434/2455/2375 1103/2456/2378
f 1434/2455/2375 1944/3047/2965 1943/3044/2964 1105/3505/3425
f 1885/3049/2970 1945/3050/2969 1441/2465/2385 925/3508/3428
f 1441/2465/2385 1945/3050/2969 1946/3051/2971 1109/2464/2386
f 1946/3051/2971 1945/3050/2969 1438/3048/2968 1108/3507/3427
f 1948/3052/2973 1947/3053/2972 1949/3140/3061 934/3527/3447
f 1949/3140/3061 1947/3053/2972 1950/3054/2974 1110/3055/2977
f 1950/3054/2974 1947/3053/2972 1946/3051/2971 1108/3507/3427
f 1483/3056/2976 1951/3057/2975 1941/3042/2963 933/3525/3445
f 1941/3042/2963 1951/3057/2975 1439/2459/2379 1106/2460/2382
f 1439/2459/2379 1951/3057/2975 1950/3054/2974 1108/3507/3427
f 1892/3059/2980 1952/3060/2979 1446/2469/2389 926/3510/3430
f 1446/2469/2389 1952/3060/2979 1953/3061/2981 1112/2468/2390
f 1953/3061/2981 1952/3060/2979 1443/3058/2978 1111/3509/3429
f 1955/3062/2983 1954/3063/2982 1956/3150/3071 935/3529/3449
f 1956/3150/3071 1954/3063/2982 1957/3064/2984 1113/3065/2987
f 1957/3064/2984 1954/3063/2982 1953/3061/2981 1111/3509/3429
f 1488/3066/2986 1958/3067/2985 1948/3052/2973 934/3527/3447
f 1948/3052/2973 1958/3067/2985 1444/2463/2383 1109/2464/2386
f 1444/2463/2383 1958/3067/2985 1957/3064/2984 1111/3509/3429
f 1899/3069/2990 1959/3070/2989 1451/2473/2393 927/3512/3432
f 1451/2473/2393 1959/3070/2989 1960/3071/2991 1115/2472/2394
f 1960/3071/2991 1959/3070/2989 1448/3068/2988 1114/3511/3431
f 1962/3072/2993 1961/3073/2992 1963/3160/3081 936/3531/3451
f 1963/3160/3081 1961/3073/2992 1964/3074/2994 1116/3075/2997
f 1964/3074/2994 1961/3073/2992 1960/3071/2991 1114/3511/3431
f 1493/3076/2996 1965/3077/2995 1955/3062/2983 935/3529/3449
f 1955/3062/2983 1965/3077/2995 1449/2467/2387 1112/2468/2390
f 1449/2467/2387 1965/3077/2995 1964/3074/2994 1114/3511/3431
f 1498/3080/3000 1967/3081/2999 1962/3072/2993 936/3531/3451
f 1962/3072/2993 1967/3081/2999 1454/2471/2391 1115/2472/2394
f 1454/2471/2391 1967/3081/2999 1966/3078/2998 1117/3514/3434
f 1908/3084/3004 1968/3085/3003 1457/2477/2397 928/3515/3435
f 1457/2477/2397 1968/3085/3003 1969/3086/3006 1120/2476/2398
f 1969/3086/3006 1968/3085/3003 1455/3082/3002 1119/3601/3521
f 1971/3087/3008 1970/3088/3007 1972/3175/3095 937/3534/3454
f 1972/3175/3095 1970/3088/3007 1973/3602/3522 1121/3174/3096
f 1973/3602/3522 1970/3088/3007 1969/3086/3006 1119/3601/3521
f 1914/3090/3011 1974/3091/3010 1462/2481/2401 929/3517/3437
f 1462/2481/2401 1974/3091/3010 1975/3092/3012 1123/2480/2402
f 1975/3092/3012 1974/3091/3010 1459/3089/3009 1122/3516/3436
f 1977/3093/3014 1976/3094/3013 1978/3181/3102 938/3536/3456
f 1978/3181/3102 1976/3094/3013 1979/3095/3015 1124/3096/3018
f 1979/3095/3015 1976/3094/3013 1975/3092/3012 1122/3516/3436
f 1504/3097/3017 1980/3098/3016 1971/3087/3008 937/3534/3454
f 1971/3087/3008 1980/3098/3016 1460/2475/2395 1120/2476/2398
f 1460/2475/2395 1980/3098/3016 1979/3095/3015 1122/3516/3436
f 1921/3100/3021 1981/3101/3020 1467/2485/2405 930/3519/3439
f 1467/2485/2405 1981/3101/3020 1982/3102/3022 1126/2484/2406
f 1982/3102/3022 1981/3101/3020 1464/3099/3019 1125/3518/3438
f 1984/3103/3024 1983/3104/3023 1985/3191/3112 939/3538/3458
f 1985/3191/3112 1983/3104/3023 1986/3105/3025 1127/3106/3028
f 1986/3105/3025 1983/3104/3023 1982/3102/3022 1125/3518/3438
f 1509/3107/3027 1987/3108/3026 1977/3093/3014 938/3536/3456
f 1977/3093/3014 1987/3108/3026 1465/2479/2399 1123/2480/2402
f 1465/2479/2399 1987/3108/3026 1986/3105/3025 1125/3518/3438
f 1928/3110/3031 1988/3111/3030 1472/2489/2409 931/3521/3441
f 1472/2489/2409 1988/3111/3030 1989/3112/3032 1129/2488/2410
f 1989/3112/3032 1988/3111/3030 1469/3109/3029 1128/3520/3440
f 1991/3113/3034 1990/3114/3033 1992/3201/3122 940/3540/3460
f 1992/3201/3122 1990/3114/3033 1993/3115/3035 1130/3116/3038
f 1993/3115/3035 1990/3114/3033 1989/3112/3032 1128/3520/3440
f 1514/3117/3037 1994/3118/3036 1984/3103/3024 939/3538/3458
f 1984/3103/3024 1994/3118/3036 1470/2483/2403 1126/2484/2406
f 1470/2483/2403 1994/3118/3036 1993/3115/3035 1128/3520/3440
f 1935/3120/3041 1995/3121/3040 1477/2493/2413 932/3523/3443
f 1477/2493/2413 1995/3121/3040 1996/3122/3042 1132/2492/2414
f 1996/3122/3042 1995/3121/3040 1474/3119/3039 1131/3522/3442
f 1998/3123/3044 1997/3124/3043 1999/3211/3132 941/3542/3462
f 1999/3211/3132 1997/3124/3043 2000/3125/3045 1133/3126/3048
f 2000/3125/3045 1997/3124/3043 1996/3122/3042 1131/3522/3442
f 1519/3127/3047 2001/3128/3046 1991/3113/3034 940/3540/3460
f 1991/3113/3034 2001/3128/3046 1475/2487/2407 1129/2488/2410
f 1475/2487/2407 2001/3128/3046 2000/3125/3045 1131/3522/3442
f 1942/3130/3051 2002/3131/3050 1482/2497/2417 933/3525/3445
f 1482/2497/2417 2002/3131/3050 2003/3132/3052 1135/2496/2418
f 2003/3132/3052 2002/3131/3050 1479/3129/3049 1134/3524/3444
f 2005/3133/3054 2004/3134/3053 2006/3221/3142 942/3544/3464
f 2006/3221/3142 2004/3134/3053 2007/3135/3055 1136/3136/3058
f 2007/3135/3055 2004/3134/3053 2003/3132/3052 1134/3524/3444
f 1524/3137/3057 2008/3138/3056 1998/3123/3044 941/3542/3462
f 1998/3123/3044 2008/3138/3056 1480/2491/2411 1132/2492/2414
f 1480/2491/2411 2008/3138/3056 2007/3135/3055 1134/3524/3444
f 1949/3140/3061 2009/3141/3060 1487/2501/2421 934/3527/3447
f 1487/2501/2421 2009/3141/3060 2010/3142/3062 1138/2500/2422
f 2010/3142/3062 2009/3141/3060 1484/3139/3059 1137/3526/3446
f 2012/3143/3064 2011/3144/3063 2013/3231/3152 943/3546/3466
f 2013/3231/3152 2011/3144/3063 2014/3145/3065 1139/3146/3068
f 2014/3145/3065 2011/3144/3063 2010/3142/3062 1137/3526/3446
f 1529/3147/3067 2015/3148/3066 2005/3133/3054 942/3544/3464
f 2005/3133/3054 2015/3148/3066 1485/2495/2415 1135/2496/2418
f 1485/2495/2415 2015/3148/3066 2014/3145/3065 1137/3526/3446
f 1956/3150/3071 2016/3151/3070 1492/2505/2425 935/3529/3449
f 1492/2505/2425 2016/3151/3070 2017/3152/3072 1141/2504/2426
f 2017/3152/3072 2016/3151/3070 1489/3149/3069 1140/3528/3448
f 2019/3153/3074 2018/3154/3073 2020/3241/3162 944/3548/3468
f 2020/3241/3162 2018/3154/3073 2021/3155/3075 1142/3156/3078
f 2021/3155/3075 2018/3154/3073 2017/3152/3072 1140/3528/3448
f 1534/3157/3077 2022/3158/3076 2012/3143/3064 943/3546/3466
f 2012/3143/3064 2022/3158/3076 1490/2499/2419 1138/2500/2422
f 1490/2499/2419 2022/3158/3076 2021/3155/3075 1140/3528/3448
f 1963/3160/3081 2023/3161/3080 1497/2509/2429 936/3531/3451
f 1497/2509/2429 2023/3161/3080 2024/3162/3082 1144/2508/2430
f 2024/3162/3082 2023/3161/3080 1494/3159/3079 1143/3530/3450
f 2026/3163/3084 2025/3164/3083 2027/3251/3172 945/3550/3470
f 2027/3251/3172 2025/3164/3083 2028/3165/3085 1145/3166/3088
f 2028/3165/3085 2025/3164/3083 2024/3162/3082 1143/3530/3450
f 1539/3167/3087 2029/3168/3086 2019/3153/3074 944/3548/3468
f 2019/3153/3074 2029/3168/3086 1495/2503/2423 1141/2504/2426
f 1495/2503/2423 2029/3168/3086 2028/3165/3085 1143/3530/3450
f 1544/3171/3091 2031/3172/3090 2026/3163/3084 945/3550/3470
f 2026/3163/3084 2031/3172/3090 1500/2507/2427 1144/2508/2430
f 1500/2507/2427 2031/3172/3090 2030/3169/3089 1146/3533/3453
f 1972/3175/3095 2032/3176/3094 1503/2513/2433 937/3534/3454
f 1503/2513/2433 2032/3176/3094 2033/3177/3097 1149/2512/2434
f 2033/3177/3097 2032/3176/3094 1501/3173/3093 1148/3603/3523
f 2035/3178/3099 2034/3179/3098 2036/3266/3186 946/3553/3473
f 2036/3266/3186 2034/3179/3098 2037/3604/3524 1150/3265/3187
f 2037/3604/3524 2034/3179/3098 2033/3177/3097 1148/3603/3523
f 1978/3181/3102 2038/3182/3101 1508/2517/2437 938/3536/3456
f 1508/2517/2437 2038/3182/3101 2039/3183/3103 1152/2516/2438
f 2039/3183/3103 2038/3182/3101 1505/3180/3100 1151/3535/3455
f 2041/3184/3105 2040/3185/3104 2042/3272/3193 947/3555/3475
f 2042/3272/3193 2040/3185/3104 2043/3186/3106 1153/3187/3109
f 2043/3186/3106 2040/3185/3104 2039/3183/3103 1151/3535/3455
f 1550/3188/3108 2044/3189/3107 2035/3178/3099 946/3553/3473
f 2035/3178/3099 2044/3189/3107 1506/2511/2431 1149/2512/2434
f 1506/2511/2431 2044/3189/3107 2043/3186/3106 1151/3535/3455
f 1985/3191/3112 2045/3192/3111 1513/2521/2441 939/3538/3458
f 1513/2521/2441 2045/3192/3111 2046/3193/3113 1155/2520/2442
f 2046/3193/3113 2045/3192/3111 1510/3190/3110 1154/3537/3457
f 2048/3194/3115 2047/3195/3114 2049/3282/3203 948/3557/3477
f 2049/3282/3203 2047/3195/3114 2050/3196/3116 1156/3197/3119
f 2050/3196/3116 2047/3195/3114 2046/3193/3113 1154/3537/3457
f 1555/3198/3118 2051/3199/3117 2041/3184/3105 947/3555/3475
f 2041/3184/3105 2051/3199/3117 1511/2515/2435 1152/2516/2438
f 1511/2515/2435 2051/3199/3117 2050/3196/3116 1154/3537/3457
f 1992/3201/3122 2052/3202/3121 1518/2525/2445 940/3540/3460
f 1518/2525/2445 2052/3202/3121 2053/3203/3123 1158/2524/2446
f 2053/3203/3123 2052/3202/3121 1515/3200/3120 1157/3539/3459
f 2055/3204/3125 2054/3205/3124 2056/3292/3213 949/3559/3479
f 2056/3292/3213 2054/3205/3124 2057/3206/3126 1159/3207/3129
f 2057/3206/3126 2054/3205/3124 2053/3203/3123 1157/3539/3459
f 1560/3208/3128 2058/3209/3127 2048/3194/3115 948/3557/3477
f 2048/3194/3115 2058/3209/3127 1516/2519/2439 1155/2520/2442
f 1516/2519/2439 2058/3209/3127 2057/3206/3126 1157/3539/3459
f 1999/3211/3132 2059/3212/3131 1523/2529/2449 941/3542/3462
f 1523/2529/2449 2059/3212/3131 2060/3213/3133 1161/2528/2450
f 2060/3213/3133 2059/3212/3131 1520/3210/3130 1160/3541/3461
f 2062/3214/3135 2061/3215/3134 2063/3302/3223 950/3561/3481
f 2063/3302/3223 2061/3215/3134 2064/3216/3136 1162/3217/3139
f 2064/3216/3136 2061/3215/3134 2060/3213/3133 1160/3541/3461
f 1565/3218/3138 2065/3219/3137 2055/3204/3125 949/3559/3479
f 2055/3204/3125 2065/3219/3137 1521/2523/2443 1158/2524/2446
f 1521/2523/2443 2065/3219/3137 2064/3216/3136 1160/3541/3461
f 2006/3221/3142 2066/3222/3141 1528/2533/2453 942/3544/3464
f 1528/2533/2453 2066/3222/3141 2067/3223/3143 1164/2532/2454
f 2067/3223/3143 2066/3222/3141 1525/3220/3140 1163/3543/3463
f 2069/3224/3145 2068/3225/3144 2070/3312/3233 951/3563/3483
f 2070/3312/3233 2068/3225/3144 2071/3226/3146 1165/3227/3149
f 2071/3226/3146 2068/3225/3144 2067/3223/3143 1163/3543/3463
f 1570/3228/3148 2072/3229/3147 2062/3214/3135 950/3561/3481
f 2062/3214/3135 2072/3229/3147 1526/2527/2447 1161/2528/2450
f 1526/2527/2447 2072/3229/3147 2071/3226/3146 1163/3543/3463
f 2013/3231/3152 2073/3232/3151 1533/2537/2457 943/3546/3466
f 1533/2537/2457 2073/3232/3151 2074/3233/3153 1167/2536/2458
f 2074/3233/3153 2073/3232/3151 1530/3230/3150 1166/3545/3465
f 2076/3234/3155 2075/3235/3154 2077/3322/3243 952/3565/3485
f 2077/3322/3243 2075/3235/3154 2078/3236/3156 1168/3237/3159
f 2078/3236/3156 2075/3235/3154 2074/3233/3153 1166/3545/3465
f 1575/3238/3158 2079/3239/3157 2069/3224/3145 951/3563/3483
f 2069/3224/3145 2079/3239/3157 1531/2531/2451 1164/2532/2454
f 1531/2531/2451 2079/3239/3157 2078/3236/3156 1166/3545/3465
f 2020/3241/3162 2080/3242/3161 1538/2541/2461 944/3548/3468
f 1538/2541/2461 2080/3242/3161 2081/3243/3163 1170/2540/2462
f 2081/3243/3163 2080/3242/3161 1535/3240/3160 1169/3547/3467
f 2083/3244/3165 2082/3245/3164 2084/3332/3253 953/3567/3487
f 2084/3332/3253 2082/3245/3164 2085/3246/3166 1171/3247/3169
f 2085/3246/3166 2082/3245/3164 2081/3243/3163 1169/3547/3467
f 1580/3248/3168 2086/3249/3167 2076/3234/3155 952/3565/3485
f 2076/3234/3155 2086/3249/3167 1536/2535/2455 1167/2536/2458
f 1536/2535/2455 2086/3249/3167 2085/3246/3166 1169/3547/3467
f 2027/3251/3172 2087/3252/3171 1543/2545/2465 945/3550/3470
f 1543/2545/2465 2087/3252/3171 2088/3253/3173 1173/2544/2466
f 2088/3253/3173 2087/3252/3171 1540/3250/3170 1172/3549/3469
f 2090/3254/3175 2089/3255/3174 2091/3342/3263 954/3569/3489
f 2091/3342/3263 2089/3255/3174 2092/3256/3176 1174/3257/3179
f 2092/3256/3176 2089/3255/3174 2088/3253/3173 1172/3549/3469
f 1585/3258/3178 2093/3259/3177 2083/3244/3165 953/3567/3487
f 2083/3244/3165 2093/3259/3177 1541/2539/2459 1170/2540/2462
f 1541/2539/2459 2093/3259/3177 2092/3256/3176 1172/3549/3469
f 1590/3262/3182 2095/3263/3181 2090/3254/3175 954/3569/3489
f 2090/3254/3175 2095/3263/3181 1546/2543/2463 1173/2544/2466
f 1546/2543/2463 2095/3263/3181 2094/3260/3180 1175/3552/3472
f 2036/3266/3186 2096/3267/3185 1549/2549/2469 946/3553/3473
f 1549/2549/2469 2096/3267/3185 2097/3268/3188 1178/2548/2470
f 2097/3268/3188 2096/3267/3185 1547/3264/3184 1177/3605/3525
f 2099/3269/3190 2098/3270/3189 2100/3357/3277 955/3572/3492
f 2100/3357/3277 2098/3270/3189 2101/3606/3526 1179/3356/3278
f 2101/3606/3526 2098/3270/3189 2097/3268/3188 1177/3605/3525
f 2042/3272/3193 2102/3273/3192 1554/2553/2473 947/3555/3475
f 1554/2553/2473 2102/3273/3192 2103/3274/3194 1181/2552/2474
f 2103/3274/3194 2102/3273/3192 1551/3271/3191 1180/3554/3474
f 2105/3275/3196 2104/3276/3195 2106/3363/3284 956/3574/3494
f 2106/3363/3284 2104/3276/3195 2107/3277/3197 1182/3278/3200
f 2107/3277/3197 2104/3276/3195 2103/3274/3194 1180/3554/3474
f 1596/3279/3199 2108/3280/3198 2099/3269/3190 955/3572/3492
f 2099/3269/3190 2108/3280/3198 1552/2547/2467 1178/2548/2470
f 1552/2547/2467 2108/3280/3198 2107/3277/3197 1180/3554/3474
f 2049/3282/3203 2109/3283/3202 1559/2557/2477 948/3557/3477
f 1559/2557/2477 2109/3283/3202 2110/3284/3204 1184/2556/2478
f 2110/3284/3204 2109/3283/3202 1556/3281/3201 1183/3556/3476
f 2112/3285/3206 2111/3286/3205 2113/3369/3290 957/3576/3496
f 2113/3369/3290 2111/3286/3205 2114/3287/3207 1185/3288/3210
f 2114/3287/3207 2111/3286/3205 2110/3284/3204 1183/3556/3476
f 1601/3289/3209 2115/3290/3208 2105/3275/3196 956/3574/3494
f 2105/3275/3196 2115/3290/3208 1557/2551/2471 1181/2552/2474
f 1557/2551/2471 2115/3290/3208 2114/3287/3207 1183/3556/3476
f 2056/3292/3213 2116/3293/3212 1564/2561/2481 949/3559/3479
f 1564/2561/2481 2116/3293/3212 2117/3294/3214 1187/2560/2482
f 2117/3294/3214 2116/3293/3212 1561/3291/3211 1186/3558/3478
f 2119/3295/3216 2118/3296/3215 2120/3375/3296 958/3578/3498
f 2120/3375/3296 2118/3296/3215 2121/3297/3217 1188/3298/3220
f 2121/3297/3217 2118/3296/3215 2117/3294/3214 1186/3558/3478
f 1606/3299/3219 2122/3300/3218 2112/3285/3206 957/3576/3496
f 2112/3285/3206 2122/3300/3218 1562/2555/2475 1184/2556/2478
f 1562/2555/2475 2122/3300/3218 2121/3297/3217 1186/3558/3478
f 2063/3302/3223 2123/3303/3222 1569/2565/2485 950/3561/3481
f 1569/2565/2485 2123/3303/3222 2124/3304/3224 1190/2564/2486
f 2124/3304/3224 2123/3303/3222 1566/3301/3221 1189/3560/3480
f 2126/3305/3226 2125/3306/3225 2127/3381/3302 959/3580/3500
f 2127/3381/3302 2125/3306/3225 2128/3307/3227 1191/3308/3230
f 2128/3307/3227 2125/3306/3225 2124/3304/3224 1189/3560/3480
f 1611/3309/3229 2129/3310/3228 2119/3295/3216 958/3578/3498
f 2119/3295/3216 2129/3310/3228 1567/2559/2479 1187/2560/2482
f 1567/2559/2479 2129/3310/3228 2128/3307/3227 1189/3560/3480
f 2070/3312/3233 2130/3313/3232 1574/2569/2489 951/3563/3483
f 1574/2569/2489 2130/3313/3232 2131/3314/3234 1193/2568/2490
f 2131/3314/3234 2130/3313/3232 1571/3311/3231 1192/3562/3482
f 2133/3315/3236 2132/3316/3235 2134/3387/3308 960/3582/3502
f 2134/3387/3308 2132/3316/3235 2135/3317/3237 1194/3318/3240
f 2135/3317/3237 2132/3316/3235 2131/3314/3234 1192/3562/3482
f 1616/3319/3239 2136/3320/3238 2126/3305/3226 959/3580/3500
f 2126/3305/3226 2136/3320/3238 1572/2563/2483 1190/2564/2486
f 1572/2563/2483 2136/3320/3238 2135/3317/3237 1192/3562/3482
f 2077/3322/3243 2137/3323/3242 1579/2573/2493 952/3565/3485
f 1579/2573/2493 2137/3323/3242 2138/3324/3244 1196/2572/2494
f 2138/3324/3244 2137/3323/3242 1576/3321/3241 1195/3564/3484
f 2140/3325/3246 2139/3326/3245 2141/3393/3314 961/3584/3504
f 2141/3393/3314 2139/3326/3245 2142/3327/3247 1197/3328/3250
f 2142/3327/3247 2139/3326/3245 2138/3324/3244 1195/3564/3484
f 1621/3329/3249 2143/3330/3248 2133/3315/3236 960/3582/3502
f 2133/3315/3236 2143/3330/3248 1577/2567/2487 1193/2568/2490
f 1577/2567/2487 2143/3330/3248 2142/3327/3247 1195/3564/3484
f 2084/3332/3253 2144/3333/3252 1584/2577/2497 953/3567/3487
f 1584/2577/2497 2144/3333/3252 2145/3334/3254 1199/2576/2498
f 2145/3334/3254 2144/3333/3252 1581/3331/3251 1198/3566/3486
f 2147/3335/3256 2146/3336/3255 2148/3399/3320 962/3586/3506
f 2148/3399/3320 2146/3336/3255 2149/3337/3257 1200/3338/3260
f 2149/3337/3257 2146/3336/3255 2145/3334/3254 1198/3566/3486
f 1626/3339/3259 2150/3340/3258 2140/3325/3246 961/3584/3504
f 2140/3325/3246 2150/3340/3258 1582/2571/2491 1196/2572/2494
f 1582/2571/2491 2150/3340/3258 2149/3337/3257 1198/3566/3486
f 2091/3342/3263 2151/3343/3262 1589/2581/2501 954/3569/3489
f 1589/2581/2501 2151/3343/3262 2152/3344/3264 1202/2580/2502
f 2152/3344/3264 2151/3343/3262 1586/3341/3261 1201/3568/3488
f 2154/3345/3266 2153/3346/3265 2155/3405/3326 963/3588/3508
f 2155/3405/3326 2153/3346/3265 2156/3347/3267 1203/3348/3270
f 2156/3347/3267 2153/3346/3265 2152/3344/3264 1201/3568/3488
f 1631/3349/3269 2157/3350/3268 2147/3335/3256 962/3586/3506
f 2147/3335/3256 2157/3350/3268 1587/2575/2495 1199/2576/2498
f 1587/2575/2495 2157/3350/3268 2156/3347/3267 1201/3568/3488
f 1636/3353/3273 2159/3354/3272 2154/3345/3266 963/3588/3508
f 2154/3345/3266 2159/3354/3272 1592/2579/2499 1202/2580/2502
f 1592/2579/2499 2159/3354/3272 2158/3351/3271 1204/3571/3491
f 2100/3357/3277 2160/3358/3276 1595/2585/2505 955/3572/3492
f 1595/2585/2505 2160/3358/3276 2161/3359/3279 1207/2584/2506
f 2161/3359/3279 2160/3358/3276 1593/3355/3275 1206/3607/3527
f 2164/3608/3528 2162/3361/3280 2161/3359/3279 1206/3607/3527
f 2106/3363/3284 2165/3364/3283 1600/2589/2509 956/3574/3494
f 1600/2589/2509 2165/3364/3283 2166/3365/3285 1209/2588/2510
f 2166/3365/3285 2165/3364/3283 1597/3362/3282 1208/3573/3493
f 2169/3609/3529 2167/3367/3286 2166/3365/3285 1208/3573/3493
f 2163/3360/3281 2170/3610/3530 1598/2583/2503 1207/2584/2506
f 1598/2583/2503 2170/3610/3530 2169/3609/3529 1208/3573/3493
f 2113/3369/3290 2171/3370/3289 1605/2593/2513 957/3576/3496
f 1605/2593/2513 2171/3370/3289 2172/3371/3291 1211/2592/2514
f 2172/3371/3291 2171/3370/3289 1602/3368/3288 1210/3575/3495
f 2175/3611/3531 2173/3373/3292 2172/3371/3291 1210/3575/3495
f 2168/3366/3287 2176/3612/3532 1603/2587/2507 1209/2588/2510
f 1603/2587/2507 2176/3612/3532 2175/3611/3531 1210/3575/3495
f 2120/3375/3296 2177/3376/3295 1610/2597/2517 958/3578/3498
f 1610/2597/2517 2177/3376/3295 2178/3377/3297 1213/2596/2518
f 2178/3377/3297 2177/3376/3295 1607/3374/3294 1212/3577/3497
f 2181/3613/3533 2179/3379/3298 2178/3377/3297 1212/3577/3497
f 2174/3372/3293 2182/3614/3534 1608/2591/2511 1211/2592/2514
f 1608/2591/2511 2182/3614/3534 2181/3613/3533 1212/3577/3497
f 2127/3381/3302 2183/3382/3301 1615/2601/2521 959/3580/3500
f 1615/2601/2521 2183/3382/3301 2184/3383/3303 1215/2600/2522
f 2184/3383/3303 2183/3382/3301 1612/3380/3300 1214/3579/3499
f 2187/3615/3535 2185/3385/3304 2184/3383/3303 1214/3579/3499
f 2180/3378/3299 2188/3616/3536 1613/2595/2515 1213/2596/2518
f 1613/2595/2515 2188/3616/3536 2187/3615/3535 1214/3579/3499
f 2134/3387/3308 2189/3388/3307 1620/2605/2525 960/3582/3502
f 1620/2605/2525 2189/3388/3307 2190/3389/3309 1217/2604/2526
f 2190/3389/3309 2189/3388/3307 1617/3386/3306 1216/3581/3501
f 2193/3617/3537 2191/3391/3310 2190/3389/3309 1216/3581/3501
f 2186/3384/3305 2194/3618/3538 1618/2599/2519 1215/2600/2522
f 1618/2599/2519 2194/3618/3538 2193/3617/3537 1216/3581/3501
f 2141/3393/3314 2195/3394/3313 1625/2609/2529 961/3584/3504
f 1625/2609/2529 2195/3394/3313 2196/3395/3315 1219/2608/2530
f 2196/3395/3315 2195/3394/3313 1622/3392/3312 1218/3583/3503
f 2199/3619/3539 2197/3397/3316 2196/3395/3315 1218/3583/3503
f 2192/3390/3311 2200/3620/3540 1623/2603/2523 1217/2604/2526
f 1623/2603/2523 2200/3620/3540 2199/3619/3539 1218/3583/3503
f 2148/3399/3320 2201/3400/3319 1630/2613/2533 962/3586/3506
f 1630/2613/2533 2201/3400/3319 2202/3401/3321 1221/2612/2534
f 2202/3401/3321 2201/3400/3319 1627/3398/3318 1220/3585/3505
f 2205/3621/3541 2203/3403/3322 2202/3401/3321 1220/3585/3505
f 2198/3396/3317 2206/3622/3542 1628/2607/2527 1219/2608/2530
f 1628/2607/2527 2206/3622/3542 2205/3621/3541 1220/3585/3505
f 2155/3405/3326 2207/3406/3325 1635/2617/2537 963/3588/3508
f 1635/2617/2537 2207/3406/3325 2208/3407/3327 1223/2616/2538
f 2208/3407/3327 2207/3406/3325 1632/3404/3324 1222/3587/3507
f 2211/3623/3543 2209/3409/3328 2208/3407/3327 1222/3587/3507
f 2204/3402/3323 2212/3624/3544 1633/2611/2531 1221/2612/2534
f 1633/2611/2531 2212/3624/3544 2211/3623/3543 1222/3587/3507
f 2210/3408/3329 2214/3625/3545 1638/2615/2535 1223/2616/2538
f 1638/2615/2535 2214/3625/3545 2213/3626/3546 1224/3590/3510
f 3688/3910/3547 3547/3769/3548 2539/3628/1208 2540/3627/1207
f 3547/3769/3548 3548/3770/3549 2541/3629/1209 2539/3628/1208
f 3551/3773/3550 3552/3774/3551 2548/3631/1216 2546/3630/1215
f 3555/3777/3552 3556/3778/3553 2559/3633/1227 2557/3632/1226
f 3559/3781/3554 3560/3782/3555 2570/3635/1238 2568/3634/1237
f 3563/3785/3556 3564/3786/3557 2581/3637/1249 2579/3636/1248
f 3567/3789/3558 3568/3790/3559 2592/3639/1260 2590/3638/1259
f 3571/3793/3560 3572/3794/3561 2603/3641/1271 2601/3640/1270
f 3575/3797/3562 3576/3798/3563 2614/3643/1282 2612/3642/1281
f 3579/3801/3564 3580/3802/3565 2625/3645/1293 2623/3644/1292
f 3586/3808/3566 3587/3809/3567 2634/3647/1303 2635/3646/1302
f 3684/3906/3568 3685/3907/3569 2638/3649/1307 2639/3648/1306
f 3590/3812/3570 3591/3813/3571 2725/3651/1394 2726/3650/1393
f 3680/3902/3572 3681/3903/3573 2729/3653/1398 2730/3652/1397
f 3594/3816/3574 3595/3817/3575 2816/3655/1485 2817/3654/1484
f 3676/3898/3576 3677/3899/3577 2820/3657/1489 2821/3656/1488
f 3598/3820/3578 3599/3821/3579 2907/3659/1576 2908/3658/1575
f 3672/3894/3580 3673/3895/3581 2911/3661/1580 2912/3660/1579
f 3602/3824/3582 3603/3825/3583 2998/3663/1667 2999/3662/1666
f 3668/3890/3584 3669/3891/3585 3002/3665/1671 3003/3664/1670
f 3606/3828/3586 3607/3829/3587 3089/3667/1758 3090/3666/1757
f 3664/3886/3588 3665/3887/3589 3093/3669/1762 3094/3668/1761
f 3610/3832/3590 3611/3833/3591 3180/3671/1849 3181/3670/1848
f 3660/3882/3592 3661/3883/3593 3184/3673/1853 3185/3672/1852
f 3614/3836/3594 3615/3837/3595 3271/3675/1940 3272/3674/1939
f 3656/3878/3596 3657/3879/3597 3275/3677/1944 3276/3676/1943
f 3652/3874/3598 3653/3875/3599 3281/3679/1949 3280/3678/1948
f 3648/3870/3600 3649/3871/3601 3287/3681/1955 3286/3680/1954
f 3644/3866/3602 3645/3867/3603 3293/3683/1961 3292/3682/1960
f 3640/3862/3604 3641/3863/3605 3299/3685/1967 3298/3684/1966
f 3636/3858/3606 3637/3859/3607 3305/3687/1973 3304/3686/1972
f 3632/3854/3608 3633/3855/3609 3311/3689/1979 3310/3688/1978
f 3628/3850/3610 3629/3851/3611 3317/3691/1985 3316/3690/1984
f 3624/3846/3612 3625/3847/3613 3323/3693/1991 3322/3692/1990
f 3620/3842/3614 3621/3843/3615 3329/3695/1997 3328/3694/1996
f 3549/3771/3616 3550/3772/3617 3331/3697/1999 3330/3696/1998
f 3550/3772/3617 3551/3773/3550 2546/3630/1215 3331/3697/1999
f 3553/3775/3618 3554/3776/3619 3334/3699/2002 3333/3698/2001
f 3554/3776/3619 3555/3777/3552 2557/3632/1226 3334/3699/2002
f 3557/3779/3620 3558/3780/3621 3337/3701/2005 3336/3700/2004
f 3558/3780/3621 3559/3781/3554 2568/3634/1237 3337/3701/2005
f 3561/3783/3622 3562/3784/3623 3340/3703/2008 3339/3702/2007
f 3562/3784/3623 3563/3785/3556 2579/3636/1248 3340/3703/2008
f 3565/3787/3624 3566/3788/3625 3343/3705/2011 3342/3704/2010
f 3566/3788/3625 3567/3789/3558 2590/3638/1259 3343/3705/2011
f 3569/3791/3626 3570/3792/3627 3346/3707/2014 3345/3706/2013
f 3570/3792/3627 3571/3793/3560 2601/3640/1270 3346/3707/2014
f 3573/3795/3628 3574/3796/3629 3349/3709/2017 3348/3708/2016
f 3574/3796/3629 3575/3797/3562 2612/3642/1281 3349/3709/2017
f 3577/3799/3630 3578/3800/3631 3352/3711/2020 3351/3710/2019
f 3578/3800/3631 3579/3801/3564 2623/3644/1292 3352/3711/2020
f 3581/3803/3632 3582/3804/3633 3355/3713/2023 3354/3712/2022
f 3582/3804/3633 3583/3805/3634 3356/3714/2024 3355/3713/2023
f 3583/3805/3634 3584/3806/3635 3357/3715/2025 3356/3714/2024
f 3584/3806/3635 3585/3807/3636 3358/3716/2026 3357/3715/2025
f 3587/3809/3567 3588/3810/3637 3376/3717/2044 2634/3647/1303
f 3588/3810/3637 3589/3811/3638 3377/3718/2045 3376/3717/2044
f 3591/3813/3571 3592/3814/3639 3395/3719/2063 2725/3651/1394
f 3592/3814/3639 3593/3815/3640 3396/3720/2064 3395/3719/2063
f 3595/3817/3575 3596/3818/3641 3414/3721/2082 2816/3655/1485
f 3596/3818/3641 3597/3819/3642 3415/3722/2083 3414/3721/2082
f 3599/3821/3579 3600/3822/3643 3433/3723/2101 2907/3659/1576
f 3600/3822/3643 3601/3823/3644 3434/3724/2102 3433/3723/2101
f 3603/3825/3583 3604/3826/3645 3452/3725/2120 2998/3663/1667
f 3604/3826/3645 3605/3827/3646 3453/3726/2121 3452/3725/2120
f 3607/3829/3587 3608/3830/3647 3471/3727/2139 3089/3667/1758
f 3608/3830/3647 3609/3831/3648 3472/3728/2140 3471/3727/2139
f 3611/3833/3591 3612/3834/3649 3490/3729/2158 3180/3671/1849
f 3612/3834/3649 3613/3835/3650 3491/3730/2159 3490/3729/2158
f 3615/3837/3595 3616/3838/3651 3509/3731/2177 3271/3675/1940
f 3616/3838/3651 3617/3839/3652 3510/3732/2178 3509/3731/2177
f 3548/3770/3549 3549/3771/3616 3330/3696/1998 2541/3629/1209
f 3687/3909/3653 3688/3910/3547 2540/3627/1207 3511/3733/2179
f 3685/3907/3569 3686/3908/3654 3512/3734/2180 2638/3649/1307
f 3686/3908/3654 3687/3909/3653 3511/3733/2179 3512/3734/2180
f 3552/3774/3551 3553/3775/3618 3333/3698/2001 2548/3631/1216
f 3556/3778/3553 3557/3779/3620 3336/3700/2004 2559/3633/1227
f 3560/3782/3555 3561/3783/3622 3339/3702/2007 2570/3635/1238
f 3564/3786/3557 3565/3787/3624 3342/3704/2010 2581/3637/1249
f 3568/3790/3559 3569/3791/3626 3345/3706/2013 2592/3639/1260
f 3572/3794/3561 3573/3795/3628 3348/3708/2016 2603/3641/1271
f 3576/3798/3563 3577/3799/3630 3351/3710/2019 2614/3643/1282
f 3580/3802/3565 3581/3803/3632 3354/3712/2022 2625/3645/1293
f 3585/3807/3636 3586/3808/3566 2635/3646/1302 3358/3716/2026
f 3683/3905/3655 3684/3906/3568 2639/3648/1306 3513/3735/2181
f 3681/3903/3573 3682/3904/3656 3514/3736/2182 2729/3653/1398
f 3682/3904/3656 3683/3905/3655 3513/3735/2181 3514/3736/2182
f 3589/3811/3638 3590/3812/3570 2726/3650/1393 3377/3718/2045
f 3679/3901/3657 3680/3902/3572 2730/3652/1397 3515/3737/2183
f 3677/3899/3577 3678/3900/3658 3516/3738/2184 2820/3657/1489
f 3678/3900/3658 3679/3901/3657 3515/3737/2183 3516/3738/2184
f 3593/3815/3640 3594/3816/3574 2817/3654/1484 3396/3720/2064
f 3675/3897/3659 3676/3898/3576 2821/3656/1488 3517/3739/2185
f 3673/3895/3581 3674/3896/3660 3518/3740/2186 2911/3661/1580
f 3674/3896/3660 3675/3897/3659 3517/3739/2185 3518/3740/2186
f 3597/3819/3642 3598/3820/3578 2908/3658/1575 3415/3722/2083
f 3671/3893/3661 3672/3894/3580 2912/3660/1579 3519/3741/2187
f 3669/3891/3585 3670/3892/3662 3520/3742/2188 3002/3665/1671
f 3670/3892/3662 3671/3893/3661 3519/3741/2187 3520/3742/2188
f 3601/3823/3644 3602/3824/3582 2999/3662/1666 3434/3724/2102
f 3667/3889/3663 3668/3890/3584 3003/3664/1670 3521/3743/2189
f 3665/3887/3589 3666/3888/3664 3522/3744/2190 3093/3669/1762
f 3666/3888/3664 3667/3889/3663 3521/3743/2189 3522/3744/2190
f 3605/3827/3646 3606/3828/3586 3090/3666/1757 3453/3726/2121
f 3663/3885/3665 3664/3886/3588 3094/3668/1761 3523/3745/2191
f 3661/3883/3593 3662/3884/3666 3524/3746/2192 3184/3673/1853
f 3662/3884/3666 3663/3885/3665 3523/3745/2191 3524/3746/2192
f 3609/3831/3648 3610/3832/3590 3181/3670/1848 3472/3728/2140
f 3659/3881/3667 3660/3882/3592 3185/3672/1852 3525/3747/2193
f 3657/3879/3597 3658/3880/3668 3526/3748/2194 3275/3677/1944
f 3658/3880/3668 3659/3881/3667 3525/3747/2193 3526/3748/2194
f 3613/3835/3650 3614/3836/3594 3272/3674/1939 3491/3730/2159
f 3655/3877/3669 3656/3878/3596 3276/3676/1943 3527/3749/2195
f 3654/3876/3670 3655/3877/3669 3527/3749/2195 3528/3750/2196
f 3653/3875/3599 3654/3876/3670 3528/3750/2196 3281/3679/1949
f 3649/3871/3601 3650/3872/3671 3529/3751/2197 3287/3681/1955
f 3651/3873/3672 3652/3874/3598 3280/3678/1948 3530/3752/2198
f 3650/3872/3671 3651/3873/3672 3530/3752/2198 3529/3751/2197
f 3645/3867/3603 3646/3868/3673 3531/3753/2199 3293/3683/1961
f 3647/3869/3674 3648/3870/3600 3286/3680/1954 3532/3754/2200
f 3646/3868/3673 3647/3869/3674 3532/3754/2200 3531/3753/2199
f 3641/3863/3605 3642/3864/3675 3533/3755/2201 3299/3685/1967
f 3643/3865/3676 3644/3866/3602 3292/3682/1960 3534/3756/2202
f 3642/3864/3675 3643/3865/3676 3534/3756/2202 3533/3755/2201
f 3637/3859/3607 3638/3860/3677 3535/3757/2203 3305/3687/1973
f 3639/3861/3678 3640/3862/3604 3298/3684/1966 3536/3758/2204
f 3638/3860/3677 3639/3861/3678 3536/3758/2204 3535/3757/2203
f 3633/3855/3609 3634/3856/3679 3537/3759/2205 3311/3689/1979
f 3635/3857/3680 3636/3858/3606 3304/3686/1972 3538/3760/2206
f 3634/3856/3679 3635/3857/3680 3538/3760/2206 3537/3759/2205
f 3629/3851/3611 3630/3852/3681 3539/3761/2207 3317/3691/1985
f 3631/3853/3682 3632/3854/3608 3310/3688/1978 3540/3762/2208
f 3630/3852/3681 3631/3853/3682 3540/3762/2208 3539/3761/2207
f 3625/3847/3613 3626/3848/3683 3541/3763/2209 3323/3693/1991
f 3627/3849/3684 3628/3850/3610 3316/3690/1984 3542/3764/2210
f 3626/3848/3683 3627/3849/3684 3542/3764/2210 3541/3763/2209
f 3621/3843/3615 3622/3844/3685 3543/3765/2211 3329/3695/1997
f 3623/3845/3686 3624/3846/3612 3322/3692/1990 3544/3766/2212
f 3622/3844/3685 3623/3845/3686 3544/3766/2212 3543/3765/2211
f 3619/3841/3687 3620/3842/3614 3328/3694/1996 3545/3767/2213
f 3617/3839/3652 3618/3840/3688 3546/3768/2214 3510/3732/2178
f 3618/3840/3688 3619/3841/3687 3545/3767/2213 3546/3768/2214
f 965/1045/2542 1640/1720/2541 3548/3770/3549 3547/3769/3548
f 1640/1720/2541 883/963/3331 3549/3771/3616 3548/3770/3549
f 883/963/3331 1228/1308/3330 3550/3772/3617 3549/3771/3616
f 1228/1308/3330 969/1049/2549 3551/3773/3550 3550/3772/3617
f 969/1049/2549 1647/1727/2548 3552/3774/3551 3551/3773/3550
f 1647/1727/2548 884/964/3334 3553/3775/3618 3552/3774/3551
f 884/964/3334 1233/1313/3333 3554/3776/3619 3553/3775/3618
f 1233/1313/3333 973/1053/2560 3555/3777/3552 3554/3776/3619
f 973/1053/2560 1655/1735/2559 3556/3778/3553 3555/3777/3552
f 1655/1735/2559 885/965/3337 3557/3779/3620 3556/3778/3553
f 885/965/3337 1238/1318/3336 3558/3780/3621 3557/3779/3620
f 1238/1318/3336 977/1057/2571 3559/3781/3554 3558/3780/3621
f 977/1057/2571 1663/1743/2570 3560/3782/3555 3559/3781/3554
f 1663/1743/2570 886/966/3340 3561/3783/3622 3560/3782/3555
f 886/966/3340 1243/1323/3339 3562/3784/3623 3561/3783/3622
f 1243/1323/3339 981/1061/2582 3563/3785/3556 3562/3784/3623
f 981/1061/2582 1671/1751/2581 3564/3786/3557 3563/3785/3556
f 1671/1751/2581 887/967/3343 3565/3787/3624 3564/3786/3557
f 887/967/3343 1248/1328/3342 3566/3788/3625 3565/3787/3624
f 1248/1328/3342 985/1065/2593 3567/3789/3558 3566/3788/3625
f 985/1065/2593 1679/1759/2592 3568/3790/3559 3567/3789/3558
f 1679/1759/2592 888/968/3346 3569/3791/3626 3568/3790/3559
f 888/968/3346 1253/1333/3345 3570/3792/3627 3569/3791/3626
f 1253/1333/3345 989/1069/2604 3571/3793/3560 3570/3792/3627
f 989/1069/2604 1687/1767/2603 3572/3794/3561 3571/3793/3560
f 1687/1767/2603 889/969/3349 3573/3795/3628 3572/3794/3561
f 889/969/3349 1258/1338/3348 3574/3796/3629 3573/3795/3628
f 1258/1338/3348 993/1073/2615 3575/3797/3562 3574/3796/3629
f 993/1073/2615 1695/1775/2614 3576/3798/3563 3575/3797/3562
f 1695/1775/2614 890/970/3352 3577/3799/3630 3576/3798/3563
f 890/970/3352 1263/1343/3351 3578/3800/3631 3577/3799/3630
f 1263/1343/3351 997/1077/2626 3579/3801/3564 3578/3800/3631
f 997/1077/2626 1703/1783/2625 3580/3802/3565 3579/3801/3564
f 1703/1783/2625 891/971/3355 3581/3803/3632 3580/3802/3565
f 891/971/3355 1268/1348/3354 3582/3804/3633 3581/3803/3632
f 1268/1348/3354 1001/1081/3357 3583/3805/3634 3582/3804/3633
f 1001/1081/3357 1269/1349/3356 3584/3806/3635 3583/3805/3634
f 1269/1349/3356 1000/1080/3358 3585/3807/3636 3584/3806/3635
f 1000/1080/3358 1710/1790/2634 3586/3808/3566 3585/3807/3636
f 1710/1790/2634 1002/1082/2637 3587/3809/3567 3586/3808/3566
f 1002/1082/2637 1315/1395/3376 3588/3810/3637 3587/3809/3567
f 1315/1395/3376 1030/1110/3377 3589/3811/3638 3588/3810/3637
f 1030/1110/3377 1774/1854/2725 3590/3812/3570 3589/3811/3638
f 1774/1854/2725 1031/1111/2728 3591/3813/3571 3590/3812/3570
f 1031/1111/2728 1361/1441/3395 3592/3814/3639 3591/3813/3571
f 1361/1441/3395 1059/1139/3396 3593/3815/3640 3592/3814/3639
f 1059/1139/3396 1838/1918/2816 3594/3816/3574 3593/3815/3640
f 1838/1918/2816 1060/1140/2819 3595/3817/3575 3594/3816/3574
f 1060/1140/2819 1407/1487/3414 3596/3818/3641 3595/3817/3575
f 1407/1487/3414 1088/1168/3415 3597/3819/3642 3596/3818/3641
f 1088/1168/3415 1902/1982/2907 3598/3820/3578 3597/3819/3642
f 1902/1982/2907 1089/1169/2910 3599/3821/3579 3598/3820/3578
f 1089/1169/2910 1453/1533/3433 3600/3822/3643 3599/3821/3579
f 1453/1533/3433 1117/1197/3434 3601/3823/3644 3600/3822/3643
f 1117/1197/3434 1966/2046/2998 3602/3824/3582 3601/3823/3644
f 1966/2046/2998 1118/1198/3001 3603/3825/3583 3602/3824/3582
f 1118/1198/3001 1499/1579/3452 3604/3826/3645 3603/3825/3583
f 1499/1579/3452 1146/1226/3453 3605/3827/3646 3604/3826/3645
f 1146/1226/3453 2030/2110/3089 3606/3828/3586 3605/3827/3646
f 2030/2110/3089 1147/1227/3092 3607/3829/3587 3606/3828/3586
f 1147/1227/3092 1545/1625/3471 3608/3830/3647 3607/3829/3587
f 1545/1625/3471 1175/1255/3472 3609/3831/3648 3608/3830/3647
f 1175/1255/3472 2094/2174/3180 3610/3832/3590 3609/3831/3648
f 2094/2174/3180 1176/1256/3183 3611/3833/3591 3610/3832/3590
f 1176/1256/3183 1591/1671/3490 3612/3834/3649 3611/3833/3591
f 1591/1671/3490 1204/1284/3491 3613/3835/3650 3612/3834/3649
f 1204/1284/3491 2158/2238/3271 3614/3836/3594 3613/3835/3650
f 2158/2238/3271 1205/1285/3274 3615/3837/3595 3614/3836/3594
f 1205/1285/3274 1637/1717/3509 3616/3838/3651 3615/3837/3595
f 1637/1717/3509 1224/1304/3510 3617/3839/3652 3616/3838/3651
f 1224/1304/3510 2213/2293/3546 3618/3840/3688 3617/3839/3652
f 2213/2293/3546 2214/2294/3545 3619/3841/3687 3618/3840/3688
f 2214/2294/3545 2210/2290/3329 3620/3842/3614 3619/3841/3687
f 2210/2290/3329 2209/2289/3328 3621/3843/3615 3620/3842/3614
f 2209/2289/3328 2211/2291/3543 3622/3844/3685 3621/3843/3615
f 2211/2291/3543 2212/2292/3544 3623/3845/3686 3622/3844/3685
f 2212/2292/3544 2204/2284/3323 3624/3846/3612 3623/3845/3686
f 2204/2284/3323 2203/2283/3322 3625/3847/3613 3624/3846/3612
f 2203/2283/3322 2205/2285/3541 3626/3848/3683 3625/3847/3613
f 2205/2285/3541 2206/2286/3542 3627/3849/3684 3626/3848/3683
f 2206/2286/3542 2198/2278/3317 3628/3850/3610 3627/3849/3684
f 2198/2278/3317 2197/2277/3316 3629/3851/3611 3628/3850/3610
f 2197/2277/3316 2199/2279/3539 3630/3852/3681 3629/3851/3611
f 2199/2279/3539 2200/2280/3540 3631/3853/3682 3630/3852/3681
f 2200/2280/3540 2192/2272/3311 3632/3854/3608 3631/3853/3682
f 2192/2272/3311 2191/2271/3310 3633/3855/3609 3632/3854/3608
f 2191/2271/3310 2193/2273/3537 3634/3856/3679 3633/3855/3609
f 2193/2273/3537 2194/2274/3538 3635/3857/3680 3634/3856/3679
f 2194/2274/3538 2186/2266/3305 3636/3858/3606 3635/3857/3680
f 2186/2266/3305 2185/2265/3304 3637/3859/3607 3636/3858/3606
f 2185/2265/3304 2187/2267/3535 3638/3860/3677 3637/3859/3607
f 2187/2267/3535 2188/2268/3536 3639/3861/3678 3638/3860/3677
f 2188/2268/3536 2180/2260/3299 3640/3862/3604 3639/3861/3678
f 2180/2260/3299 2179/2259/3298 3641/3863/3605 3640/3862/3604
f 2179/2259/3298 2181/2261/3533 3642/3864/3675 3641/3863/3605
f 2181/2261/3533 2182/2262/3534 3643/3865/3676 3642/3864/3675
f 2182/2262/3534 2174/2254/3293 3644/3866/3602 3643/3865/3676
f 2174/2254/3293 2173/2253/3292 3645/3867/3603 3644/3866/3602
f 2173/2253/3292 2175/2255/3531 3646/3868/3673 3645/3867/3603
f 2175/2255/3531 2176/2256/3532 3647/3869/3674 3646/3868/3673
f 2176/2256/3532 2168/2248/3287 3648/3870/3600 3647/3869/3674
f 2168/2248/3287 2167/2247/3286 3649/3871/3601 3648/3870/3600
f 2167/2247/3286 2169/2249/3529 3650/3872/3671 3649/3871/3601
f 2169/2249/3529 2170/2250/3530 3651/3873/3672 3650/3872/3671
f 2170/2250/3530 2163/2243/3281 3652/3874/3598 3651/3873/3672
f 2163/2243/3281 2162/2242/3280 3653/3875/3599 3652/3874/3598
f 2162/2242/3280 2164/2244/3528 3654/3876/3670 3653/3875/3599
f 2164/2244/3528 1206/1286/3527 3655/3877/3669 3654/3876/3670
f 1206/1286/3527 1593/1673/3275 3656/3878/3596 3655/3877/3669
f 1593/1673/3275 1179/1259/3278 3657/3879/3597 3656/3878/3596
f 1179/1259/3278 2101/2181/3526 3658/3880/3668 3657/3879/3597
f 2101/2181/3526 1177/1257/3525 3659/3881/3667 3658/3880/3668
f 1177/1257/3525 1547/1627/3184 3660/3882/3592 3659/3881/3667
f 1547/1627/3184 1150/1230/3187 3661/3883/3593 3660/3882/3592
f 1150/1230/3187 2037/2117/3524 3662/3884/3666 3661/3883/3593
f 2037/2117/3524 1148/1228/3523 3663/3885/3665 3662/3884/3666
f 1148/1228/3523 1501/1581/3093 3664/3886/3588 3663/3885/3665
f 1501/1581/3093 1121/1201/3096 3665/3887/3589 3664/3886/3588
f 1121/1201/3096 1973/2053/3522 3666/3888/3664 3665/3887/3589
f 1973/2053/3522 1119/1199/3521 3667/3889/3663 3666/3888/3664
f 1119/1199/3521 1455/1535/3002 3668/3890/3584 3667/3889/3663
f 1455/1535/3002 1092/1172/3005 3669/3891/3585 3668/3890/3584
f 1092/1172/3005 1909/1989/3520 3670/3892/3662 3669/3891/3585
f 1909/1989/3520 1090/1170/3519 3671/3893/3661 3670/3892/3662
f 1090/1170/3519 1409/1489/2911 3672/3894/3580 3671/3893/3661
f 1409/1489/2911 1063/1143/2914 3673/3895/3581 3672/3894/3580
f 1063/1143/2914 1845/1925/3518 3674/3896/3660 3673/3895/3581
f 1845/1925/3518 1061/1141/3517 3675/3897/3659 3674/3896/3660
f 1061/1141/3517 1363/1443/2820 3676/3898/3576 3675/3897/3659
f 1363/1443/2820 1034/1114/2823 3677/3899/3577 3676/3898/3576
f 1034/1114/2823 1781/1861/3516 3678/3900/3658 3677/3899/3577
f 1781/1861/3516 1032/1112/3515 3679/3901/3657 3678/3900/3658
f 1032/1112/3515 1317/1397/2729 3680/3902/3572 3679/3901/3657
f 1317/1397/2729 1005/1085/2732 3681/3903/3573 3680/3902/3572
f 1005/1085/2732 1717/1797/3514 3682/3904/3656 3681/3903/3573
f 1717/1797/3514 1003/1083/3513 3683/3905/3655 3682/3904/3656
f 1003/1083/3513 1271/1351/2638 3684/3906/3568 3683/3905/3655
f 1271/1351/2638 967/1047/2641 3685/3907/3569 3684/3906/3568
f 967/1047/2641 1645/1725/3512 3686/3908/3654 3685/3907/3569
f 1645/1725/3512 964/1044/3511 3687/3909/3653 3686/3908/3654
f 964/1044/3511 1225/1305/2539 3688/3910/3547 3687/3909/3653
f 1225/1305/2539 965/1045/2542 3547/3769/3548 3688/3910/3547
